MMSI,BaseDateTime,LAT,LON,SOG,COG,Heading,VesselName,IMO,CallSign,VesselType,Status,Length,Width,Draft,Cargo,TransceiverClass
367776660,2024-12-25T00:00:01,21.30143,-158.13743,6.0,18.6,23.0,MOUNT BAKER,IMO9822906,WDJ6673,52.0,0.0,40.0,12.0,5.5,52.0,A
367776660,2024-12-25T00:01:04,21.30309,-158.13669,6.2,21.2,14.0,MOUNT BAKER,IMO9822906,WDJ6673,52.0,0.0,40.0,12.0,5.5,52.0,A
367776660,2024-12-25T00:02:07,21.30476,-158.13605,6.2,22.2,18.0,MOUNT BAKER,IMO9822906,WDJ6673,52.0,0.0,40.0,12.0,5.5,52.0,A
367776660,2024-12-25T00:03:08,21.30641,-158.13533,6.2,22.1,21.0,MOUNT BAKER,IMO9822906,WDJ6673,52.0,0.0,40.0,12.0,5.5,52.0,A
367776660,2024-12-25T00:04:10,21.30806,-158.13456,6.3,23.7,21.0,MOUNT BAKER,IMO9822906,WDJ6673,52.0,0.0,40.0,12.0,5.5,52.0,A
367776660,2024-12-25T00:05:13,21.30984,-158.13359,6.7,27.8,28.0,MOUNT BAKER,IMO9822906,WDJ6673,52.0,0.0,40.0,12.0,5.5,52.0,A
367776660,2024-12-25T00:06:16,21.31144,-158.13246,6.6,36.4,38.0,MOUNT BAKER,IMO9822906,WDJ6673,52.0,0.0,40.0,12.0,5.5,52.0,A
367776660,2024-12-25T00:08:20,21.3144,-158.1299,6.6,40.2,38.0,MOUNT BAKER,IMO9822906,WDJ6673,52.0,0.0,40.0,12.0,5.5,52.0,A
367776660,2024-12-25T00:09:24,21.31586,-158.12852,6.2,44.3,42.0,MOUNT BAKER,IMO9822906,WDJ6673,52.0,0.0,40.0,12.0,5.5,52.0,A
367776660,2024-12-25T00:11:32,21.31845,-158.12609,6.0,43.0,42.0,MOUNT BAKER,IMO9822906,WDJ6673,52.0,0.0,40.0,12.0,5.5,52.0,A
367776660,2024-12-25T00:12:33,21.31966,-158.12482,5.6,42.7,41.0,MOUNT BAKER,IMO9822906,WDJ6673,52.0,0.0,40.0,12.0,5.5,52.0,A
367776660,2024-12-25T00:07:19,21.31298,-158.13119,6.6,37.6,37.0,MOUNT BAKER,IMO9822906,WDJ6673,52.0,0.0,40.0,12.0,5.5,52.0,A
367776660,2024-12-25T00:14:43,21.32193,-158.12244,4.3,45.3,45.0,MOUNT BAKER,IMO9822906,WDJ6673,52.0,0.0,40.0,12.0,5.5,52.0,A
367776660,2024-12-25T00:15:52,21.32299,-158.12125,5.1,46.2,43.0,MOUNT BAKER,IMO9822906,WDJ6673,52.0,0.0,40.0,12.0,5.5,52.0,A
367776660,2024-12-25T00:16:57,21.32396,-158.12015,4.5,54.7,58.0,MOUNT BAKER,IMO9822906,WDJ6673,52.0,0.0,40.0,12.0,5.5,52.0,A
367776660,2024-12-25T00:10:27,21.31711,-158.12732,5.9,40.6,38.0,MOUNT BAKER,IMO9822906,WDJ6673,52.0,0.0,40.0,12.0,5.5,52.0,A
367776660,2024-12-25T00:19:03,21.32428,-158.11778,3.5,105.3,108.0,MOUNT BAKER,IMO9822906,WDJ6673,52.0,0.0,40.0,12.0,5.5,52.0,A
367776660,2024-12-25T00:21:09,21.32383,-158.11617,3.3,130.6,307.0,MOUNT BAKER,IMO9822906,WDJ6673,52.0,0.0,40.0,12.0,5.5,52.0,A
367776660,2024-12-25T00:22:10,21.32345,-158.11561,1.7,119.7,276.0,MOUNT BAKER,IMO9822906,WDJ6673,52.0,0.0,40.0,12.0,5.5,52.0,A
367776660,2024-12-25T00:13:37,21.32087,-158.1236,5.7,43.8,43.0,MOUNT BAKER,IMO9822906,WDJ6673,52.0,0.0,40.0,12.0,5.5,52.0,A
367776660,2024-12-25T00:24:20,21.32288,-158.1153,1.7,161.9,201.0,MOUNT BAKER,IMO9822906,WDJ6673,52.0,0.0,40.0,12.0,5.5,52.0,A
367776660,2024-12-25T00:26:30,21.32247,-158.11499,1.1,158.6,220.0,MOUNT BAKER,IMO9822906,WDJ6673,52.0,0.0,40.0,12.0,5.5,52.0,A
367776660,2024-12-25T00:20:06,21.32397,-158.11676,3.1,81.3,41.0,MOUNT BAKER,IMO9822906,WDJ6673,52.0,0.0,40.0,12.0,5.5,52.0,A
367776660,2024-12-25T00:27:32,21.32223,-158.11492,0.6,155.8,223.0,MOUNT BAKER,IMO9822906,WDJ6673,52.0,0.0,40.0,12.0,5.5,52.0,A
367776660,2024-12-25T00:25:24,21.32269,-158.11515,0.7,160.1,223.0,MOUNT BAKER,IMO9822906,WDJ6673,52.0,0.0,40.0,12.0,5.5,52.0,A
367776660,2024-12-25T00:28:43,21.32217,-158.11483,0.1,133.6,224.0,MOUNT BAKER,IMO9822906,WDJ6673,52.0,0.0,40.0,12.0,5.5,52.0,A
367776660,2024-12-25T00:29:53,21.32211,-158.1149,0.0,117.1,225.0,MOUNT BAKER,IMO9822906,WDJ6673,52.0,0.0,40.0,12.0,5.5,52.0,A
367776660,2024-12-25T00:31:02,21.3221,-158.11492,0.0,117.1,226.0,MOUNT BAKER,IMO9822906,WDJ6673,52.0,0.0,40.0,12.0,5.5,52.0,A
367776660,2024-12-25T00:34:33,21.32213,-158.11489,0.0,117.1,225.0,MOUNT BAKER,IMO9822906,WDJ6673,52.0,0.0,40.0,12.0,5.5,52.0,A
367776660,2024-12-25T00:36:53,21.32212,-158.11489,0.0,117.1,227.0,MOUNT BAKER,IMO9822906,WDJ6673,52.0,0.0,40.0,12.0,5.5,52.0,A
367776660,2024-12-25T00:38:02,21.32215,-158.11486,0.0,117.1,227.0,MOUNT BAKER,IMO9822906,WDJ6673,52.0,0.0,40.0,12.0,5.5,52.0,A
367776660,2024-12-25T00:42:12,21.32208,-158.11497,0.0,117.1,220.0,MOUNT BAKER,IMO9822906,WDJ6673,52.0,0.0,40.0,12.0,5.5,52.0,A
367776660,2024-12-25T00:32:14,21.32208,-158.1149,0.0,117.1,226.0,MOUNT BAKER,IMO9822906,WDJ6673,52.0,0.0,40.0,12.0,5.5,52.0,A
367776660,2024-12-25T00:45:25,21.32317,-158.11725,3.5,281.9,282.0,MOUNT BAKER,IMO9822906,WDJ6673,52.0,0.0,40.0,12.0,5.5,52.0,A
367776660,2024-12-25T00:44:22,21.32302,-158.11597,4.7,278.5,276.0,MOUNT BAKER,IMO9822906,WDJ6673,52.0,0.0,40.0,12.0,5.5,52.0,A
367776660,2024-12-25T00:33:23,21.32209,-158.11492,0.0,117.1,226.0,MOUNT BAKER,IMO9822906,WDJ6673,52.0,0.0,40.0,12.0,5.5,52.0,A
367776660,2024-12-25T00:46:26,21.32337,-158.11765,0.8,263.6,317.0,MOUNT BAKER,IMO9822906,WDJ6673,52.0,0.0,40.0,12.0,5.5,52.0,A
367776660,2024-12-25T00:43:16,21.32246,-158.11483,1.5,38.6,286.0,MOUNT BAKER,IMO9822906,WDJ6673,52.0,0.0,40.0,12.0,5.5,52.0,A
367776660,2024-12-25T00:48:33,21.32327,-158.11773,0.1,253.3,314.0,MOUNT BAKER,IMO9822906,WDJ6673,52.0,0.0,40.0,12.0,5.5,52.0,A
367776660,2024-12-25T00:57:53,21.32338,-158.11703,0.1,253.3,256.0,MOUNT BAKER,IMO9822906,WDJ6673,52.0,0.0,40.0,12.0,5.5,52.0,A
367776660,2024-12-25T00:58:57,21.32313,-158.11671,0.2,253.3,166.0,MOUNT BAKER,IMO9822906,WDJ6673,52.0,0.0,40.0,12.0,5.5,52.0,A
367776660,2024-12-25T00:55:46,21.32342,-158.11762,0.0,253.3,307.0,MOUNT BAKER,IMO9822906,WDJ6673,52.0,0.0,40.0,12.0,5.5,52.0,A
367776660,2024-12-25T01:02:37,21.32171,-158.11592,0.6,146.1,198.0,MOUNT BAKER,IMO9822906,WDJ6673,52.0,0.0,40.0,12.0,5.5,52.0,A
367776660,2024-12-25T01:01:06,21.32212,-158.11607,1.8,152.0,169.0,MOUNT BAKER,IMO9822906,WDJ6673,52.0,0.0,40.0,12.0,5.5,52.0,A
367776660,2024-12-25T01:00:04,21.3226,-158.11636,2.0,150.9,162.0,MOUNT BAKER,IMO9822906,WDJ6673,52.0,0.0,40.0,12.0,5.5,52.0,A
367776660,2024-12-25T01:07:13,21.32144,-158.11554,0.0,75.7,225.0,MOUNT BAKER,IMO9822906,WDJ6673,52.0,0.0,40.0,12.0,5.5,52.0,A
367776660,2024-12-25T01:09:33,21.32145,-158.11555,0.0,75.7,223.0,MOUNT BAKER,IMO9822906,WDJ6673,52.0,0.0,40.0,12.0,5.5,52.0,A
367776660,2024-12-25T00:54:42,21.32327,-158.11773,0.0,253.3,313.0,MOUNT BAKER,IMO9822906,WDJ6673,52.0,0.0,40.0,12.0,5.5,52.0,A
367776660,2024-12-25T01:15:13,21.32201,-158.1149,0.0,67.9,224.0,MOUNT BAKER,IMO9822906,WDJ6673,52.0,0.0,40.0,12.0,5.5,52.0,A
367776660,2024-12-25T01:17:23,21.32208,-158.11489,0.6,20.5,226.0,MOUNT BAKER,IMO9822906,WDJ6673,52.0,0.0,40.0,12.0,5.5,52.0,A
367776660,2024-12-25T01:14:04,21.32208,-158.1149,0.0,67.9,223.0,MOUNT BAKER,IMO9822906,WDJ6673,52.0,0.0,40.0,12.0,5.5,52.0,A
367776660,2024-12-25T01:11:44,21.32206,-158.11497,1.3,59.8,224.0,MOUNT BAKER,IMO9822906,WDJ6673,52.0,0.0,40.0,12.0,5.5,52.0,A
367776660,2024-12-25T01:21:36,21.32311,-158.11698,1.7,296.7,298.0,MOUNT BAKER,IMO9822906,WDJ6673,52.0,0.0,40.0,12.0,5.5,52.0,A
367776660,2024-12-25T01:23:42,21.32337,-158.11763,0.7,284.4,311.0,MOUNT BAKER,IMO9822906,WDJ6673,52.0,0.0,40.0,12.0,5.5,52.0,A
367776660,2024-12-25T01:20:32,21.32276,-158.11649,2.2,302.6,289.0,MOUNT BAKER,IMO9822906,WDJ6673,52.0,0.0,40.0,12.0,5.5,52.0,A
367776660,2024-12-25T01:27:03,21.32331,-158.11779,0.1,262.0,315.0,MOUNT BAKER,IMO9822906,WDJ6673,52.0,0.0,40.0,12.0,5.5,52.0,A
367776660,2024-12-25T01:29:23,21.3233,-158.11773,0.0,262.0,315.0,MOUNT BAKER,IMO9822906,WDJ6673,52.0,0.0,40.0,12.0,5.5,52.0,A
367776660,2024-12-25T01:28:12,21.32334,-158.11777,0.0,262.0,316.0,MOUNT BAKER,IMO9822906,WDJ6673,52.0,0.0,40.0,12.0,5.5,52.0,A
367776660,2024-12-25T01:22:37,21.32321,-158.11742,1.2,283.3,308.0,MOUNT BAKER,IMO9822906,WDJ6673,52.0,0.0,40.0,12.0,5.5,52.0,A
367776660,2024-12-25T01:30:33,21.32327,-158.11777,0.0,262.0,315.0,MOUNT BAKER,IMO9822906,WDJ6673,52.0,0.0,40.0,12.0,5.5,52.0,A
367776660,2024-12-25T01:25:53,21.32327,-158.11771,0.1,262.0,316.0,MOUNT BAKER,IMO9822906,WDJ6673,52.0,0.0,40.0,12.0,5.5,52.0,A
367776660,2024-12-25T01:33:54,21.32326,-158.11767,0.0,262.0,315.0,MOUNT BAKER,IMO9822906,WDJ6673,52.0,0.0,40.0,12.0,5.5,52.0,A
367776660,2024-12-25T01:31:43,21.32328,-158.11771,0.0,262.0,315.0,MOUNT BAKER,IMO9822906,WDJ6673,52.0,0.0,40.0,12.0,5.5,52.0,A
367776660,2024-12-25T01:40:43,21.32325,-158.11771,0.0,262.0,318.0,MOUNT BAKER,IMO9822906,WDJ6673,52.0,0.0,40.0,12.0,5.5,52.0,A
367776660,2024-12-25T01:42:50,21.32252,-158.11647,4.2,125.9,331.0,MOUNT BAKER,IMO9822906,WDJ6673,52.0,0.0,40.0,12.0,5.5,52.0,A
367776660,2024-12-25T01:06:04,21.32148,-158.11557,0.0,75.7,225.0,MOUNT BAKER,IMO9822906,WDJ6673,52.0,0.0,40.0,12.0,5.5,52.0,A
367776660,2024-12-25T01:37:23,21.32327,-158.11772,0.0,262.0,315.0,MOUNT BAKER,IMO9822906,WDJ6673,52.0,0.0,40.0,12.0,5.5,52.0,A
367776660,2024-12-25T01:10:41,21.32179,-158.11539,2.1,39.3,235.0,MOUNT BAKER,IMO9822906,WDJ6673,52.0,0.0,40.0,12.0,5.5,52.0,A
367776660,2024-12-25T01:47:13,21.32139,-158.11562,0.1,156.0,225.0,MOUNT BAKER,IMO9822906,WDJ6673,52.0,0.0,40.0,12.0,5.5,52.0,A
367776660,2024-12-25T01:41:49,21.32324,-158.11751,1.9,138.8,313.0,MOUNT BAKER,IMO9822906,WDJ6673,52.0,0.0,40.0,12.0,5.5,52.0,A
367776660,2024-12-25T01:49:25,21.32145,-158.11561,0.0,156.0,235.0,MOUNT BAKER,IMO9822906,WDJ6673,52.0,0.0,40.0,12.0,5.5,52.0,A
367776660,2024-12-25T01:46:04,21.32144,-158.11561,0.1,156.0,221.0,MOUNT BAKER,IMO9822906,WDJ6673,52.0,0.0,40.0,12.0,5.5,52.0,A
367776660,2024-12-25T01:50:27,21.3215,-158.11559,0.1,156.0,238.0,MOUNT BAKER,IMO9822906,WDJ6673,52.0,0.0,40.0,12.0,5.5,52.0,A
367776660,2024-12-25T01:51:33,21.32148,-158.11558,0.0,180.1,226.0,MOUNT BAKER,IMO9822906,WDJ6673,52.0,0.0,40.0,12.0,5.5,52.0,A
367776660,2024-12-25T01:53:53,21.32143,-158.11559,0.0,180.1,224.0,MOUNT BAKER,IMO9822906,WDJ6673,52.0,0.0,40.0,12.0,5.5,52.0,A
367776660,2024-12-25T01:54:57,21.32144,-158.1156,0.0,180.1,232.0,MOUNT BAKER,IMO9822906,WDJ6673,52.0,0.0,40.0,12.0,5.5,52.0,A
367776660,2024-12-25T01:55:59,21.32155,-158.11561,0.0,180.1,265.0,MOUNT BAKER,IMO9822906,WDJ6673,52.0,0.0,40.0,12.0,5.5,52.0,A
367776660,2024-12-25T01:57:03,21.3217,-158.11569,0.1,180.1,311.0,MOUNT BAKER,IMO9822906,WDJ6673,52.0,0.0,40.0,12.0,5.5,52.0,A
367776660,2024-12-25T01:18:26,21.32233,-158.11499,0.7,318.6,235.0,MOUNT BAKER,IMO9822906,WDJ6673,52.0,0.0,40.0,12.0,5.5,52.0,A
367776660,2024-12-25T01:58:07,21.32213,-158.1157,0.1,180.1,323.0,MOUNT BAKER,IMO9822906,WDJ6673,52.0,0.0,40.0,12.0,5.5,52.0,A
367776660,2024-12-25T01:59:11,21.32264,-158.11593,0.1,180.1,343.0,MOUNT BAKER,IMO9822906,WDJ6673,52.0,0.0,40.0,12.0,5.5,52.0,A
367776660,2024-12-25T01:32:53,21.32327,-158.11765,0.0,262.0,316.0,MOUNT BAKER,IMO9822906,WDJ6673,52.0,0.0,40.0,12.0,5.5,52.0,A
367776660,2024-12-25T01:35:03,21.32326,-158.11773,0.1,262.0,315.0,MOUNT BAKER,IMO9822906,WDJ6673,52.0,0.0,40.0,12.0,5.5,52.0,A
367776660,2024-12-25T01:36:13,21.32325,-158.11774,0.0,262.0,315.0,MOUNT BAKER,IMO9822906,WDJ6673,52.0,0.0,40.0,12.0,5.5,52.0,A
367776660,2024-12-25T01:38:33,21.3233,-158.11771,0.0,262.0,314.0,MOUNT BAKER,IMO9822906,WDJ6673,52.0,0.0,40.0,12.0,5.5,52.0,A
367776660,2024-12-25T01:39:42,21.32327,-158.11771,0.0,262.0,315.0,MOUNT BAKER,IMO9822906,WDJ6673,52.0,0.0,40.0,12.0,5.5,52.0,A
367776660,2024-12-25T01:52:44,21.32145,-158.11559,0.0,180.1,224.0,MOUNT BAKER,IMO9822906,WDJ6673,52.0,0.0,40.0,12.0,5.5,52.0,A
367776660,2024-12-25T02:00:03,21.32319,-158.11609,0.2,180.1,334.0,MOUNT BAKER,IMO9822906,WDJ6673,52.0,0.0,40.0,12.0,5.5,52.0,A
367776660,2024-12-25T02:03:13,21.32463,-158.11928,4.2,244.6,236.0,MOUNT BAKER,IMO9822906,WDJ6673,52.0,0.0,40.0,12.0,5.5,52.0,A
367776660,2024-12-25T02:05:24,21.32252,-158.12179,6.3,224.6,225.0,MOUNT BAKER,IMO9822906,WDJ6673,52.0,0.0,40.0,12.0,5.5,52.0,A
367776660,2024-12-25T02:04:22,21.32368,-158.12049,5.0,226.3,225.0,MOUNT BAKER,IMO9822906,WDJ6673,52.0,0.0,40.0,12.0,5.5,52.0,A
367776660,2024-12-25T02:06:25,21.3212,-158.12315,6.7,222.5,222.0,MOUNT BAKER,IMO9822906,WDJ6673,52.0,0.0,40.0,12.0,5.5,52.0,A
367776660,2024-12-25T02:01:06,21.32427,-158.11674,4.4,316.3,308.0,MOUNT BAKER,IMO9822906,WDJ6673,52.0,0.0,40.0,12.0,5.5,52.0,A
367776660,2024-12-25T02:02:10,21.3249,-158.118,4.4,285.9,270.0,MOUNT BAKER,IMO9822906,WDJ6673,52.0,0.0,40.0,12.0,5.5,52.0,A
367776660,2024-12-25T02:08:33,21.31822,-158.12615,6.8,223.4,222.0,MOUNT BAKER,IMO9822906,WDJ6673,52.0,0.0,40.0,12.0,5.5,52.0,A
367776660,2024-12-25T02:07:30,21.3197,-158.1247,6.9,224.8,222.0,MOUNT BAKER,IMO9822906,WDJ6673,52.0,0.0,40.0,12.0,5.5,52.0,A
367776660,2024-12-25T02:11:43,21.31346,-158.12979,7.0,199.0,198.0,MOUNT BAKER,IMO9822906,WDJ6673,52.0,0.0,40.0,12.0,5.5,52.0,A
367776660,2024-12-25T02:13:52,21.30901,-158.13051,7.5,184.8,182.0,MOUNT BAKER,IMO9822906,WDJ6673,52.0,0.0,40.0,12.0,5.5,52.0,A
367776660,2024-12-25T02:12:47,21.31128,-158.13024,7.5,183.9,184.0,MOUNT BAKER,IMO9822906,WDJ6673,52.0,0.0,40.0,12.0,5.5,52.0,A
367776660,2024-12-25T02:18:20,21.30001,-158.13018,9.0,178.2,177.0,MOUNT BAKER,IMO9822906,WDJ6673,52.0,0.0,40.0,12.0,5.5,52.0,A
367776660,2024-12-25T02:09:34,21.31682,-158.12754,6.7,222.0,221.0,MOUNT BAKER,IMO9822906,WDJ6673,52.0,0.0,40.0,12.0,5.5,52.0,A
367776660,2024-12-25T02:19:33,21.29676,-158.12975,10.2,169.4,168.0,MOUNT BAKER,IMO9822906,WDJ6673,52.0,0.0,40.0,12.0,5.5,52.0,A
367776660,2024-12-25T02:10:36,21.31531,-158.12888,6.9,214.1,207.0,MOUNT BAKER,IMO9822906,WDJ6673,52.0,0.0,40.0,12.0,5.5,52.0,A
367776660,2024-12-25T02:23:44,21.28476,-158.12701,10.6,168.5,167.0,MOUNT BAKER,IMO9822906,WDJ6673,52.0,0.0,40.0,12.0,5.5,52.0,A
367776660,2024-12-25T02:21:40,21.29065,-158.12836,10.6,167.8,167.0,MOUNT BAKER,IMO9822906,WDJ6673,52.0,0.0,40.0,12.0,5.5,52.0,A
367776660,2024-12-25T02:15:00,21.30674,-158.13049,7.1,178.7,178.0,MOUNT BAKER,IMO9822906,WDJ6673,52.0,0.0,40.0,12.0,5.5,52.0,A
367776660,2024-12-25T02:27:03,21.27557,-158.12342,10.6,154.1,152.0,MOUNT BAKER,IMO9822906,WDJ6673,52.0,0.0,40.0,12.0,5.5,52.0,A
367776660,2024-12-25T02:24:49,21.28158,-158.12617,10.6,165.0,163.0,MOUNT BAKER,IMO9822906,WDJ6673,52.0,0.0,40.0,12.0,5.5,52.0,A
367776660,2024-12-25T02:30:25,21.26745,-158.11739,10.5,136.6,133.0,MOUNT BAKER,IMO9822906,WDJ6673,52.0,0.0,40.0,12.0,5.5,52.0,A
367776660,2024-12-25T02:32:41,21.26314,-158.11183,10.6,126.5,125.0,MOUNT BAKER,IMO9822906,WDJ6673,52.0,0.0,40.0,12.0,5.5,52.0,A
367776660,2024-12-25T02:28:13,21.2726,-158.12151,10.6,147.3,146.0,MOUNT BAKER,IMO9822906,WDJ6673,52.0,0.0,40.0,12.0,5.5,52.0,A
367776660,2024-12-25T02:31:28,21.2653,-158.11492,10.6,128.4,125.0,MOUNT BAKER,IMO9822906,WDJ6673,52.0,0.0,40.0,12.0,5.5,52.0,A
367776660,2024-12-25T02:40:02,21.25143,-158.09262,10.5,108.3,106.0,MOUNT BAKER,IMO9822906,WDJ6673,52.0,0.0,40.0,12.0,5.5,52.0,A
367776660,2024-12-25T02:35:53,21.25745,-158.10381,10.6,126.0,124.0,MOUNT BAKER,IMO9822906,WDJ6673,52.0,0.0,40.0,12.0,5.5,52.0,A
367776660,2024-12-25T02:36:54,21.25567,-158.10131,10.6,127.8,126.0,MOUNT BAKER,IMO9822906,WDJ6673,52.0,0.0,40.0,12.0,5.5,52.0,A
367776660,2024-12-25T02:39:00,21.25245,-158.09568,10.6,111.9,109.0,MOUNT BAKER,IMO9822906,WDJ6673,52.0,0.0,40.0,12.0,5.5,52.0,A
367776660,2024-12-25T02:34:46,21.25944,-158.10668,10.5,127.7,125.0,MOUNT BAKER,IMO9822906,WDJ6673,52.0,0.0,40.0,12.0,5.5,52.0,A
367776660,2024-12-25T02:41:08,21.25048,-158.08927,10.6,106.9,104.0,MOUNT BAKER,IMO9822906,WDJ6673,52.0,0.0,40.0,12.0,5.5,52.0,A
367776660,2024-12-25T02:47:53,21.24474,-158.06902,10.6,107.0,105.0,MOUNT BAKER,IMO9822906,WDJ6673,52.0,0.0,40.0,12.0,5.5,52.0,A
367776660,2024-12-25T02:37:55,21.2539,-158.09867,10.7,123.1,121.0,MOUNT BAKER,IMO9822906,WDJ6673,52.0,0.0,40.0,12.0,5.5,52.0,A
367776660,2024-12-25T02:43:42,21.24833,-158.08152,10.5,106.2,104.0,MOUNT BAKER,IMO9822906,WDJ6673,52.0,0.0,40.0,12.0,5.5,52.0,A
367776660,2024-12-25T02:45:48,21.24656,-158.07527,10.6,107.3,106.0,MOUNT BAKER,IMO9822906,WDJ6673,52.0,0.0,40.0,12.0,5.5,52.0,A
367776660,2024-12-25T02:50:13,21.24288,-158.06194,10.5,102.3,100.0,MOUNT BAKER,IMO9822906,WDJ6673,52.0,0.0,40.0,12.0,5.5,52.0,A
367776660,2024-12-25T02:42:33,21.24931,-158.08504,10.6,106.4,105.0,MOUNT BAKER,IMO9822906,WDJ6673,52.0,0.0,40.0,12.0,5.5,52.0,A
367776660,2024-12-25T02:52:23,21.24166,-158.05528,10.6,100.6,94.0,MOUNT BAKER,IMO9822906,WDJ6673,52.0,0.0,40.0,12.0,5.5,52.0,A
367776660,2024-12-25T02:55:44,21.24115,-158.04476,10.5,94.2,92.0,MOUNT BAKER,IMO9822906,WDJ6673,52.0,0.0,40.0,12.0,5.5,52.0,A
367776660,2024-12-25T02:46:49,21.24564,-158.0722,10.5,107.2,106.0,MOUNT BAKER,IMO9822906,WDJ6673,52.0,0.0,40.0,12.0,5.5,52.0,A
367776660,2024-12-25T02:59:22,21.24005,-158.0335,10.5,95.7,93.0,MOUNT BAKER,IMO9822906,WDJ6673,52.0,0.0,40.0,12.0,5.5,52.0,A
367776660,2024-12-25T02:49:03,21.24374,-158.06556,10.6,106.7,106.0,MOUNT BAKER,IMO9822906,WDJ6673,52.0,0.0,40.0,12.0,5.5,52.0,A
367776660,2024-12-25T02:53:34,21.24142,-158.05158,10.5,92.7,89.0,MOUNT BAKER,IMO9822906,WDJ6673,52.0,0.0,40.0,12.0,5.5,52.0,A
367776660,2024-12-25T02:56:52,21.24086,-158.04125,10.4,95.9,94.0,MOUNT BAKER,IMO9822906,WDJ6673,52.0,0.0,40.0,12.0,5.5,52.0,A
367776660,2024-12-25T02:58:03,21.2405,-158.03758,10.4,95.7,94.0,MOUNT BAKER,IMO9822906,WDJ6673,52.0,0.0,40.0,12.0,5.5,52.0,A
367776660,2024-12-25T02:16:12,21.30439,-158.13041,6.8,177.5,178.0,MOUNT BAKER,IMO9822906,WDJ6673,52.0,0.0,40.0,12.0,5.5,52.0,A
367776660,2024-12-25T02:17:14,21.30251,-158.1303,6.6,178.6,177.0,MOUNT BAKER,IMO9822906,WDJ6673,52.0,0.0,40.0,12.0,5.5,52.0,A
367776660,2024-12-25T02:20:36,21.29376,-158.1291,10.4,168.2,167.0,MOUNT BAKER,IMO9822906,WDJ6673,52.0,0.0,40.0,12.0,5.5,52.0,A
367776660,2024-12-25T02:22:42,21.28768,-158.12765,10.6,167.7,167.0,MOUNT BAKER,IMO9822906,WDJ6673,52.0,0.0,40.0,12.0,5.5,52.0,A
367776660,2024-12-25T00:17:59,21.32443,-158.11888,3.7,79.0,88.0,MOUNT BAKER,IMO9822906,WDJ6673,52.0,0.0,40.0,12.0,5.5,52.0,A
367776660,2024-12-25T02:44:43,21.2475,-158.07846,10.6,107.2,105.0,MOUNT BAKER,IMO9822906,WDJ6673,52.0,0.0,40.0,12.0,5.5,52.0,A
367776660,2024-12-25T02:51:20,21.24223,-158.05848,10.5,101.2,99.0,MOUNT BAKER,IMO9822906,WDJ6673,52.0,0.0,40.0,12.0,5.5,52.0,A
367776660,2024-12-25T00:23:12,21.32327,-158.11551,0.7,173.4,205.0,MOUNT BAKER,IMO9822906,WDJ6673,52.0,0.0,40.0,12.0,5.5,52.0,A
367776660,2024-12-25T03:01:05,21.23964,-158.02816,10.5,95.9,95.0,MOUNT BAKER,IMO9822906,WDJ6673,52.0,0.0,40.0,12.0,5.5,52.0,A
367776660,2024-12-25T03:02:13,21.23927,-158.02465,10.5,95.8,92.0,MOUNT BAKER,IMO9822906,WDJ6673,52.0,0.0,40.0,12.0,5.5,52.0,A
367776660,2024-12-25T03:04:22,21.23936,-158.01795,10.6,87.1,84.0,MOUNT BAKER,IMO9822906,WDJ6673,52.0,0.0,40.0,12.0,5.5,52.0,A
367776660,2024-12-25T03:00:04,21.23989,-158.03137,10.5,94.9,93.0,MOUNT BAKER,IMO9822906,WDJ6673,52.0,0.0,40.0,12.0,5.5,52.0,A
367776660,2024-12-25T03:06:24,21.24006,-158.01163,10.5,80.6,78.0,MOUNT BAKER,IMO9822906,WDJ6673,52.0,0.0,40.0,12.0,5.5,52.0,A
367776660,2024-12-25T03:12:00,21.24257,-157.99442,10.5,81.3,78.0,MOUNT BAKER,IMO9822906,WDJ6673,52.0,0.0,40.0,12.0,5.5,52.0,A
367776660,2024-12-25T03:13:13,21.24311,-157.99069,10.4,80.9,79.0,MOUNT BAKER,IMO9822906,WDJ6673,52.0,0.0,40.0,12.0,5.5,52.0,A
367776660,2024-12-25T03:03:14,21.23921,-158.02156,10.5,88.6,86.0,MOUNT BAKER,IMO9822906,WDJ6673,52.0,0.0,40.0,12.0,5.5,52.0,A
367776660,2024-12-25T03:07:34,21.24059,-158.00807,10.4,80.8,78.0,MOUNT BAKER,IMO9822906,WDJ6673,52.0,0.0,40.0,12.0,5.5,52.0,A
367776660,2024-12-25T03:16:39,21.24492,-157.98032,10.5,76.4,73.0,MOUNT BAKER,IMO9822906,WDJ6673,52.0,0.0,40.0,12.0,5.5,52.0,A
367776660,2024-12-25T03:14:23,21.24363,-157.98716,10.4,81.2,79.0,MOUNT BAKER,IMO9822906,WDJ6673,52.0,0.0,40.0,12.0,5.5,52.0,A
367776660,2024-12-25T03:08:43,21.24113,-158.00447,10.4,81.6,79.0,MOUNT BAKER,IMO9822906,WDJ6673,52.0,0.0,40.0,12.0,5.5,52.0,A
367776660,2024-12-25T03:17:49,21.24573,-157.97682,10.2,76.5,75.0,MOUNT BAKER,IMO9822906,WDJ6673,52.0,0.0,40.0,12.0,5.5,52.0,A
367776660,2024-12-25T03:20:02,21.24742,-157.97017,10.4,71.8,69.0,MOUNT BAKER,IMO9822906,WDJ6673,52.0,0.0,40.0,12.0,5.5,52.0,A
367776660,2024-12-25T03:18:53,21.24642,-157.97366,10.3,76.4,74.0,MOUNT BAKER,IMO9822906,WDJ6673,52.0,0.0,40.0,12.0,5.5,52.0,A
367776660,2024-12-25T03:09:47,21.24158,-158.00119,10.4,81.0,79.0,MOUNT BAKER,IMO9822906,WDJ6673,52.0,0.0,40.0,12.0,5.5,52.0,A
367776660,2024-12-25T03:22:13,21.24944,-157.96374,10.5,71.0,67.0,MOUNT BAKER,IMO9822906,WDJ6673,52.0,0.0,40.0,12.0,5.5,52.0,A
367776660,2024-12-25T03:23:22,21.25051,-157.96041,10.4,71.5,68.0,MOUNT BAKER,IMO9822906,WDJ6673,52.0,0.0,40.0,12.0,5.5,52.0,A
367776660,2024-12-25T03:27:30,21.25493,-157.94844,10.5,66.3,63.0,MOUNT BAKER,IMO9822906,WDJ6673,52.0,0.0,40.0,12.0,5.5,52.0,A
367776660,2024-12-25T03:21:11,21.24844,-157.96682,10.4,71.9,69.0,MOUNT BAKER,IMO9822906,WDJ6673,52.0,0.0,40.0,12.0,5.5,52.0,A
367776660,2024-12-25T03:26:29,21.25377,-157.95136,10.5,67.2,64.0,MOUNT BAKER,IMO9822906,WDJ6673,52.0,0.0,40.0,12.0,5.5,52.0,A
367776660,2024-12-25T03:28:31,21.25608,-157.94555,10.4,67.7,64.0,MOUNT BAKER,IMO9822906,WDJ6673,52.0,0.0,40.0,12.0,5.5,52.0,A
367776660,2024-12-25T03:29:43,21.25744,-157.94211,10.4,67.0,65.0,MOUNT BAKER,IMO9822906,WDJ6673,52.0,0.0,40.0,12.0,5.5,52.0,A
367776660,2024-12-25T03:32:55,21.26104,-157.93293,10.4,67.0,65.0,MOUNT BAKER,IMO9822906,WDJ6673,52.0,0.0,40.0,12.0,5.5,52.0,A
367776660,2024-12-25T03:34:59,21.26342,-157.927,10.6,66.8,64.0,MOUNT BAKER,IMO9822906,WDJ6673,52.0,0.0,40.0,12.0,5.5,52.0,A
367776660,2024-12-25T03:30:51,21.25871,-157.93883,10.5,67.2,65.0,MOUNT BAKER,IMO9822906,WDJ6673,52.0,0.0,40.0,12.0,5.5,52.0,A
367776660,2024-12-25T03:24:23,21.25145,-157.95743,10.4,70.2,65.0,MOUNT BAKER,IMO9822906,WDJ6673,52.0,0.0,40.0,12.0,5.5,52.0,A
367776660,2024-12-25T03:36:03,21.26469,-157.92393,10.6,65.8,65.0,MOUNT BAKER,IMO9822906,WDJ6673,52.0,0.0,40.0,12.0,5.5,52.0,A
367776660,2024-12-25T03:31:53,21.25991,-157.93588,10.4,66.7,64.0,MOUNT BAKER,IMO9822906,WDJ6673,52.0,0.0,40.0,12.0,5.5,52.0,A
367776660,2024-12-25T03:33:58,21.26224,-157.92992,10.6,67.5,65.0,MOUNT BAKER,IMO9822906,WDJ6673,52.0,0.0,40.0,12.0,5.5,52.0,A
367776660,2024-12-25T03:50:24,21.27981,-157.88996,6.7,66.3,63.0,MOUNT BAKER,IMO9822906,WDJ6673,52.0,0.0,40.0,12.0,5.5,52.0,A
367776660,2024-12-25T03:51:33,21.28075,-157.88788,6.6,64.4,63.0,MOUNT BAKER,IMO9822906,WDJ6673,52.0,0.0,40.0,12.0,5.5,52.0,A
367776660,2024-12-25T03:53:36,21.28244,-157.88417,7.0,63.2,64.0,MOUNT BAKER,IMO9822906,WDJ6673,52.0,0.0,40.0,12.0,5.5,52.0,A
367776660,2024-12-25T03:05:23,21.23958,-158.01477,10.5,83.2,79.0,MOUNT BAKER,IMO9822906,WDJ6673,52.0,0.0,40.0,12.0,5.5,52.0,A
367776660,2024-12-25T03:15:27,21.24417,-157.98392,10.4,78.6,75.0,MOUNT BAKER,IMO9822906,WDJ6673,52.0,0.0,40.0,12.0,5.5,52.0,A
367776660,2024-12-25T03:56:43,21.28555,-157.87873,6.9,54.8,54.0,MOUNT BAKER,IMO9822906,WDJ6673,52.0,0.0,40.0,12.0,5.5,52.0,A
367776660,2024-12-25T03:59:50,21.28966,-157.87472,6.1,37.1,37.0,MOUNT BAKER,IMO9822906,WDJ6673,52.0,0.0,40.0,12.0,5.5,52.0,A
367776660,2024-12-25T03:58:49,21.28831,-157.8758,6.2,39.9,37.0,MOUNT BAKER,IMO9822906,WDJ6673,52.0,0.0,40.0,12.0,5.5,52.0,A
367776660,2024-12-25T04:01:03,21.29139,-157.8735,6.2,32.4,33.0,MOUNT BAKER,IMO9822906,WDJ6673,52.0,0.0,40.0,12.0,5.5,52.0,A
367776660,2024-12-25T03:57:47,21.28685,-157.87713,6.8,41.0,40.0,MOUNT BAKER,IMO9822906,WDJ6673,52.0,0.0,40.0,12.0,5.5,52.0,A
367776660,2024-12-25T04:03:12,21.29479,-157.87149,6.4,29.4,29.0,MOUNT BAKER,IMO9822906,WDJ6673,52.0,0.0,40.0,12.0,5.5,52.0,A
367776660,2024-12-25T04:05:19,21.2982,-157.86944,6.7,31.3,30.0,MOUNT BAKER,IMO9822906,WDJ6673,52.0,0.0,40.0,12.0,5.5,52.0,A
367776660,2024-12-25T04:00:00,21.28987,-157.87455,6.1,36.1,34.0,MOUNT BAKER,IMO9822906,WDJ6673,52.0,0.0,40.0,12.0,5.5,52.0,A
367776660,2024-12-25T04:10:36,21.30674,-157.86936,6.2,323.0,318.0,MOUNT BAKER,IMO9822906,WDJ6673,52.0,0.0,40.0,12.0,5.5,52.0,A
367776660,2024-12-25T04:11:42,21.3079,-157.87057,4.9,311.0,312.0,MOUNT BAKER,IMO9822906,WDJ6673,52.0,0.0,40.0,12.0,5.5,52.0,A
367776660,2024-12-25T04:08:30,21.30334,-157.86784,5.7,355.0,349.0,MOUNT BAKER,IMO9822906,WDJ6673,52.0,0.0,40.0,12.0,5.5,52.0,A
367776660,2024-12-25T04:09:33,21.30514,-157.86835,6.1,337.9,335.0,MOUNT BAKER,IMO9822906,WDJ6673,52.0,0.0,40.0,12.0,5.5,52.0,A
367776660,2024-12-25T04:14:59,21.31049,-157.87403,4.3,307.9,306.0,MOUNT BAKER,IMO9822906,WDJ6673,52.0,0.0,40.0,12.0,5.5,52.0,A
367776660,2024-12-25T04:16:00,21.31107,-157.87488,3.1,281.4,225.0,MOUNT BAKER,IMO9822906,WDJ6673,52.0,0.0,40.0,12.0,5.5,52.0,A
367776660,2024-12-25T04:17:04,21.31095,-157.87521,0.8,296.8,121.0,MOUNT BAKER,IMO9822906,WDJ6673,52.0,0.0,40.0,12.0,5.5,52.0,A
367776660,2024-12-25T04:22:19,21.31193,-157.87613,0.9,351.3,115.0,MOUNT BAKER,IMO9822906,WDJ6673,52.0,0.0,40.0,12.0,5.5,52.0,A
367776660,2024-12-25T03:52:35,21.28158,-157.88603,6.6,62.9,63.0,MOUNT BAKER,IMO9822906,WDJ6673,52.0,0.0,40.0,12.0,5.5,52.0,A
367776660,2024-12-25T04:18:06,21.31115,-157.87553,1.1,283.0,113.0,MOUNT BAKER,IMO9822906,WDJ6673,52.0,0.0,40.0,12.0,5.5,52.0,A
367776660,2024-12-25T04:25:33,21.31278,-157.87704,1.2,314.4,121.0,MOUNT BAKER,IMO9822906,WDJ6673,52.0,0.0,40.0,12.0,5.5,52.0,A
367776660,2024-12-25T04:20:12,21.31144,-157.87589,1.1,331.4,108.0,MOUNT BAKER,IMO9822906,WDJ6673,52.0,0.0,40.0,12.0,5.5,52.0,A
367776660,2024-12-25T03:54:37,21.28335,-157.88227,6.9,62.8,61.0,MOUNT BAKER,IMO9822906,WDJ6673,52.0,0.0,40.0,12.0,5.5,52.0,A
367776660,2024-12-25T03:55:39,21.28434,-157.88047,6.9,57.1,54.0,MOUNT BAKER,IMO9822906,WDJ6673,52.0,0.0,40.0,12.0,5.5,52.0,A
367776660,2024-12-25T04:27:53,21.31294,-157.87702,0.0,328.8,125.0,MOUNT BAKER,IMO9822906,WDJ6673,52.0,0.0,40.0,12.0,5.5,52.0,A
367776660,2024-12-25T04:23:22,21.31217,-157.87629,1.4,306.8,117.0,MOUNT BAKER,IMO9822906,WDJ6673,52.0,0.0,40.0,12.0,5.5,52.0,A
367776660,2024-12-25T04:29:13,21.31293,-157.87702,0.0,328.8,125.0,MOUNT BAKER,IMO9822906,WDJ6673,52.0,0.0,40.0,12.0,5.5,52.0,A
367776660,2024-12-25T04:32:43,21.3129,-157.87705,0.0,328.8,127.0,MOUNT BAKER,IMO9822906,WDJ6673,52.0,0.0,40.0,12.0,5.5,52.0,A
367776660,2024-12-25T04:42:13,21.30888,-157.87159,6.9,130.2,129.0,MOUNT BAKER,IMO9822906,WDJ6673,52.0,5.0,40.0,12.0,5.5,52.0,A
367776660,2024-12-25T04:12:55,21.30906,-157.87201,5.2,310.1,308.0,MOUNT BAKER,IMO9822906,WDJ6673,52.0,0.0,40.0,12.0,5.5,52.0,A
367776660,2024-12-25T04:50:54,21.31015,-157.86792,0.0,53.6,162.0,MOUNT BAKER,IMO9822906,WDJ6673,52.0,5.0,40.0,12.0,5.5,52.0,A
367776660,2024-12-25T04:45:42,21.3098,-157.86809,1.2,357.2,180.0,MOUNT BAKER,IMO9822906,WDJ6673,52.0,5.0,40.0,12.0,5.5,52.0,A
367776660,2024-12-25T04:13:58,21.30984,-157.87306,3.7,308.3,305.0,MOUNT BAKER,IMO9822906,WDJ6673,52.0,0.0,40.0,12.0,5.5,52.0,A
367776660,2024-12-25T04:48:13,21.31016,-157.86797,0.0,53.6,163.0,MOUNT BAKER,IMO9822906,WDJ6673,52.0,5.0,40.0,12.0,5.5,52.0,A
367776660,2024-12-25T04:46:53,21.3101,-157.86802,0.3,50.8,160.0,MOUNT BAKER,IMO9822906,WDJ6673,52.0,5.0,40.0,12.0,5.5,52.0,A
367776660,2024-12-25T04:56:57,21.31014,-157.86798,0.0,53.6,162.0,MOUNT BAKER,IMO9822906,WDJ6673,52.0,5.0,40.0,12.0,5.5,52.0,A
367776660,2024-12-25T04:59:52,21.31013,-157.86795,0.0,53.6,161.0,MOUNT BAKER,IMO9822906,WDJ6673,52.0,5.0,40.0,12.0,5.5,52.0,A
367776660,2024-12-25T05:02:55,21.31016,-157.86795,0.0,53.6,162.0,MOUNT BAKER,IMO9822906,WDJ6673,52.0,5.0,40.0,12.0,5.5,52.0,A
367776660,2024-12-25T04:26:43,21.3129,-157.8771,0.0,328.8,125.0,MOUNT BAKER,IMO9822906,WDJ6673,52.0,0.0,40.0,12.0,5.5,52.0,A
367776660,2024-12-25T05:05:57,21.31011,-157.86792,0.0,53.6,162.0,MOUNT BAKER,IMO9822906,WDJ6673,52.0,5.0,40.0,12.0,5.5,52.0,A
367776660,2024-12-25T05:11:59,21.31016,-157.86793,0.0,53.6,161.0,MOUNT BAKER,IMO9822906,WDJ6673,52.0,5.0,40.0,12.0,5.5,52.0,A
367776660,2024-12-25T05:17:58,21.31015,-157.86793,0.0,53.6,161.0,MOUNT BAKER,IMO9822906,WDJ6673,52.0,5.0,40.0,12.0,5.5,52.0,A
367776660,2024-12-25T05:20:56,21.31017,-157.86799,0.0,53.6,162.0,MOUNT BAKER,IMO9822906,WDJ6673,52.0,5.0,40.0,12.0,5.5,52.0,A
367776660,2024-12-25T05:23:58,21.31015,-157.86799,0.0,53.6,163.0,MOUNT BAKER,IMO9822906,WDJ6673,52.0,5.0,40.0,12.0,5.5,52.0,A
367776660,2024-12-25T05:26:57,21.31014,-157.86795,0.0,53.6,162.0,MOUNT BAKER,IMO9822906,WDJ6673,52.0,5.0,40.0,12.0,5.5,52.0,A
367776660,2024-12-25T05:30:00,21.31012,-157.86796,0.0,53.6,162.0,MOUNT BAKER,IMO9822906,WDJ6673,52.0,5.0,40.0,12.0,5.5,52.0,A
367776660,2024-12-25T04:43:24,21.30821,-157.86952,6.0,70.5,48.0,MOUNT BAKER,IMO9822906,WDJ6673,52.0,5.0,40.0,12.0,5.5,52.0,A
367776660,2024-12-25T04:44:33,21.30936,-157.86841,4.0,41.7,43.0,MOUNT BAKER,IMO9822906,WDJ6673,52.0,5.0,40.0,12.0,5.5,52.0,A
367776660,2024-12-25T05:32:58,21.31017,-157.86797,0.0,53.6,162.0,MOUNT BAKER,IMO9822906,WDJ6673,52.0,5.0,40.0,12.0,5.5,52.0,A
367776660,2024-12-25T05:54:00,21.31015,-157.86801,0.0,53.6,161.0,MOUNT BAKER,IMO9822906,WDJ6673,52.0,5.0,40.0,12.0,5.5,52.0,A
367776660,2024-12-25T05:41:58,21.31014,-157.86797,0.0,53.6,160.0,MOUNT BAKER,IMO9822906,WDJ6673,52.0,5.0,40.0,12.0,5.5,52.0,A
367776660,2024-12-25T05:56:59,21.31014,-157.86801,0.0,53.6,160.0,MOUNT BAKER,IMO9822906,WDJ6673,52.0,5.0,40.0,12.0,5.5,52.0,A
367776660,2024-12-25T06:02:58,21.31014,-157.86796,0.0,53.6,162.0,MOUNT BAKER,IMO9822906,WDJ6673,52.0,5.0,40.0,12.0,5.5,52.0,A
367776660,2024-12-25T00:35:43,21.32213,-158.1149,0.0,117.1,227.0,MOUNT BAKER,IMO9822906,WDJ6673,52.0,0.0,40.0,12.0,5.5,52.0,A
367776660,2024-12-25T05:59:58,21.31011,-157.86798,0.0,53.6,162.0,MOUNT BAKER,IMO9822906,WDJ6673,52.0,5.0,40.0,12.0,5.5,52.0,A
367776660,2024-12-25T05:08:57,21.31013,-157.86792,0.0,53.6,162.0,MOUNT BAKER,IMO9822906,WDJ6673,52.0,5.0,40.0,12.0,5.5,52.0,A
367776660,2024-12-25T06:08:57,21.3101,-157.868,0.0,53.6,161.0,MOUNT BAKER,IMO9822906,WDJ6673,52.0,5.0,40.0,12.0,5.5,52.0,A
367776660,2024-12-25T06:18:00,21.31008,-157.86803,0.0,53.6,161.0,MOUNT BAKER,IMO9822906,WDJ6673,52.0,5.0,40.0,12.0,5.5,52.0,A
367776660,2024-12-25T05:14:56,21.31014,-157.86799,0.0,53.6,163.0,MOUNT BAKER,IMO9822906,WDJ6673,52.0,5.0,40.0,12.0,5.5,52.0,A
367776660,2024-12-25T06:21:00,21.31014,-157.86796,0.0,53.6,161.0,MOUNT BAKER,IMO9822906,WDJ6673,52.0,5.0,40.0,12.0,5.5,52.0,A
367776660,2024-12-25T06:27:00,21.31012,-157.86801,0.0,53.6,161.0,MOUNT BAKER,IMO9822906,WDJ6673,52.0,5.0,40.0,12.0,5.5,52.0,A
367776660,2024-12-25T06:33:02,21.31014,-157.86797,0.0,53.6,161.0,MOUNT BAKER,IMO9822906,WDJ6673,52.0,5.0,40.0,12.0,5.5,52.0,A
367776660,2024-12-25T06:44:53,21.31015,-157.86797,0.0,53.6,162.0,MOUNT BAKER,IMO9822906,WDJ6673,52.0,5.0,40.0,12.0,5.5,52.0,A
367776660,2024-12-25T05:38:57,21.31013,-157.86797,0.0,53.6,161.0,MOUNT BAKER,IMO9822906,WDJ6673,52.0,5.0,40.0,12.0,5.5,52.0,A
367776660,2024-12-25T06:56:52,21.31016,-157.86801,0.0,53.6,162.0,MOUNT BAKER,IMO9822906,WDJ6673,52.0,5.0,40.0,12.0,5.5,52.0,A
367776660,2024-12-25T06:54:00,21.31015,-157.86801,0.0,53.6,161.0,MOUNT BAKER,IMO9822906,WDJ6673,52.0,5.0,40.0,12.0,5.5,52.0,A
367776660,2024-12-25T07:00:02,21.31016,-157.86802,0.0,53.6,161.0,MOUNT BAKER,IMO9822906,WDJ6673,52.0,5.0,40.0,12.0,5.5,52.0,A
367776660,2024-12-25T06:50:56,21.31019,-157.86798,0.0,53.6,161.0,MOUNT BAKER,IMO9822906,WDJ6673,52.0,5.0,40.0,12.0,5.5,52.0,A
367776660,2024-12-25T07:06:02,21.31016,-157.868,0.0,53.6,162.0,MOUNT BAKER,IMO9822906,WDJ6673,52.0,5.0,40.0,12.0,5.5,52.0,A
367776660,2024-12-25T07:08:57,21.31016,-157.86804,0.0,53.6,161.0,MOUNT BAKER,IMO9822906,WDJ6673,52.0,5.0,40.0,12.0,5.5,52.0,A
367776660,2024-12-25T07:14:55,21.31015,-157.86807,0.0,53.6,162.0,MOUNT BAKER,IMO9822906,WDJ6673,52.0,5.0,40.0,12.0,5.5,52.0,A
367776660,2024-12-25T07:20:55,21.31012,-157.868,0.0,53.6,160.0,MOUNT BAKER,IMO9822906,WDJ6673,52.0,5.0,40.0,12.0,5.5,52.0,A
367776660,2024-12-25T06:14:59,21.31009,-157.86802,0.0,53.6,161.0,MOUNT BAKER,IMO9822906,WDJ6673,52.0,5.0,40.0,12.0,5.5,52.0,A
367776660,2024-12-25T07:23:57,21.31014,-157.86796,0.0,53.6,162.0,MOUNT BAKER,IMO9822906,WDJ6673,52.0,5.0,40.0,12.0,5.5,52.0,A
367776660,2024-12-25T07:32:57,21.31013,-157.86802,0.0,53.6,163.0,MOUNT BAKER,IMO9822906,WDJ6673,52.0,5.0,40.0,12.0,5.5,52.0,A
367776660,2024-12-25T07:26:57,21.31018,-157.86797,0.0,53.6,162.0,MOUNT BAKER,IMO9822906,WDJ6673,52.0,5.0,40.0,12.0,5.5,52.0,A
367776660,2024-12-25T06:24:00,21.31011,-157.868,0.0,53.6,162.0,MOUNT BAKER,IMO9822906,WDJ6673,52.0,5.0,40.0,12.0,5.5,52.0,A
367776660,2024-12-25T07:29:57,21.31019,-157.86795,0.0,53.6,163.0,MOUNT BAKER,IMO9822906,WDJ6673,52.0,5.0,40.0,12.0,5.5,52.0,A
367776660,2024-12-25T07:41:57,21.3102,-157.86795,0.0,53.6,161.0,MOUNT BAKER,IMO9822906,WDJ6673,52.0,5.0,40.0,12.0,5.5,52.0,A
367776660,2024-12-25T07:53:55,21.31012,-157.86795,0.0,53.6,159.0,MOUNT BAKER,IMO9822906,WDJ6673,52.0,5.0,40.0,12.0,5.5,52.0,A
367776660,2024-12-25T07:50:59,21.31012,-157.86796,0.0,53.6,163.0,MOUNT BAKER,IMO9822906,WDJ6673,52.0,5.0,40.0,12.0,5.5,52.0,A
367776660,2024-12-25T07:44:58,21.31014,-157.86792,0.0,53.6,161.0,MOUNT BAKER,IMO9822906,WDJ6673,52.0,5.0,40.0,12.0,5.5,52.0,A
367776660,2024-12-25T06:48:01,21.31016,-157.86798,0.0,53.6,163.0,MOUNT BAKER,IMO9822906,WDJ6673,52.0,5.0,40.0,12.0,5.5,52.0,A
367776660,2024-12-25T07:56:59,21.31012,-157.86795,0.0,53.6,161.0,MOUNT BAKER,IMO9822906,WDJ6673,52.0,5.0,40.0,12.0,5.5,52.0,A
367776660,2024-12-25T08:08:58,21.31015,-157.86799,0.0,53.6,160.0,MOUNT BAKER,IMO9822906,WDJ6673,52.0,5.0,40.0,12.0,5.5,52.0,A
367776660,2024-12-25T08:05:58,21.31014,-157.86798,0.0,53.6,162.0,MOUNT BAKER,IMO9822906,WDJ6673,52.0,5.0,40.0,12.0,5.5,52.0,A
367776660,2024-12-25T00:47:27,21.32325,-158.11774,0.1,253.3,314.0,MOUNT BAKER,IMO9822906,WDJ6673,52.0,0.0,40.0,12.0,5.5,52.0,A
367776660,2024-12-25T08:11:58,21.31015,-157.86801,0.0,53.6,163.0,MOUNT BAKER,IMO9822906,WDJ6673,52.0,5.0,40.0,12.0,5.5,52.0,A
367776660,2024-12-25T07:12:01,21.31016,-157.8681,0.0,53.6,162.0,MOUNT BAKER,IMO9822906,WDJ6673,52.0,5.0,40.0,12.0,5.5,52.0,A
367776660,2024-12-25T08:26:57,21.3101,-157.86809,0.0,53.6,162.0,MOUNT BAKER,IMO9822906,WDJ6673,52.0,5.0,40.0,12.0,5.5,52.0,A
367776660,2024-12-25T08:29:59,21.31021,-157.86813,0.0,53.6,163.0,MOUNT BAKER,IMO9822906,WDJ6673,52.0,5.0,40.0,12.0,5.5,52.0,A
367776660,2024-12-25T08:32:57,21.31014,-157.86804,0.0,53.6,162.0,MOUNT BAKER,IMO9822906,WDJ6673,52.0,5.0,40.0,12.0,5.5,52.0,A
367776660,2024-12-25T08:35:57,21.31011,-157.86807,0.0,53.6,163.0,MOUNT BAKER,IMO9822906,WDJ6673,52.0,5.0,40.0,12.0,5.5,52.0,A
367776660,2024-12-25T00:49:44,21.3233,-158.11772,0.0,253.3,314.0,MOUNT BAKER,IMO9822906,WDJ6673,52.0,0.0,40.0,12.0,5.5,52.0,A
367776660,2024-12-25T08:44:58,21.31012,-157.86797,0.0,53.6,160.0,MOUNT BAKER,IMO9822906,WDJ6673,52.0,5.0,40.0,12.0,5.5,52.0,A
367776660,2024-12-25T08:50:56,21.31011,-157.86802,0.0,53.6,162.0,MOUNT BAKER,IMO9822906,WDJ6673,52.0,5.0,40.0,12.0,5.5,52.0,A
367776660,2024-12-25T08:38:56,21.31012,-157.86801,0.0,53.6,163.0,MOUNT BAKER,IMO9822906,WDJ6673,52.0,5.0,40.0,12.0,5.5,52.0,A
367776660,2024-12-25T08:56:57,21.31009,-157.868,0.0,53.6,162.0,MOUNT BAKER,IMO9822906,WDJ6673,52.0,5.0,40.0,12.0,5.5,52.0,A
367776660,2024-12-25T08:53:57,21.3101,-157.86802,0.0,53.6,159.0,MOUNT BAKER,IMO9822906,WDJ6673,52.0,5.0,40.0,12.0,5.5,52.0,A
367776660,2024-12-25T07:47:56,21.31011,-157.86794,0.0,53.6,162.0,MOUNT BAKER,IMO9822906,WDJ6673,52.0,5.0,40.0,12.0,5.5,52.0,A
367776660,2024-12-25T09:29:58,21.31008,-157.86801,0.0,53.6,163.0,MOUNT BAKER,IMO9822906,WDJ6673,52.0,5.0,40.0,12.0,5.5,52.0,A
367776660,2024-12-25T09:32:58,21.31009,-157.86799,0.0,53.6,161.0,MOUNT BAKER,IMO9822906,WDJ6673,52.0,5.0,40.0,12.0,5.5,52.0,A
367776660,2024-12-25T09:36:00,21.3101,-157.86798,0.0,53.6,161.0,MOUNT BAKER,IMO9822906,WDJ6673,52.0,5.0,40.0,12.0,5.5,52.0,A
367776660,2024-12-25T08:14:58,21.3106,-157.86644,0.1,53.6,161.0,MOUNT BAKER,IMO9822906,WDJ6673,52.0,5.0,40.0,12.0,5.5,52.0,A
367776660,2024-12-25T08:20:59,21.31015,-157.86798,0.0,53.6,161.0,MOUNT BAKER,IMO9822906,WDJ6673,52.0,5.0,40.0,12.0,5.5,52.0,A
367776660,2024-12-25T09:47:58,21.31007,-157.86804,0.0,53.6,164.0,MOUNT BAKER,IMO9822906,WDJ6673,52.0,5.0,40.0,12.0,5.5,52.0,A
367776660,2024-12-25T08:23:57,21.31014,-157.86805,0.0,53.6,163.0,MOUNT BAKER,IMO9822906,WDJ6673,52.0,5.0,40.0,12.0,5.5,52.0,A
367776660,2024-12-25T09:53:59,21.31009,-157.86803,0.0,53.6,161.0,MOUNT BAKER,IMO9822906,WDJ6673,52.0,5.0,40.0,12.0,5.5,52.0,A
367776660,2024-12-25T09:57:02,21.31014,-157.86803,0.0,53.6,163.0,MOUNT BAKER,IMO9822906,WDJ6673,52.0,5.0,40.0,12.0,5.5,52.0,A
367776660,2024-12-25T10:03:01,21.31013,-157.868,0.0,53.6,163.0,MOUNT BAKER,IMO9822906,WDJ6673,52.0,5.0,40.0,12.0,5.5,52.0,A
367776660,2024-12-25T10:05:59,21.31011,-157.86797,0.0,53.6,163.0,MOUNT BAKER,IMO9822906,WDJ6673,52.0,5.0,40.0,12.0,5.5,52.0,A
367776660,2024-12-25T00:56:49,21.32349,-158.11742,0.1,253.3,290.0,MOUNT BAKER,IMO9822906,WDJ6673,52.0,0.0,40.0,12.0,5.5,52.0,A
367776660,2024-12-25T10:09:02,21.31012,-157.86802,0.0,53.6,162.0,MOUNT BAKER,IMO9822906,WDJ6673,52.0,5.0,40.0,12.0,5.5,52.0,A
367776660,2024-12-25T10:11:58,21.31019,-157.86794,0.0,53.6,161.0,MOUNT BAKER,IMO9822906,WDJ6673,52.0,5.0,40.0,12.0,5.5,52.0,A
367776660,2024-12-25T08:47:57,21.31011,-157.86802,0.0,53.6,162.0,MOUNT BAKER,IMO9822906,WDJ6673,52.0,5.0,40.0,12.0,5.5,52.0,A
367776660,2024-12-25T10:15:02,21.31024,-157.86808,0.0,53.6,163.0,MOUNT BAKER,IMO9822906,WDJ6673,52.0,5.0,40.0,12.0,5.5,52.0,A
367776660,2024-12-25T10:27:02,21.31014,-157.86799,0.0,53.6,162.0,MOUNT BAKER,IMO9822906,WDJ6673,52.0,5.0,40.0,12.0,5.5,52.0,A
367776660,2024-12-25T09:26:57,21.31009,-157.86802,0.0,53.6,162.0,MOUNT BAKER,IMO9822906,WDJ6673,52.0,5.0,40.0,12.0,5.5,52.0,A
367776660,2024-12-25T10:41:58,21.31015,-157.868,0.0,53.6,160.0,MOUNT BAKER,IMO9822906,WDJ6673,52.0,5.0,40.0,12.0,5.5,52.0,A
367776660,2024-12-25T10:35:58,21.31016,-157.86802,0.0,53.6,162.0,MOUNT BAKER,IMO9822906,WDJ6673,52.0,5.0,40.0,12.0,5.5,52.0,A
367776660,2024-12-25T10:45:01,21.31019,-157.86798,0.0,53.6,160.0,MOUNT BAKER,IMO9822906,WDJ6673,52.0,5.0,40.0,12.0,5.5,52.0,A
367776660,2024-12-25T10:47:58,21.31015,-157.86797,0.0,53.6,162.0,MOUNT BAKER,IMO9822906,WDJ6673,52.0,5.0,40.0,12.0,5.5,52.0,A
367776660,2024-12-25T10:53:59,21.31012,-157.86796,0.0,53.6,161.0,MOUNT BAKER,IMO9822906,WDJ6673,52.0,5.0,40.0,12.0,5.5,52.0,A
367776660,2024-12-25T09:41:58,21.31001,-157.86813,0.0,53.6,162.0,MOUNT BAKER,IMO9822906,WDJ6673,52.0,5.0,40.0,12.0,5.5,52.0,A
367776660,2024-12-25T09:45:00,21.31009,-157.86803,0.0,53.6,160.0,MOUNT BAKER,IMO9822906,WDJ6673,52.0,5.0,40.0,12.0,5.5,52.0,A
367776660,2024-12-25T10:57:01,21.31012,-157.86799,0.0,53.6,161.0,MOUNT BAKER,IMO9822906,WDJ6673,52.0,5.0,40.0,12.0,5.5,52.0,A
367776660,2024-12-25T10:59:58,21.31014,-157.86799,0.0,53.6,161.0,MOUNT BAKER,IMO9822906,WDJ6673,52.0,5.0,40.0,12.0,5.5,52.0,A
367776660,2024-12-25T11:02:59,21.31011,-157.86805,0.0,53.6,161.0,MOUNT BAKER,IMO9822906,WDJ6673,52.0,5.0,40.0,12.0,5.5,52.0,A
367776660,2024-12-25T11:05:58,21.31011,-157.86802,0.0,53.6,162.0,MOUNT BAKER,IMO9822906,WDJ6673,52.0,5.0,40.0,12.0,5.5,52.0,A
367776660,2024-12-25T11:21:00,21.31012,-157.86793,0.0,53.6,161.0,MOUNT BAKER,IMO9822906,WDJ6673,52.0,5.0,40.0,12.0,5.5,52.0,A
367776660,2024-12-25T11:08:59,21.31012,-157.86799,0.0,53.6,161.0,MOUNT BAKER,IMO9822906,WDJ6673,52.0,5.0,40.0,12.0,5.5,52.0,A
367776660,2024-12-25T11:30:00,21.31012,-157.86791,0.1,53.6,161.0,MOUNT BAKER,IMO9822906,WDJ6673,52.0,5.0,40.0,12.0,5.5,52.0,A
367776660,2024-12-25T01:03:42,21.32155,-158.11574,0.5,129.7,215.0,MOUNT BAKER,IMO9822906,WDJ6673,52.0,0.0,40.0,12.0,5.5,52.0,A
367776660,2024-12-25T01:04:53,21.32148,-158.11561,0.3,137.7,221.0,MOUNT BAKER,IMO9822906,WDJ6673,52.0,0.0,40.0,12.0,5.5,52.0,A
367776660,2024-12-25T11:42:01,21.31012,-157.86794,0.0,53.6,162.0,MOUNT BAKER,IMO9822906,WDJ6673,52.0,5.0,40.0,12.0,5.5,52.0,A
367776660,2024-12-25T11:44:57,21.31012,-157.8679,0.0,53.6,162.0,MOUNT BAKER,IMO9822906,WDJ6673,52.0,5.0,40.0,12.0,5.5,52.0,A
367776660,2024-12-25T11:48:00,21.31011,-157.86794,0.0,53.6,163.0,MOUNT BAKER,IMO9822906,WDJ6673,52.0,5.0,40.0,12.0,5.5,52.0,A
367776660,2024-12-25T01:08:23,21.32144,-158.11557,0.0,75.7,223.0,MOUNT BAKER,IMO9822906,WDJ6673,52.0,0.0,40.0,12.0,5.5,52.0,A
367776660,2024-12-25T10:17:57,21.31019,-157.86798,0.0,53.6,162.0,MOUNT BAKER,IMO9822906,WDJ6673,52.0,5.0,40.0,12.0,5.5,52.0,A
367776660,2024-12-25T11:50:58,21.31012,-157.86791,0.0,53.6,163.0,MOUNT BAKER,IMO9822906,WDJ6673,52.0,5.0,40.0,12.0,5.5,52.0,A
367776660,2024-12-25T11:53:58,21.31007,-157.86786,0.0,53.6,160.0,MOUNT BAKER,IMO9822906,WDJ6673,52.0,5.0,40.0,12.0,5.5,52.0,A
367776660,2024-12-25T12:02:59,21.31013,-157.86798,0.0,53.6,159.0,MOUNT BAKER,IMO9822906,WDJ6673,52.0,5.0,40.0,12.0,5.5,52.0,A
367776660,2024-12-25T12:14:56,21.31016,-157.86806,0.0,53.6,163.0,MOUNT BAKER,IMO9822906,WDJ6673,52.0,5.0,40.0,12.0,5.5,52.0,A
367776660,2024-12-25T12:17:59,21.31016,-157.86793,0.0,53.6,162.0,MOUNT BAKER,IMO9822906,WDJ6673,52.0,5.0,40.0,12.0,5.5,52.0,A
367776660,2024-12-25T12:12:00,21.31011,-157.86801,0.0,53.6,161.0,MOUNT BAKER,IMO9822906,WDJ6673,52.0,5.0,40.0,12.0,5.5,52.0,A
367776660,2024-12-25T12:20:58,21.31009,-157.86799,0.0,53.6,163.0,MOUNT BAKER,IMO9822906,WDJ6673,52.0,5.0,40.0,12.0,5.5,52.0,A
367776660,2024-12-25T12:26:58,21.31012,-157.86797,0.0,53.6,164.0,MOUNT BAKER,IMO9822906,WDJ6673,52.0,5.0,40.0,12.0,5.5,52.0,A
367776660,2024-12-25T01:12:53,21.32206,-158.11487,0.0,67.9,225.0,MOUNT BAKER,IMO9822906,WDJ6673,52.0,0.0,40.0,12.0,5.5,52.0,A
367776660,2024-12-25T12:30:01,21.3101,-157.86802,0.0,53.6,163.0,MOUNT BAKER,IMO9822906,WDJ6673,52.0,5.0,40.0,12.0,5.5,52.0,A
367776660,2024-12-25T01:16:22,21.32206,-158.11488,0.0,67.9,225.0,MOUNT BAKER,IMO9822906,WDJ6673,52.0,0.0,40.0,12.0,5.5,52.0,A
367776660,2024-12-25T12:33:00,21.31008,-157.86801,0.0,53.6,162.0,MOUNT BAKER,IMO9822906,WDJ6673,52.0,5.0,40.0,12.0,5.5,52.0,A
367776660,2024-12-25T01:19:27,21.32243,-158.1157,3.6,281.2,282.0,MOUNT BAKER,IMO9822906,WDJ6673,52.0,0.0,40.0,12.0,5.5,52.0,A
367776660,2024-12-25T12:50:58,21.31008,-157.86801,0.0,53.6,163.0,MOUNT BAKER,IMO9822906,WDJ6673,52.0,5.0,40.0,12.0,5.5,52.0,A
367776660,2024-12-25T12:54:00,21.31009,-157.86799,0.0,53.6,160.0,MOUNT BAKER,IMO9822906,WDJ6673,52.0,5.0,40.0,12.0,5.5,52.0,A
367776660,2024-12-25T13:02:57,21.31012,-157.868,0.0,53.6,163.0,MOUNT BAKER,IMO9822906,WDJ6673,52.0,5.0,40.0,12.0,5.5,52.0,A
367776660,2024-12-25T13:00:02,21.3101,-157.86805,0.0,53.6,163.0,MOUNT BAKER,IMO9822906,WDJ6673,52.0,5.0,40.0,12.0,5.5,52.0,A
367776660,2024-12-25T12:56:59,21.3101,-157.8681,0.0,53.6,163.0,MOUNT BAKER,IMO9822906,WDJ6673,52.0,5.0,40.0,12.0,5.5,52.0,A
367776660,2024-12-25T13:08:58,21.3102,-157.86795,0.0,53.6,163.0,MOUNT BAKER,IMO9822906,WDJ6673,52.0,5.0,40.0,12.0,5.5,52.0,A
367776660,2024-12-25T13:06:01,21.31017,-157.86794,0.0,53.6,162.0,MOUNT BAKER,IMO9822906,WDJ6673,52.0,5.0,40.0,12.0,5.5,52.0,A
367776660,2024-12-25T13:12:00,21.3101,-157.86804,0.0,53.6,163.0,MOUNT BAKER,IMO9822906,WDJ6673,52.0,5.0,40.0,12.0,5.5,52.0,A
367776660,2024-12-25T11:36:01,21.31013,-157.86793,0.0,53.6,161.0,MOUNT BAKER,IMO9822906,WDJ6673,52.0,5.0,40.0,12.0,5.5,52.0,A
367776660,2024-12-25T13:24:00,21.31008,-157.86796,0.0,53.6,162.0,MOUNT BAKER,IMO9822906,WDJ6673,52.0,5.0,40.0,12.0,5.5,52.0,A
367776660,2024-12-25T13:20:58,21.3101,-157.86793,0.0,53.6,162.0,MOUNT BAKER,IMO9822906,WDJ6673,52.0,5.0,40.0,12.0,5.5,52.0,A
367776660,2024-12-25T13:32:58,21.31009,-157.86799,0.0,53.6,162.0,MOUNT BAKER,IMO9822906,WDJ6673,52.0,5.0,40.0,12.0,5.5,52.0,A
367776660,2024-12-25T12:00:00,21.31008,-157.86796,0.0,53.6,162.0,MOUNT BAKER,IMO9822906,WDJ6673,52.0,5.0,40.0,12.0,5.5,52.0,A
367776660,2024-12-25T13:29:59,21.31008,-157.86797,0.0,53.6,161.0,MOUNT BAKER,IMO9822906,WDJ6673,52.0,5.0,40.0,12.0,5.5,52.0,A
367776660,2024-12-25T13:48:00,21.31012,-157.868,0.0,53.6,161.0,MOUNT BAKER,IMO9822906,WDJ6673,52.0,5.0,40.0,12.0,5.5,52.0,A
367776660,2024-12-25T12:08:57,21.31011,-157.86802,0.0,53.6,161.0,MOUNT BAKER,IMO9822906,WDJ6673,52.0,5.0,40.0,12.0,5.5,52.0,A
367776660,2024-12-25T13:54:01,21.31007,-157.86798,0.0,53.6,161.0,MOUNT BAKER,IMO9822906,WDJ6673,52.0,5.0,40.0,12.0,5.5,52.0,A
367776660,2024-12-25T14:00:02,21.31004,-157.86794,0.0,53.6,161.0,MOUNT BAKER,IMO9822906,WDJ6673,52.0,5.0,40.0,12.0,5.5,52.0,A
367776660,2024-12-25T14:02:57,21.31009,-157.86794,0.0,53.6,161.0,MOUNT BAKER,IMO9822906,WDJ6673,52.0,5.0,40.0,12.0,5.5,52.0,A
367776660,2024-12-25T14:08:57,21.31011,-157.86801,0.0,53.6,163.0,MOUNT BAKER,IMO9822906,WDJ6673,52.0,5.0,40.0,12.0,5.5,52.0,A
367776660,2024-12-25T01:24:52,21.32332,-158.11771,0.0,262.7,313.0,MOUNT BAKER,IMO9822906,WDJ6673,52.0,0.0,40.0,12.0,5.5,52.0,A
367776660,2024-12-25T14:06:02,21.31008,-157.86799,0.0,53.6,163.0,MOUNT BAKER,IMO9822906,WDJ6673,52.0,5.0,40.0,12.0,5.5,52.0,A
367776660,2024-12-25T14:15:00,21.31013,-157.86799,0.0,53.6,163.0,MOUNT BAKER,IMO9822906,WDJ6673,52.0,5.0,40.0,12.0,5.5,52.0,A
367776660,2024-12-25T14:18:02,21.31009,-157.86797,0.0,53.6,161.0,MOUNT BAKER,IMO9822906,WDJ6673,52.0,5.0,40.0,12.0,5.5,52.0,A
367776660,2024-12-25T14:20:59,21.31009,-157.86795,0.0,53.6,162.0,MOUNT BAKER,IMO9822906,WDJ6673,52.0,5.0,40.0,12.0,5.5,52.0,A
367776660,2024-12-25T14:26:59,21.31011,-157.86796,0.0,53.6,162.0,MOUNT BAKER,IMO9822906,WDJ6673,52.0,5.0,40.0,12.0,5.5,52.0,A
367776660,2024-12-25T14:30:01,21.3101,-157.86792,0.0,53.6,162.0,MOUNT BAKER,IMO9822906,WDJ6673,52.0,5.0,40.0,12.0,5.5,52.0,A
367776660,2024-12-25T14:38:57,21.3101,-157.86796,0.0,53.6,162.0,MOUNT BAKER,IMO9822906,WDJ6673,52.0,5.0,40.0,12.0,5.5,52.0,A
367776660,2024-12-25T14:42:04,21.31008,-157.86798,0.0,53.6,162.0,MOUNT BAKER,IMO9822906,WDJ6673,52.0,5.0,40.0,12.0,5.5,52.0,A
367776660,2024-12-25T14:44:58,21.31009,-157.86798,0.0,53.6,162.0,MOUNT BAKER,IMO9822906,WDJ6673,52.0,5.0,40.0,12.0,5.5,52.0,A
367776660,2024-12-25T14:51:00,21.3101,-157.86795,0.0,53.6,159.0,MOUNT BAKER,IMO9822906,WDJ6673,52.0,5.0,40.0,12.0,5.5,52.0,A
367776660,2024-12-25T13:14:58,21.3101,-157.86799,0.0,53.6,164.0,MOUNT BAKER,IMO9822906,WDJ6673,52.0,5.0,40.0,12.0,5.5,52.0,A
367776660,2024-12-25T14:59:59,21.31011,-157.86801,0.0,53.6,163.0,MOUNT BAKER,IMO9822906,WDJ6673,52.0,5.0,40.0,12.0,5.5,52.0,A
367776660,2024-12-25T15:02:59,21.31005,-157.8681,0.0,53.6,161.0,MOUNT BAKER,IMO9822906,WDJ6673,52.0,5.0,40.0,12.0,5.5,52.0,A
367776660,2024-12-25T15:05:57,21.31004,-157.86802,0.0,53.6,163.0,MOUNT BAKER,IMO9822906,WDJ6673,52.0,5.0,40.0,12.0,5.5,52.0,A
367776660,2024-12-25T01:43:54,21.32182,-158.11572,3.1,118.3,245.0,MOUNT BAKER,IMO9822906,WDJ6673,52.0,0.0,40.0,12.0,5.5,52.0,A
367776660,2024-12-25T01:44:56,21.32149,-158.11559,0.7,159.8,229.0,MOUNT BAKER,IMO9822906,WDJ6673,52.0,0.0,40.0,12.0,5.5,52.0,A
367776660,2024-12-25T15:15:01,21.31012,-157.86799,0.0,53.6,161.0,MOUNT BAKER,IMO9822906,WDJ6673,52.0,5.0,40.0,12.0,5.5,52.0,A
367776660,2024-12-25T13:26:58,21.31006,-157.86798,0.0,53.6,163.0,MOUNT BAKER,IMO9822906,WDJ6673,52.0,5.0,40.0,12.0,5.5,52.0,A
367776660,2024-12-25T15:21:01,21.31006,-157.86799,0.0,53.6,160.0,MOUNT BAKER,IMO9822906,WDJ6673,52.0,5.0,40.0,12.0,5.5,52.0,A
367776660,2024-12-25T01:48:24,21.32136,-158.11562,0.0,156.0,227.0,MOUNT BAKER,IMO9822906,WDJ6673,52.0,0.0,40.0,12.0,5.5,52.0,A
367776660,2024-12-25T15:17:58,21.31009,-157.86796,0.0,53.6,163.0,MOUNT BAKER,IMO9822906,WDJ6673,52.0,5.0,40.0,12.0,5.5,52.0,A
367776660,2024-12-25T15:33:05,21.31004,-157.86802,0.0,53.6,161.0,MOUNT BAKER,IMO9822906,WDJ6673,52.0,5.0,40.0,12.0,5.5,52.0,A
367776660,2024-12-25T15:35:57,21.31003,-157.868,0.0,53.6,162.0,MOUNT BAKER,IMO9822906,WDJ6673,52.0,5.0,40.0,12.0,5.5,52.0,A
367776660,2024-12-25T13:56:58,21.31006,-157.86797,0.0,53.6,163.0,MOUNT BAKER,IMO9822906,WDJ6673,52.0,5.0,40.0,12.0,5.5,52.0,A
367776660,2024-12-25T15:48:00,21.31006,-157.86797,0.0,53.6,161.0,MOUNT BAKER,IMO9822906,WDJ6673,52.0,5.0,40.0,12.0,5.5,52.0,A
367776660,2024-12-25T15:50:57,21.31007,-157.86802,0.0,53.6,163.0,MOUNT BAKER,IMO9822906,WDJ6673,52.0,5.0,40.0,12.0,5.5,52.0,A
367776660,2024-12-25T16:02:59,21.31009,-157.86805,0.0,53.6,160.0,MOUNT BAKER,IMO9822906,WDJ6673,52.0,5.0,40.0,12.0,5.5,52.0,A
367776660,2024-12-25T16:06:00,21.31008,-157.86798,0.0,53.6,162.0,MOUNT BAKER,IMO9822906,WDJ6673,52.0,5.0,40.0,12.0,5.5,52.0,A
367776660,2024-12-25T15:53:58,21.31006,-157.86802,0.0,53.6,164.0,MOUNT BAKER,IMO9822906,WDJ6673,52.0,5.0,40.0,12.0,5.5,52.0,A
367776660,2024-12-25T16:12:00,21.31018,-157.86805,0.0,53.6,160.0,MOUNT BAKER,IMO9822906,WDJ6673,52.0,5.0,40.0,12.0,5.5,52.0,A
367776660,2024-12-25T14:24:01,21.31008,-157.86799,0.0,53.6,161.0,MOUNT BAKER,IMO9822906,WDJ6673,52.0,5.0,40.0,12.0,5.5,52.0,A
367776660,2024-12-25T16:18:01,21.31011,-157.86794,0.0,53.6,164.0,MOUNT BAKER,IMO9822906,WDJ6673,52.0,5.0,40.0,12.0,5.5,52.0,A
367776660,2024-12-25T16:15:01,21.31008,-157.86789,0.0,53.6,161.0,MOUNT BAKER,IMO9822906,WDJ6673,52.0,5.0,40.0,12.0,5.5,52.0,A
367776660,2024-12-25T16:24:02,21.31009,-157.86805,0.0,53.6,159.0,MOUNT BAKER,IMO9822906,WDJ6673,52.0,5.0,40.0,12.0,5.5,52.0,A
367776660,2024-12-25T16:36:00,21.31009,-157.86798,0.0,53.6,162.0,MOUNT BAKER,IMO9822906,WDJ6673,52.0,5.0,40.0,12.0,5.5,52.0,A
367776660,2024-12-25T16:38:56,21.31011,-157.86801,0.0,53.6,164.0,MOUNT BAKER,IMO9822906,WDJ6673,52.0,5.0,40.0,12.0,5.5,52.0,A
367776660,2024-12-25T14:56:58,21.31009,-157.86798,0.0,53.6,161.0,MOUNT BAKER,IMO9822906,WDJ6673,52.0,5.0,40.0,12.0,5.5,52.0,A
367776660,2024-12-25T16:53:57,21.3101,-157.86797,0.0,53.6,160.0,MOUNT BAKER,IMO9822906,WDJ6673,52.0,5.0,40.0,12.0,5.5,52.0,A
367776660,2024-12-25T17:00:01,21.31009,-157.86804,0.0,53.6,161.0,MOUNT BAKER,IMO9822906,WDJ6673,52.0,5.0,40.0,12.0,5.5,52.0,A
367776660,2024-12-25T16:57:01,21.31011,-157.86801,0.0,53.6,163.0,MOUNT BAKER,IMO9822906,WDJ6673,52.0,5.0,40.0,12.0,5.5,52.0,A
367776660,2024-12-25T17:05:59,21.31017,-157.86795,0.0,53.6,163.0,MOUNT BAKER,IMO9822906,WDJ6673,52.0,5.0,40.0,12.0,5.5,52.0,A
367776660,2024-12-25T16:51:00,21.31009,-157.86799,0.0,53.6,161.0,MOUNT BAKER,IMO9822906,WDJ6673,52.0,5.0,40.0,12.0,5.5,52.0,A
367776660,2024-12-25T15:09:00,21.31009,-157.86797,0.0,53.6,163.0,MOUNT BAKER,IMO9822906,WDJ6673,52.0,5.0,40.0,12.0,5.5,52.0,A
367776660,2024-12-25T17:08:59,21.31016,-157.86795,0.0,53.6,163.0,MOUNT BAKER,IMO9822906,WDJ6673,52.0,5.0,40.0,12.0,5.5,52.0,A
367776660,2024-12-25T17:14:59,21.31006,-157.868,0.1,53.6,161.0,MOUNT BAKER,IMO9822906,WDJ6673,52.0,5.0,40.0,12.0,5.5,52.0,A
367776660,2024-12-25T17:03:00,21.31009,-157.868,0.0,53.6,161.0,MOUNT BAKER,IMO9822906,WDJ6673,52.0,5.0,40.0,12.0,5.5,52.0,A
367776660,2024-12-25T17:35:59,21.31012,-157.86797,0.0,53.6,163.0,MOUNT BAKER,IMO9822906,WDJ6673,52.0,5.0,40.0,12.0,5.5,52.0,A
367776660,2024-12-25T17:24:01,21.31009,-157.86799,0.0,53.6,162.0,MOUNT BAKER,IMO9822906,WDJ6673,52.0,5.0,40.0,12.0,5.5,52.0,A
367776660,2024-12-25T17:30:01,21.31008,-157.86799,0.0,53.6,164.0,MOUNT BAKER,IMO9822906,WDJ6673,52.0,5.0,40.0,12.0,5.5,52.0,A
367776660,2024-12-25T17:47:59,21.31013,-157.868,0.0,53.6,161.0,MOUNT BAKER,IMO9822906,WDJ6673,52.0,5.0,40.0,12.0,5.5,52.0,A
367776660,2024-12-25T17:54:00,21.3101,-157.86798,0.0,53.6,161.0,MOUNT BAKER,IMO9822906,WDJ6673,52.0,5.0,40.0,12.0,5.5,52.0,A
367776660,2024-12-25T17:59:59,21.31008,-157.86797,0.0,53.6,162.0,MOUNT BAKER,IMO9822906,WDJ6673,52.0,5.0,40.0,12.0,5.5,52.0,A
367776660,2024-12-25T18:06:01,21.31008,-157.86797,0.0,53.6,161.0,MOUNT BAKER,IMO9822906,WDJ6673,52.0,5.0,40.0,12.0,5.5,52.0,A
367776660,2024-12-25T18:03:01,21.31008,-157.86797,0.0,53.6,162.0,MOUNT BAKER,IMO9822906,WDJ6673,52.0,5.0,40.0,12.0,5.5,52.0,A
367776660,2024-12-25T18:09:00,21.31009,-157.86797,0.0,53.6,163.0,MOUNT BAKER,IMO9822906,WDJ6673,52.0,5.0,40.0,12.0,5.5,52.0,A
367776660,2024-12-25T18:15:00,21.31008,-157.86799,0.0,53.6,162.0,MOUNT BAKER,IMO9822906,WDJ6673,52.0,5.0,40.0,12.0,5.5,52.0,A
367776660,2024-12-25T18:33:04,21.31005,-157.86786,0.0,53.6,164.0,MOUNT BAKER,IMO9822906,WDJ6673,52.0,5.0,40.0,12.0,5.5,52.0,A
367776660,2024-12-25T18:39:04,21.3101,-157.86795,0.0,53.6,163.0,MOUNT BAKER,IMO9822906,WDJ6673,52.0,5.0,40.0,12.0,5.5,52.0,A
367776660,2024-12-25T18:45:03,21.31008,-157.86798,0.0,53.6,162.0,MOUNT BAKER,IMO9822906,WDJ6673,52.0,5.0,40.0,12.0,5.5,52.0,A
367776660,2024-12-25T18:27:03,21.31006,-157.86793,0.0,53.6,163.0,MOUNT BAKER,IMO9822906,WDJ6673,52.0,5.0,40.0,12.0,5.5,52.0,A
367776660,2024-12-25T16:33:02,21.3101,-157.86795,0.0,53.6,161.0,MOUNT BAKER,IMO9822906,WDJ6673,52.0,5.0,40.0,12.0,5.5,52.0,A
367776660,2024-12-25T18:51:02,21.31012,-157.86798,0.0,53.6,162.0,MOUNT BAKER,IMO9822906,WDJ6673,52.0,5.0,40.0,12.0,5.5,52.0,A
367776660,2024-12-25T18:54:01,21.31008,-157.86801,0.0,53.6,163.0,MOUNT BAKER,IMO9822906,WDJ6673,52.0,5.0,40.0,12.0,5.5,52.0,A
367776660,2024-12-25T18:57:01,21.3101,-157.868,0.0,53.6,161.0,MOUNT BAKER,IMO9822906,WDJ6673,52.0,5.0,40.0,12.0,5.5,52.0,A
367776660,2024-12-25T18:36:00,21.31011,-157.86792,0.0,53.6,163.0,MOUNT BAKER,IMO9822906,WDJ6673,52.0,5.0,40.0,12.0,5.5,52.0,A
367776660,2024-12-25T19:02:59,21.31008,-157.86802,0.0,53.6,162.0,MOUNT BAKER,IMO9822906,WDJ6673,52.0,5.0,40.0,12.0,5.5,52.0,A
367776660,2024-12-25T16:45:01,21.31011,-157.86797,0.0,53.6,162.0,MOUNT BAKER,IMO9822906,WDJ6673,52.0,5.0,40.0,12.0,5.5,52.0,A
367776660,2024-12-25T19:05:59,21.31008,-157.868,0.0,53.6,163.0,MOUNT BAKER,IMO9822906,WDJ6673,52.0,5.0,40.0,12.0,5.5,52.0,A
367776660,2024-12-25T18:41:59,21.31011,-157.86795,0.0,53.6,163.0,MOUNT BAKER,IMO9822906,WDJ6673,52.0,5.0,40.0,12.0,5.5,52.0,A
367776660,2024-12-25T19:09:00,21.31013,-157.86803,0.0,53.6,163.0,MOUNT BAKER,IMO9822906,WDJ6673,52.0,5.0,40.0,12.0,5.5,52.0,A
367776660,2024-12-25T18:48:00,21.31009,-157.86797,0.0,53.6,162.0,MOUNT BAKER,IMO9822906,WDJ6673,52.0,5.0,40.0,12.0,5.5,52.0,A
367776660,2024-12-25T19:12:01,21.31014,-157.86805,0.0,53.6,164.0,MOUNT BAKER,IMO9822906,WDJ6673,52.0,5.0,40.0,12.0,5.5,52.0,A
367776660,2024-12-25T19:15:01,21.31012,-157.86798,0.0,53.6,162.0,MOUNT BAKER,IMO9822906,WDJ6673,52.0,5.0,40.0,12.0,5.5,52.0,A
367776660,2024-12-25T19:30:01,21.31009,-157.86802,0.0,53.6,164.0,MOUNT BAKER,IMO9822906,WDJ6673,52.0,5.0,40.0,12.0,5.5,52.0,A
367776660,2024-12-25T19:27:00,21.31012,-157.86796,0.0,53.6,163.0,MOUNT BAKER,IMO9822906,WDJ6673,52.0,5.0,40.0,12.0,5.5,52.0,A
367776660,2024-12-25T19:33:01,21.3101,-157.868,0.0,53.6,163.0,MOUNT BAKER,IMO9822906,WDJ6673,52.0,5.0,40.0,12.0,5.5,52.0,A
367776660,2024-12-25T19:18:01,21.31012,-157.86799,0.0,53.6,162.0,MOUNT BAKER,IMO9822906,WDJ6673,52.0,5.0,40.0,12.0,5.5,52.0,A
367776660,2024-12-25T19:39:03,21.31013,-157.86796,0.0,53.6,163.0,MOUNT BAKER,IMO9822906,WDJ6673,52.0,5.0,40.0,12.0,5.5,52.0,A
367776660,2024-12-25T19:24:03,21.31013,-157.86799,0.0,53.6,164.0,MOUNT BAKER,IMO9822906,WDJ6673,52.0,5.0,40.0,12.0,5.5,52.0,A
367776660,2024-12-25T17:20:56,21.31006,-157.86801,0.0,53.6,163.0,MOUNT BAKER,IMO9822906,WDJ6673,52.0,5.0,40.0,12.0,5.5,52.0,A
367776660,2024-12-25T19:45:01,21.31016,-157.868,0.0,53.6,164.0,MOUNT BAKER,IMO9822906,WDJ6673,52.0,5.0,40.0,12.0,5.5,52.0,A
367776660,2024-12-25T19:54:01,21.31012,-157.86796,0.0,53.6,164.0,MOUNT BAKER,IMO9822906,WDJ6673,52.0,5.0,40.0,12.0,5.5,52.0,A
367776660,2024-12-25T19:57:03,21.31013,-157.86798,0.0,53.6,163.0,MOUNT BAKER,IMO9822906,WDJ6673,52.0,5.0,40.0,12.0,5.5,52.0,A
367776660,2024-12-25T19:47:59,21.31012,-157.86797,0.0,53.6,163.0,MOUNT BAKER,IMO9822906,WDJ6673,52.0,5.0,40.0,12.0,5.5,52.0,A
367776660,2024-12-25T20:00:02,21.31017,-157.86799,0.0,53.6,163.0,MOUNT BAKER,IMO9822906,WDJ6673,52.0,5.0,40.0,12.0,5.5,52.0,A
367776660,2024-12-25T20:06:00,21.31013,-157.86797,0.0,53.6,164.0,MOUNT BAKER,IMO9822906,WDJ6673,52.0,5.0,40.0,12.0,5.5,52.0,A
367776660,2024-12-25T02:25:53,21.27866,-158.12496,10.5,156.1,154.0,MOUNT BAKER,IMO9822906,WDJ6673,52.0,0.0,40.0,12.0,5.5,52.0,A
367776660,2024-12-25T02:29:24,21.26967,-158.11943,10.6,146.5,145.0,MOUNT BAKER,IMO9822906,WDJ6673,52.0,0.0,40.0,12.0,5.5,52.0,A
367776660,2024-12-25T20:09:05,21.31014,-157.86799,0.0,53.6,162.0,MOUNT BAKER,IMO9822906,WDJ6673,52.0,5.0,40.0,12.0,5.5,52.0,A
367776660,2024-12-25T17:57:00,21.31007,-157.86797,0.0,53.6,162.0,MOUNT BAKER,IMO9822906,WDJ6673,52.0,5.0,40.0,12.0,5.5,52.0,A
367776660,2024-12-25T19:51:01,21.31015,-157.86795,0.0,53.6,162.0,MOUNT BAKER,IMO9822906,WDJ6673,52.0,5.0,40.0,12.0,5.5,52.0,A
367776660,2024-12-25T20:15:03,21.31007,-157.86805,0.0,53.6,163.0,MOUNT BAKER,IMO9822906,WDJ6673,52.0,5.0,40.0,12.0,5.5,52.0,A
367776660,2024-12-25T20:17:56,21.31011,-157.86801,0.0,53.6,163.0,MOUNT BAKER,IMO9822906,WDJ6673,52.0,5.0,40.0,12.0,5.5,52.0,A
367776660,2024-12-25T02:33:43,21.26132,-158.10927,10.5,127.3,124.0,MOUNT BAKER,IMO9822906,WDJ6673,52.0,0.0,40.0,12.0,5.5,52.0,A
367776660,2024-12-25T20:27:06,21.31017,-157.86804,0.0,53.6,163.0,MOUNT BAKER,IMO9822906,WDJ6673,52.0,5.0,40.0,12.0,5.5,52.0,A
367776660,2024-12-25T20:30:03,21.3101,-157.86807,0.0,53.6,163.0,MOUNT BAKER,IMO9822906,WDJ6673,52.0,5.0,40.0,12.0,5.5,52.0,A
367776660,2024-12-25T20:42:03,21.31013,-157.868,0.0,53.6,163.0,MOUNT BAKER,IMO9822906,WDJ6673,52.0,5.0,40.0,12.0,5.5,52.0,A
367776660,2024-12-25T18:24:00,21.3101,-157.86798,0.0,53.6,162.0,MOUNT BAKER,IMO9822906,WDJ6673,52.0,5.0,40.0,12.0,5.5,52.0,A
367776660,2024-12-25T20:48:01,21.31014,-157.86797,0.0,53.6,163.0,MOUNT BAKER,IMO9822906,WDJ6673,52.0,5.0,40.0,12.0,5.5,52.0,A
367776660,2024-12-25T20:57:00,21.31011,-157.868,0.0,53.6,165.0,MOUNT BAKER,IMO9822906,WDJ6673,52.0,5.0,40.0,12.0,5.5,52.0,A
367776660,2024-12-25T20:54:00,21.31013,-157.86803,0.0,53.6,164.0,MOUNT BAKER,IMO9822906,WDJ6673,52.0,5.0,40.0,12.0,5.5,52.0,A
367776660,2024-12-25T18:30:00,21.31006,-157.86797,0.0,53.6,163.0,MOUNT BAKER,IMO9822906,WDJ6673,52.0,5.0,40.0,12.0,5.5,52.0,A
367776660,2024-12-25T20:59:59,21.31015,-157.868,0.0,53.6,164.0,MOUNT BAKER,IMO9822906,WDJ6673,52.0,5.0,40.0,12.0,5.5,52.0,A
367776660,2024-12-25T21:03:01,21.31021,-157.86797,0.0,53.6,163.0,MOUNT BAKER,IMO9822906,WDJ6673,52.0,5.0,40.0,12.0,5.5,52.0,A
367776660,2024-12-25T21:05:59,21.31012,-157.86802,0.0,53.6,165.0,MOUNT BAKER,IMO9822906,WDJ6673,52.0,5.0,40.0,12.0,5.5,52.0,A
367776660,2024-12-25T02:54:36,21.24137,-158.04832,10.5,91.4,89.0,MOUNT BAKER,IMO9822906,WDJ6673,52.0,0.0,40.0,12.0,5.5,52.0,A
367776660,2024-12-25T21:12:00,21.3101,-157.86798,0.0,53.6,162.0,MOUNT BAKER,IMO9822906,WDJ6673,52.0,5.0,40.0,12.0,5.5,52.0,A
367776660,2024-12-25T21:21:05,21.31019,-157.86801,0.0,53.6,163.0,MOUNT BAKER,IMO9822906,WDJ6673,52.0,5.0,40.0,12.0,5.5,52.0,A
367776660,2024-12-25T21:27:04,21.31011,-157.86798,0.0,53.6,164.0,MOUNT BAKER,IMO9822906,WDJ6673,52.0,5.0,40.0,12.0,5.5,52.0,A
367776660,2024-12-25T21:30:00,21.31008,-157.86802,0.0,53.6,164.0,MOUNT BAKER,IMO9822906,WDJ6673,52.0,5.0,40.0,12.0,5.5,52.0,A
367776660,2024-12-25T21:33:02,21.31014,-157.86802,0.0,53.6,164.0,MOUNT BAKER,IMO9822906,WDJ6673,52.0,5.0,40.0,12.0,5.5,52.0,A
367776660,2024-12-25T21:42:01,21.31012,-157.86798,0.0,53.6,164.0,MOUNT BAKER,IMO9822906,WDJ6673,52.0,5.0,40.0,12.0,5.5,52.0,A
367776660,2024-12-25T21:45:01,21.31013,-157.868,0.0,53.6,161.0,MOUNT BAKER,IMO9822906,WDJ6673,52.0,5.0,40.0,12.0,5.5,52.0,A
367776660,2024-12-25T22:00:00,21.3101,-157.86802,0.0,53.6,163.0,MOUNT BAKER,IMO9822906,WDJ6673,52.0,5.0,40.0,12.0,5.5,52.0,A
367776660,2024-12-25T21:51:00,21.31003,-157.86805,0.0,53.6,162.0,MOUNT BAKER,IMO9822906,WDJ6673,52.0,5.0,40.0,12.0,5.5,52.0,A
367776660,2024-12-25T22:02:59,21.31014,-157.86801,0.0,53.6,164.0,MOUNT BAKER,IMO9822906,WDJ6673,52.0,5.0,40.0,12.0,5.5,52.0,A
367776660,2024-12-25T21:54:01,21.31012,-157.86802,0.0,53.6,162.0,MOUNT BAKER,IMO9822906,WDJ6673,52.0,5.0,40.0,12.0,5.5,52.0,A
367776660,2024-12-25T22:15:02,21.31017,-157.86801,0.0,53.6,163.0,MOUNT BAKER,IMO9822906,WDJ6673,52.0,5.0,40.0,12.0,5.5,52.0,A
367776660,2024-12-25T19:36:00,21.31013,-157.868,0.0,53.6,163.0,MOUNT BAKER,IMO9822906,WDJ6673,52.0,5.0,40.0,12.0,5.5,52.0,A
367776660,2024-12-25T22:09:01,21.31017,-157.86799,0.0,53.6,163.0,MOUNT BAKER,IMO9822906,WDJ6673,52.0,5.0,40.0,12.0,5.5,52.0,A
367776660,2024-12-25T22:18:00,21.31016,-157.86811,0.0,53.6,163.0,MOUNT BAKER,IMO9822906,WDJ6673,52.0,5.0,40.0,12.0,5.5,52.0,A
367776660,2024-12-25T21:57:00,21.31013,-157.86802,0.0,53.6,163.0,MOUNT BAKER,IMO9822906,WDJ6673,52.0,5.0,40.0,12.0,5.5,52.0,A
367776660,2024-12-25T22:24:02,21.31029,-157.86815,0.0,53.6,163.0,MOUNT BAKER,IMO9822906,WDJ6673,52.0,5.0,40.0,12.0,5.5,52.0,A
367776660,2024-12-25T22:36:01,21.31001,-157.86814,0.0,53.6,165.0,MOUNT BAKER,IMO9822906,WDJ6673,52.0,5.0,40.0,12.0,5.5,52.0,A
367776660,2024-12-25T22:30:00,21.31022,-157.868,0.0,53.6,163.0,MOUNT BAKER,IMO9822906,WDJ6673,52.0,5.0,40.0,12.0,5.5,52.0,A
367776660,2024-12-25T22:42:00,21.31005,-157.86806,0.0,53.6,163.0,MOUNT BAKER,IMO9822906,WDJ6673,52.0,5.0,40.0,12.0,5.5,52.0,A
367776660,2024-12-25T22:44:59,21.31023,-157.86799,0.0,53.6,163.0,MOUNT BAKER,IMO9822906,WDJ6673,52.0,5.0,40.0,12.0,5.5,52.0,A
367776660,2024-12-25T23:03:01,21.3101,-157.86798,0.0,53.6,164.0,MOUNT BAKER,IMO9822906,WDJ6673,52.0,5.0,40.0,12.0,5.5,52.0,A
367776660,2024-12-25T22:32:59,21.3102,-157.86801,0.0,53.6,164.0,MOUNT BAKER,IMO9822906,WDJ6673,52.0,5.0,40.0,12.0,5.5,52.0,A
367776660,2024-12-25T23:09:00,21.31016,-157.86803,0.0,53.6,163.0,MOUNT BAKER,IMO9822906,WDJ6673,52.0,5.0,40.0,12.0,5.5,52.0,A
367776660,2024-12-25T23:06:02,21.31011,-157.868,0.0,53.6,163.0,MOUNT BAKER,IMO9822906,WDJ6673,52.0,5.0,40.0,12.0,5.5,52.0,A
367776660,2024-12-25T22:38:57,21.31021,-157.86805,0.0,53.6,163.0,MOUNT BAKER,IMO9822906,WDJ6673,52.0,5.0,40.0,12.0,5.5,52.0,A
367776660,2024-12-25T20:24:02,21.31017,-157.86798,0.0,53.6,163.0,MOUNT BAKER,IMO9822906,WDJ6673,52.0,5.0,40.0,12.0,5.5,52.0,A
367776660,2024-12-25T23:18:02,21.31016,-157.86803,0.0,53.6,164.0,MOUNT BAKER,IMO9822906,WDJ6673,52.0,5.0,40.0,12.0,5.5,52.0,A
367776660,2024-12-25T22:48:02,21.31028,-157.86803,0.0,53.6,163.0,MOUNT BAKER,IMO9822906,WDJ6673,52.0,5.0,40.0,12.0,5.5,52.0,A
367776660,2024-12-25T22:57:02,21.3101,-157.86815,0.0,53.6,163.0,MOUNT BAKER,IMO9822906,WDJ6673,52.0,5.0,40.0,12.0,5.5,52.0,A
367776660,2024-12-25T23:21:03,21.31,-157.86812,0.0,53.6,162.0,MOUNT BAKER,IMO9822906,WDJ6673,52.0,5.0,40.0,12.0,5.5,52.0,A
367776660,2024-12-25T23:00:02,21.31007,-157.868,0.0,53.6,163.0,MOUNT BAKER,IMO9822906,WDJ6673,52.0,5.0,40.0,12.0,5.5,52.0,A
367776660,2024-12-25T23:24:01,21.3102,-157.86803,0.0,53.6,163.0,MOUNT BAKER,IMO9822906,WDJ6673,52.0,5.0,40.0,12.0,5.5,52.0,A
367776660,2024-12-25T23:36:02,21.31015,-157.86799,0.0,53.6,162.0,MOUNT BAKER,IMO9822906,WDJ6673,52.0,5.0,40.0,12.0,5.5,52.0,A
367776660,2024-12-25T23:39:06,21.3102,-157.86801,0.0,53.6,163.0,MOUNT BAKER,IMO9822906,WDJ6673,52.0,5.0,40.0,12.0,5.5,52.0,A
367776660,2024-12-25T23:42:02,21.31021,-157.86801,0.0,53.6,162.0,MOUNT BAKER,IMO9822906,WDJ6673,52.0,5.0,40.0,12.0,5.5,52.0,A
367776660,2024-12-25T23:50:57,21.31015,-157.86792,0.0,53.6,161.0,MOUNT BAKER,IMO9822906,WDJ6673,52.0,5.0,40.0,12.0,5.5,52.0,A
367776660,2024-12-25T23:45:07,21.3102,-157.86799,0.0,53.6,162.0,MOUNT BAKER,IMO9822906,WDJ6673,52.0,5.0,40.0,12.0,5.5,52.0,A
367776660,2024-12-25T23:53:59,21.31011,-157.86801,0.0,53.6,163.0,MOUNT BAKER,IMO9822906,WDJ6673,52.0,5.0,40.0,12.0,5.5,52.0,A
367776660,2024-12-25T23:57:01,21.31014,-157.86799,0.0,53.6,162.0,MOUNT BAKER,IMO9822906,WDJ6673,52.0,5.0,40.0,12.0,5.5,52.0,A
367776660,2024-12-25T23:59:59,21.31014,-157.86794,0.0,53.6,164.0,MOUNT BAKER,IMO9822906,WDJ6673,52.0,5.0,40.0,12.0,5.5,52.0,A
367776660,2024-12-25T23:33:05,21.31014,-157.86801,0.0,53.6,162.0,MOUNT BAKER,IMO9822906,WDJ6673,52.0,5.0,40.0,12.0,5.5,52.0,A
367776660,2024-12-25T21:15:04,21.31014,-157.86806,0.0,53.6,163.0,MOUNT BAKER,IMO9822906,WDJ6673,52.0,5.0,40.0,12.0,5.5,52.0,A
367776660,2024-12-25T21:18:00,21.31013,-157.868,0.0,53.6,163.0,MOUNT BAKER,IMO9822906,WDJ6673,52.0,5.0,40.0,12.0,5.5,52.0,A
367776660,2024-12-25T03:10:53,21.24208,-157.99784,10.4,81.1,79.0,MOUNT BAKER,IMO9822906,WDJ6673,52.0,0.0,40.0,12.0,5.5,52.0,A
367776660,2024-12-25T03:25:27,21.2526,-157.95437,10.5,67.4,64.0,MOUNT BAKER,IMO9822906,WDJ6673,52.0,0.0,40.0,12.0,5.5,52.0,A
367776660,2024-12-25T04:02:06,21.29302,-157.87252,6.4,28.8,28.0,MOUNT BAKER,IMO9822906,WDJ6673,52.0,0.0,40.0,12.0,5.5,52.0,A
367776660,2024-12-25T04:04:17,21.29654,-157.87043,6.9,29.2,29.0,MOUNT BAKER,IMO9822906,WDJ6673,52.0,0.0,40.0,12.0,5.5,52.0,A
367776660,2024-12-25T22:12:01,21.31019,-157.86797,0.0,53.6,161.0,MOUNT BAKER,IMO9822906,WDJ6673,52.0,5.0,40.0,12.0,5.5,52.0,A
367776660,2024-12-25T04:06:22,21.29998,-157.86839,6.6,25.7,24.0,MOUNT BAKER,IMO9822906,WDJ6673,52.0,0.0,40.0,12.0,5.5,52.0,A
367776660,2024-12-25T04:07:26,21.30166,-157.86781,5.8,8.5,1.0,MOUNT BAKER,IMO9822906,WDJ6673,52.0,0.0,40.0,12.0,5.5,52.0,A
367776660,2024-12-25T04:19:09,21.31119,-157.87581,0.7,287.6,111.0,MOUNT BAKER,IMO9822906,WDJ6673,52.0,0.0,40.0,12.0,5.5,52.0,A
367776660,2024-12-25T04:21:17,21.31131,-157.87618,0.7,2.5,104.0,MOUNT BAKER,IMO9822906,WDJ6673,52.0,0.0,40.0,12.0,5.5,52.0,A
367776660,2024-12-25T04:24:24,21.31216,-157.87672,1.4,312.2,120.0,MOUNT BAKER,IMO9822906,WDJ6673,52.0,0.0,40.0,12.0,5.5,52.0,A
367776660,2024-12-25T04:30:22,21.3129,-157.87702,0.0,328.8,124.0,MOUNT BAKER,IMO9822906,WDJ6673,52.0,0.0,40.0,12.0,5.5,52.0,A
367776660,2024-12-25T04:31:33,21.3129,-157.87703,0.0,328.8,126.0,MOUNT BAKER,IMO9822906,WDJ6673,52.0,0.0,40.0,12.0,5.5,52.0,A
367776660,2024-12-25T22:54:03,21.31015,-157.86795,0.0,53.6,163.0,MOUNT BAKER,IMO9822906,WDJ6673,52.0,5.0,40.0,12.0,5.5,52.0,A
367776660,2024-12-25T04:53:55,21.31016,-157.86795,0.0,53.6,162.0,MOUNT BAKER,IMO9822906,WDJ6673,52.0,5.0,40.0,12.0,5.5,52.0,A
367776660,2024-12-25T23:15:02,21.31016,-157.86802,0.0,53.6,164.0,MOUNT BAKER,IMO9822906,WDJ6673,52.0,5.0,40.0,12.0,5.5,52.0,A
367776660,2024-12-25T23:27:04,21.31019,-157.86801,0.0,53.6,163.0,MOUNT BAKER,IMO9822906,WDJ6673,52.0,5.0,40.0,12.0,5.5,52.0,A
367776660,2024-12-25T23:30:03,21.31014,-157.86801,0.0,53.6,163.0,MOUNT BAKER,IMO9822906,WDJ6673,52.0,5.0,40.0,12.0,5.5,52.0,A
367776660,2024-12-25T06:30:02,21.31014,-157.86798,0.0,53.6,161.0,MOUNT BAKER,IMO9822906,WDJ6673,52.0,5.0,40.0,12.0,5.5,52.0,A
367776660,2024-12-25T07:38:57,21.31019,-157.86793,0.0,53.6,161.0,MOUNT BAKER,IMO9822906,WDJ6673,52.0,5.0,40.0,12.0,5.5,52.0,A
367776660,2024-12-25T08:03:00,21.31016,-157.86799,0.1,53.6,163.0,MOUNT BAKER,IMO9822906,WDJ6673,52.0,5.0,40.0,12.0,5.5,52.0,A
367776660,2024-12-25T08:17:57,21.31014,-157.86799,0.0,53.6,163.0,MOUNT BAKER,IMO9822906,WDJ6673,52.0,5.0,40.0,12.0,5.5,52.0,A
367776660,2024-12-25T08:41:57,21.31011,-157.86801,0.0,53.6,161.0,MOUNT BAKER,IMO9822906,WDJ6673,52.0,5.0,40.0,12.0,5.5,52.0,A
367776660,2024-12-25T08:59:57,21.3101,-157.86798,0.0,53.6,162.0,MOUNT BAKER,IMO9822906,WDJ6673,52.0,5.0,40.0,12.0,5.5,52.0,A
367776660,2024-12-25T09:02:56,21.3101,-157.86797,0.0,53.6,163.0,MOUNT BAKER,IMO9822906,WDJ6673,52.0,5.0,40.0,12.0,5.5,52.0,A
367776660,2024-12-25T10:00:01,21.31012,-157.86802,0.0,53.6,162.0,MOUNT BAKER,IMO9822906,WDJ6673,52.0,5.0,40.0,12.0,5.5,52.0,A
367776660,2024-12-25T11:33:00,21.3101,-157.86794,0.0,53.6,164.0,MOUNT BAKER,IMO9822906,WDJ6673,52.0,5.0,40.0,12.0,5.5,52.0,A
367776660,2024-12-25T11:56:57,21.31011,-157.86793,0.0,53.6,163.0,MOUNT BAKER,IMO9822906,WDJ6673,52.0,5.0,40.0,12.0,5.5,52.0,A
367776660,2024-12-25T12:06:00,21.3101,-157.868,0.0,53.6,163.0,MOUNT BAKER,IMO9822906,WDJ6673,52.0,5.0,40.0,12.0,5.5,52.0,A
367776660,2024-12-25T13:18:00,21.31011,-157.86796,0.0,53.6,160.0,MOUNT BAKER,IMO9822906,WDJ6673,52.0,5.0,40.0,12.0,5.5,52.0,A
367776660,2024-12-25T13:50:59,21.31017,-157.86793,0.0,53.6,162.0,MOUNT BAKER,IMO9822906,WDJ6673,52.0,5.0,40.0,12.0,5.5,52.0,A
367776660,2024-12-25T14:12:04,21.31011,-157.86803,0.0,53.6,162.0,MOUNT BAKER,IMO9822906,WDJ6673,52.0,5.0,40.0,12.0,5.5,52.0,A
367776660,2024-12-25T14:36:02,21.31013,-157.86794,0.0,53.6,162.0,MOUNT BAKER,IMO9822906,WDJ6673,52.0,5.0,40.0,12.0,5.5,52.0,A
367776660,2024-12-25T15:11:59,21.31009,-157.86799,0.0,53.6,161.0,MOUNT BAKER,IMO9822906,WDJ6673,52.0,5.0,40.0,12.0,5.5,52.0,A
367776660,2024-12-25T15:29:59,21.31006,-157.86801,0.0,53.6,163.0,MOUNT BAKER,IMO9822906,WDJ6673,52.0,5.0,40.0,12.0,5.5,52.0,A
367776660,2024-12-25T15:56:59,21.31008,-157.86799,0.0,53.6,161.0,MOUNT BAKER,IMO9822906,WDJ6673,52.0,5.0,40.0,12.0,5.5,52.0,A
367776660,2024-12-25T16:00:00,21.31005,-157.86805,0.0,53.6,162.0,MOUNT BAKER,IMO9822906,WDJ6673,52.0,5.0,40.0,12.0,5.5,52.0,A
367776660,2024-12-25T16:08:58,21.31018,-157.86809,0.0,53.6,162.0,MOUNT BAKER,IMO9822906,WDJ6673,52.0,5.0,40.0,12.0,5.5,52.0,A
367776660,2024-12-25T16:21:01,21.31008,-157.86788,0.0,53.6,162.0,MOUNT BAKER,IMO9822906,WDJ6673,52.0,5.0,40.0,12.0,5.5,52.0,A
367776660,2024-12-25T16:30:00,21.31007,-157.868,0.0,53.6,164.0,MOUNT BAKER,IMO9822906,WDJ6673,52.0,5.0,40.0,12.0,5.5,52.0,A
367776660,2024-12-25T17:12:01,21.31013,-157.86798,0.0,53.6,163.0,MOUNT BAKER,IMO9822906,WDJ6673,52.0,5.0,40.0,12.0,5.5,52.0,A
367776660,2024-12-25T17:18:00,21.31007,-157.86798,0.0,53.6,162.0,MOUNT BAKER,IMO9822906,WDJ6673,52.0,5.0,40.0,12.0,5.5,52.0,A
367776660,2024-12-25T17:33:00,21.31009,-157.86798,0.0,53.6,162.0,MOUNT BAKER,IMO9822906,WDJ6673,52.0,5.0,40.0,12.0,5.5,52.0,A
367776660,2024-12-25T18:17:56,21.31013,-157.86798,0.0,53.6,162.0,MOUNT BAKER,IMO9822906,WDJ6673,52.0,5.0,40.0,12.0,5.5,52.0,A
367776660,2024-12-25T18:21:01,21.31008,-157.86797,0.0,53.6,162.0,MOUNT BAKER,IMO9822906,WDJ6673,52.0,5.0,40.0,12.0,5.5,52.0,A
367776660,2024-12-25T19:00:01,21.31015,-157.868,0.0,53.6,164.0,MOUNT BAKER,IMO9822906,WDJ6673,52.0,5.0,40.0,12.0,5.5,52.0,A
367776660,2024-12-25T19:21:02,21.31016,-157.86799,0.0,53.6,163.0,MOUNT BAKER,IMO9822906,WDJ6673,52.0,5.0,40.0,12.0,5.5,52.0,A
367776660,2024-12-25T19:41:58,21.31013,-157.86797,0.0,53.6,164.0,MOUNT BAKER,IMO9822906,WDJ6673,52.0,5.0,40.0,12.0,5.5,52.0,A
367776660,2024-12-25T20:03:04,21.31015,-157.86798,0.0,53.6,164.0,MOUNT BAKER,IMO9822906,WDJ6673,52.0,5.0,40.0,12.0,5.5,52.0,A
367776660,2024-12-25T20:12:01,21.31012,-157.86799,0.0,53.6,163.0,MOUNT BAKER,IMO9822906,WDJ6673,52.0,5.0,40.0,12.0,5.5,52.0,A
367776660,2024-12-25T20:21:04,21.31011,-157.868,0.0,53.6,162.0,MOUNT BAKER,IMO9822906,WDJ6673,52.0,5.0,40.0,12.0,5.5,52.0,A
367776660,2024-12-25T20:33:06,21.31016,-157.86805,0.0,53.6,163.0,MOUNT BAKER,IMO9822906,WDJ6673,52.0,5.0,40.0,12.0,5.5,52.0,A
367776660,2024-12-25T20:39:07,21.31011,-157.86809,0.0,53.6,164.0,MOUNT BAKER,IMO9822906,WDJ6673,52.0,5.0,40.0,12.0,5.5,52.0,A
367776660,2024-12-25T20:44:57,21.31013,-157.86799,0.0,53.6,163.0,MOUNT BAKER,IMO9822906,WDJ6673,52.0,5.0,40.0,12.0,5.5,52.0,A
367776660,2024-12-25T20:51:00,21.31016,-157.86801,0.0,53.6,163.0,MOUNT BAKER,IMO9822906,WDJ6673,52.0,5.0,40.0,12.0,5.5,52.0,A
367776660,2024-12-25T22:06:01,21.31013,-157.86802,0.0,53.6,163.0,MOUNT BAKER,IMO9822906,WDJ6673,52.0,5.0,40.0,12.0,5.5,52.0,A
367776660,2024-12-25T22:21:00,21.31016,-157.86803,0.0,53.6,163.0,MOUNT BAKER,IMO9822906,WDJ6673,52.0,5.0,40.0,12.0,5.5,52.0,A
367776660,2024-12-25T22:27:00,21.31033,-157.86809,0.0,53.6,164.0,MOUNT BAKER,IMO9822906,WDJ6673,52.0,5.0,40.0,12.0,5.5,52.0,A
367776660,2024-12-25T23:48:01,21.31017,-157.86793,0.0,53.6,163.0,MOUNT BAKER,IMO9822906,WDJ6673,52.0,5.0,40.0,12.0,5.5,52.0,A
367776660,2024-12-26T00:03:03,21.31018,-157.86797,0.0,53.6,165.0,MOUNT BAKER,IMO9822906,WDJ6673,52.0,5.0,40.0,12.0,5.5,52.0,A
367776660,2024-12-26T00:06:02,21.31016,-157.86793,0.0,53.6,163.0,MOUNT BAKER,IMO9822906,WDJ6673,52.0,5.0,40.0,12.0,5.5,52.0,A
367776660,2024-12-26T00:09:03,21.31017,-157.86797,0.0,53.6,164.0,MOUNT BAKER,IMO9822906,WDJ6673,52.0,5.0,40.0,12.0,5.5,52.0,A
367776660,2024-12-26T00:15:04,21.31014,-157.86798,0.0,53.6,163.0,MOUNT BAKER,IMO9822906,WDJ6673,52.0,5.0,40.0,12.0,5.5,52.0,A
367776660,2024-12-26T00:18:03,21.31011,-157.86793,0.0,53.6,165.0,MOUNT BAKER,IMO9822906,WDJ6673,52.0,5.0,40.0,12.0,5.5,52.0,A
367776660,2024-12-26T00:27:06,21.31018,-157.86796,0.0,53.6,166.0,MOUNT BAKER,IMO9822906,WDJ6673,52.0,5.0,40.0,12.0,5.5,52.0,A
367776660,2024-12-26T00:30:00,21.31015,-157.86795,0.0,53.6,164.0,MOUNT BAKER,IMO9822906,WDJ6673,52.0,5.0,40.0,12.0,5.5,52.0,A
367776660,2024-12-26T00:33:08,21.31018,-157.86796,0.0,53.6,164.0,MOUNT BAKER,IMO9822906,WDJ6673,52.0,5.0,40.0,12.0,5.5,52.0,A
367776660,2024-12-26T00:12:01,21.31021,-157.86799,0.0,53.6,165.0,MOUNT BAKER,IMO9822906,WDJ6673,52.0,5.0,40.0,12.0,5.5,52.0,A
367776660,2024-12-26T00:42:00,21.31017,-157.86798,0.0,53.6,164.0,MOUNT BAKER,IMO9822906,WDJ6673,52.0,5.0,40.0,12.0,5.5,52.0,A
367776660,2024-12-26T00:45:07,21.31015,-157.86799,0.0,53.6,164.0,MOUNT BAKER,IMO9822906,WDJ6673,52.0,5.0,40.0,12.0,5.5,52.0,A
367776660,2024-12-26T00:48:00,21.31018,-157.86795,0.0,53.6,162.0,MOUNT BAKER,IMO9822906,WDJ6673,52.0,5.0,40.0,12.0,5.5,52.0,A
367776660,2024-12-26T00:54:02,21.31018,-157.86797,0.0,53.6,165.0,MOUNT BAKER,IMO9822906,WDJ6673,52.0,5.0,40.0,12.0,5.5,52.0,A
367776660,2024-12-26T01:00:04,21.31022,-157.8679,0.0,53.6,161.0,MOUNT BAKER,IMO9822906,WDJ6673,52.0,5.0,40.0,12.0,5.5,52.0,A
367776660,2024-12-26T00:57:06,21.31019,-157.86798,0.0,53.6,164.0,MOUNT BAKER,IMO9822906,WDJ6673,52.0,5.0,40.0,12.0,5.5,52.0,A
367776660,2024-12-26T01:03:06,21.31015,-157.86795,0.0,53.6,165.0,MOUNT BAKER,IMO9822906,WDJ6673,52.0,5.0,40.0,12.0,5.5,52.0,A
367776660,2024-12-26T01:09:04,21.31013,-157.86795,0.0,53.6,165.0,MOUNT BAKER,IMO9822906,WDJ6673,52.0,5.0,40.0,12.0,5.5,52.0,A
367776660,2024-12-26T01:18:01,21.31016,-157.86797,0.0,53.6,164.0,MOUNT BAKER,IMO9822906,WDJ6673,52.0,5.0,40.0,12.0,5.5,52.0,A
367776660,2024-12-26T01:15:06,21.31019,-157.86797,0.0,53.6,164.0,MOUNT BAKER,IMO9822906,WDJ6673,52.0,5.0,40.0,12.0,5.5,52.0,A
367776660,2024-12-26T01:21:06,21.31015,-157.86792,0.0,53.6,165.0,MOUNT BAKER,IMO9822906,WDJ6673,52.0,5.0,40.0,12.0,5.5,52.0,A
367776660,2024-12-26T00:21:05,21.31018,-157.86796,0.0,53.6,165.0,MOUNT BAKER,IMO9822906,WDJ6673,52.0,5.0,40.0,12.0,5.5,52.0,A
367776660,2024-12-26T01:24:01,21.31014,-157.86799,0.0,53.6,165.0,MOUNT BAKER,IMO9822906,WDJ6673,52.0,5.0,40.0,12.0,5.5,52.0,A
367776660,2024-12-26T01:30:03,21.3102,-157.86797,0.0,53.6,163.0,MOUNT BAKER,IMO9822906,WDJ6673,52.0,5.0,40.0,12.0,5.5,52.0,A
367776660,2024-12-26T01:33:07,21.3102,-157.86793,0.0,53.6,163.0,MOUNT BAKER,IMO9822906,WDJ6673,52.0,5.0,40.0,12.0,5.5,52.0,A
367776660,2024-12-26T01:36:04,21.31014,-157.86795,0.0,53.6,164.0,MOUNT BAKER,IMO9822906,WDJ6673,52.0,5.0,40.0,12.0,5.5,52.0,A
367776660,2024-12-26T01:39:05,21.31031,-157.8678,0.0,53.6,164.0,MOUNT BAKER,IMO9822906,WDJ6673,52.0,5.0,40.0,12.0,5.5,52.0,A
367776660,2024-12-26T01:42:05,21.31012,-157.86795,0.0,53.6,164.0,MOUNT BAKER,IMO9822906,WDJ6673,52.0,5.0,40.0,12.0,5.5,52.0,A
367776660,2024-12-26T01:45:07,21.31016,-157.86792,0.0,53.6,165.0,MOUNT BAKER,IMO9822906,WDJ6673,52.0,5.0,40.0,12.0,5.5,52.0,A
367776660,2024-12-26T01:48:05,21.31014,-157.86793,0.0,53.6,165.0,MOUNT BAKER,IMO9822906,WDJ6673,52.0,5.0,40.0,12.0,5.5,52.0,A
367776660,2024-12-26T01:51:06,21.31009,-157.86793,0.0,53.6,164.0,MOUNT BAKER,IMO9822906,WDJ6673,52.0,5.0,40.0,12.0,5.5,52.0,A
367776660,2024-12-26T02:00:04,21.31014,-157.86795,0.0,53.6,164.0,MOUNT BAKER,IMO9822906,WDJ6673,52.0,5.0,40.0,12.0,5.5,52.0,A
367776660,2024-12-26T01:54:03,21.3101,-157.86797,0.0,53.6,165.0,MOUNT BAKER,IMO9822906,WDJ6673,52.0,5.0,40.0,12.0,5.5,52.0,A
367776660,2024-12-26T01:57:05,21.31016,-157.86803,0.0,53.6,163.0,MOUNT BAKER,IMO9822906,WDJ6673,52.0,5.0,40.0,12.0,5.5,52.0,A
367776660,2024-12-26T02:06:03,21.31014,-157.86798,0.0,53.6,164.0,MOUNT BAKER,IMO9822906,WDJ6673,52.0,5.0,40.0,12.0,5.5,52.0,A
367776660,2024-12-26T02:03:05,21.31017,-157.86798,0.0,53.6,163.0,MOUNT BAKER,IMO9822906,WDJ6673,52.0,5.0,40.0,12.0,5.5,52.0,A
367776660,2024-12-26T02:09:06,21.31019,-157.86798,0.0,53.6,163.0,MOUNT BAKER,IMO9822906,WDJ6673,52.0,5.0,40.0,12.0,5.5,52.0,A
367776660,2024-12-26T02:12:05,21.31012,-157.86801,0.0,53.6,165.0,MOUNT BAKER,IMO9822906,WDJ6673,52.0,5.0,40.0,12.0,5.5,52.0,A
367776660,2024-12-26T02:15:07,21.31012,-157.86801,0.0,53.6,162.0,MOUNT BAKER,IMO9822906,WDJ6673,52.0,5.0,40.0,12.0,5.5,52.0,A
367776660,2024-12-26T02:18:03,21.31013,-157.868,0.0,53.6,163.0,MOUNT BAKER,IMO9822906,WDJ6673,52.0,5.0,40.0,12.0,5.5,52.0,A
367776660,2024-12-26T02:20:58,21.31017,-157.868,0.0,53.6,163.0,MOUNT BAKER,IMO9822906,WDJ6673,52.0,5.0,40.0,12.0,5.5,52.0,A
367776660,2024-12-26T02:24:04,21.31017,-157.86804,0.0,53.6,163.0,MOUNT BAKER,IMO9822906,WDJ6673,52.0,5.0,40.0,12.0,5.5,52.0,A
367776660,2024-12-26T02:27:01,21.31017,-157.86796,0.0,53.6,163.0,MOUNT BAKER,IMO9822906,WDJ6673,52.0,5.0,40.0,12.0,5.5,52.0,A
367776660,2024-12-26T02:30:05,21.31016,-157.86798,0.0,53.6,165.0,MOUNT BAKER,IMO9822906,WDJ6673,52.0,5.0,40.0,12.0,5.5,52.0,A
367776660,2024-12-26T02:36:06,21.31007,-157.868,0.0,53.6,163.0,MOUNT BAKER,IMO9822906,WDJ6673,52.0,5.0,40.0,12.0,5.5,52.0,A
367776660,2024-12-26T02:33:03,21.31009,-157.86801,0.0,53.6,164.0,MOUNT BAKER,IMO9822906,WDJ6673,52.0,5.0,40.0,12.0,5.5,52.0,A
367776660,2024-12-26T02:39:01,21.31018,-157.868,0.0,53.6,162.0,MOUNT BAKER,IMO9822906,WDJ6673,52.0,5.0,40.0,12.0,5.5,52.0,A
367776660,2024-12-26T02:42:05,21.31016,-157.86798,0.0,53.6,163.0,MOUNT BAKER,IMO9822906,WDJ6673,52.0,5.0,40.0,12.0,5.5,52.0,A
367776660,2024-12-26T02:48:06,21.31,-157.86814,0.0,53.6,162.0,MOUNT BAKER,IMO9822906,WDJ6673,52.0,5.0,40.0,12.0,5.5,52.0,A
367776660,2024-12-26T02:51:02,21.31012,-157.86807,0.0,53.6,162.0,MOUNT BAKER,IMO9822906,WDJ6673,52.0,5.0,40.0,12.0,5.5,52.0,A
367776660,2024-12-26T02:54:05,21.31017,-157.86798,0.0,53.6,163.0,MOUNT BAKER,IMO9822906,WDJ6673,52.0,5.0,40.0,12.0,5.5,52.0,A
367776660,2024-12-26T02:57:02,21.31016,-157.86796,0.0,53.6,163.0,MOUNT BAKER,IMO9822906,WDJ6673,52.0,5.0,40.0,12.0,5.5,52.0,A
367776660,2024-12-26T02:45:00,21.31012,-157.8681,0.0,53.6,163.0,MOUNT BAKER,IMO9822906,WDJ6673,52.0,5.0,40.0,12.0,5.5,52.0,A
367776660,2024-12-26T00:36:00,21.31012,-157.86798,0.0,53.6,164.0,MOUNT BAKER,IMO9822906,WDJ6673,52.0,5.0,40.0,12.0,5.5,52.0,A
367776660,2024-12-26T03:06:03,21.31011,-157.86799,0.0,53.6,162.0,MOUNT BAKER,IMO9822906,WDJ6673,52.0,5.0,40.0,12.0,5.5,52.0,A
367776660,2024-12-26T03:00:04,21.31013,-157.86796,0.0,53.6,162.0,MOUNT BAKER,IMO9822906,WDJ6673,52.0,5.0,40.0,12.0,5.5,52.0,A
367776660,2024-12-26T03:09:04,21.31006,-157.86802,0.0,53.6,163.0,MOUNT BAKER,IMO9822906,WDJ6673,52.0,5.0,40.0,12.0,5.5,52.0,A
367776660,2024-12-26T03:15:04,21.31005,-157.86797,0.0,53.6,162.0,MOUNT BAKER,IMO9822906,WDJ6673,52.0,5.0,40.0,12.0,5.5,52.0,A
367776660,2024-12-26T03:12:02,21.3101,-157.86798,0.0,53.6,162.0,MOUNT BAKER,IMO9822906,WDJ6673,52.0,5.0,40.0,12.0,5.5,52.0,A
367776660,2024-12-26T03:21:06,21.31021,-157.8681,0.0,53.6,163.0,MOUNT BAKER,IMO9822906,WDJ6673,52.0,5.0,40.0,12.0,5.5,52.0,A
367776660,2024-12-26T03:18:00,21.31014,-157.86798,0.0,53.6,162.0,MOUNT BAKER,IMO9822906,WDJ6673,52.0,5.0,40.0,12.0,5.5,52.0,A
367776660,2024-12-26T00:39:07,21.31036,-157.86812,0.0,53.6,164.0,MOUNT BAKER,IMO9822906,WDJ6673,52.0,5.0,40.0,12.0,5.5,52.0,A
367776660,2024-12-26T03:27:05,21.31014,-157.868,0.0,53.6,163.0,MOUNT BAKER,IMO9822906,WDJ6673,52.0,5.0,40.0,12.0,5.5,52.0,A
367776660,2024-12-26T03:30:03,21.31007,-157.86803,0.0,53.6,162.0,MOUNT BAKER,IMO9822906,WDJ6673,52.0,5.0,40.0,12.0,5.5,52.0,A
367776660,2024-12-26T03:33:06,21.31014,-157.86803,0.0,53.6,163.0,MOUNT BAKER,IMO9822906,WDJ6673,52.0,5.0,40.0,12.0,5.5,52.0,A
367776660,2024-12-26T03:39:05,21.31009,-157.86791,0.0,53.6,163.0,MOUNT BAKER,IMO9822906,WDJ6673,52.0,5.0,40.0,12.0,5.5,52.0,A
367776660,2024-12-26T03:42:02,21.31011,-157.86796,0.0,53.6,163.0,MOUNT BAKER,IMO9822906,WDJ6673,52.0,5.0,40.0,12.0,5.5,52.0,A
367776660,2024-12-26T03:45:05,21.31013,-157.86795,0.0,53.6,162.0,MOUNT BAKER,IMO9822906,WDJ6673,52.0,5.0,40.0,12.0,5.5,52.0,A
367776660,2024-12-26T03:48:02,21.31013,-157.86794,0.0,53.6,163.0,MOUNT BAKER,IMO9822906,WDJ6673,52.0,5.0,40.0,12.0,5.5,52.0,A
367776660,2024-12-26T03:51:06,21.31003,-157.86803,0.0,53.6,163.0,MOUNT BAKER,IMO9822906,WDJ6673,52.0,5.0,40.0,12.0,5.5,52.0,A
367776660,2024-12-26T03:57:06,21.3101,-157.86799,0.0,53.6,163.0,MOUNT BAKER,IMO9822906,WDJ6673,52.0,5.0,40.0,12.0,5.5,52.0,A
367776660,2024-12-26T03:54:03,21.31017,-157.86795,0.0,53.6,162.0,MOUNT BAKER,IMO9822906,WDJ6673,52.0,5.0,40.0,12.0,5.5,52.0,A
367776660,2024-12-26T04:03:05,21.31016,-157.8681,0.0,53.6,162.0,MOUNT BAKER,IMO9822906,WDJ6673,52.0,5.0,40.0,12.0,5.5,52.0,A
367776660,2024-12-26T04:06:04,21.3101,-157.868,0.0,53.6,163.0,MOUNT BAKER,IMO9822906,WDJ6673,52.0,5.0,40.0,12.0,5.5,52.0,A
367776660,2024-12-26T04:15:04,21.31013,-157.868,0.0,53.6,162.0,MOUNT BAKER,IMO9822906,WDJ6673,52.0,5.0,40.0,12.0,5.5,52.0,A
367776660,2024-12-26T04:18:02,21.31017,-157.86816,0.0,53.6,163.0,MOUNT BAKER,IMO9822906,WDJ6673,52.0,5.0,40.0,12.0,5.5,52.0,A
367776660,2024-12-26T04:21:03,21.31014,-157.86801,0.0,53.6,164.0,MOUNT BAKER,IMO9822906,WDJ6673,52.0,5.0,40.0,12.0,5.5,52.0,A
367776660,2024-12-26T04:24:01,21.31018,-157.86801,0.0,53.6,163.0,MOUNT BAKER,IMO9822906,WDJ6673,52.0,5.0,40.0,12.0,5.5,52.0,A
367776660,2024-12-26T04:27:03,21.31023,-157.86805,0.0,53.6,163.0,MOUNT BAKER,IMO9822906,WDJ6673,52.0,5.0,40.0,12.0,5.5,52.0,A
367776660,2024-12-26T04:30:03,21.30998,-157.8681,0.0,53.6,163.0,MOUNT BAKER,IMO9822906,WDJ6673,52.0,5.0,40.0,12.0,5.5,52.0,A
367776660,2024-12-26T04:33:01,21.31013,-157.86802,0.0,53.6,163.0,MOUNT BAKER,IMO9822906,WDJ6673,52.0,5.0,40.0,12.0,5.5,52.0,A
367776660,2024-12-26T04:36:01,21.31014,-157.86803,0.0,53.6,163.0,MOUNT BAKER,IMO9822906,WDJ6673,52.0,5.0,40.0,12.0,5.5,52.0,A
367776660,2024-12-26T04:39:01,21.31006,-157.86808,0.0,53.6,162.0,MOUNT BAKER,IMO9822906,WDJ6673,52.0,5.0,40.0,12.0,5.5,52.0,A
367776660,2024-12-26T04:42:02,21.31012,-157.86803,0.0,53.6,162.0,MOUNT BAKER,IMO9822906,WDJ6673,52.0,5.0,40.0,12.0,5.5,52.0,A
367776660,2024-12-26T04:51:00,21.31005,-157.86812,0.0,53.6,162.0,MOUNT BAKER,IMO9822906,WDJ6673,52.0,5.0,40.0,12.0,5.5,52.0,A
367776660,2024-12-26T04:48:02,21.3102,-157.86794,0.0,53.6,163.0,MOUNT BAKER,IMO9822906,WDJ6673,52.0,5.0,40.0,12.0,5.5,52.0,A
367776660,2024-12-26T04:54:04,21.31011,-157.86792,0.0,53.6,163.0,MOUNT BAKER,IMO9822906,WDJ6673,52.0,5.0,40.0,12.0,5.5,52.0,A
367776660,2024-12-26T04:57:04,21.31013,-157.868,0.0,53.6,164.0,MOUNT BAKER,IMO9822906,WDJ6673,52.0,5.0,40.0,12.0,5.5,52.0,A
367776660,2024-12-26T05:06:02,21.31009,-157.86798,0.0,53.6,164.0,MOUNT BAKER,IMO9822906,WDJ6673,52.0,5.0,40.0,12.0,5.5,52.0,A
367776660,2024-12-26T05:12:02,21.3101,-157.86804,0.0,53.6,163.0,MOUNT BAKER,IMO9822906,WDJ6673,52.0,5.0,40.0,12.0,5.5,52.0,A
367776660,2024-12-26T05:18:02,21.3101,-157.868,0.0,53.6,164.0,MOUNT BAKER,IMO9822906,WDJ6673,52.0,5.0,40.0,12.0,5.5,52.0,A
367776660,2024-12-26T05:15:04,21.31012,-157.86797,0.0,53.6,164.0,MOUNT BAKER,IMO9822906,WDJ6673,52.0,5.0,40.0,12.0,5.5,52.0,A
367776660,2024-12-26T05:21:05,21.31008,-157.86805,0.0,53.6,163.0,MOUNT BAKER,IMO9822906,WDJ6673,52.0,5.0,40.0,12.0,5.5,52.0,A
367776660,2024-12-26T05:24:04,21.3101,-157.86802,0.0,53.6,163.0,MOUNT BAKER,IMO9822906,WDJ6673,52.0,5.0,40.0,12.0,5.5,52.0,A
367776660,2024-12-26T05:27:04,21.31006,-157.86797,0.0,53.6,163.0,MOUNT BAKER,IMO9822906,WDJ6673,52.0,5.0,40.0,12.0,5.5,52.0,A
367776660,2024-12-26T05:30:03,21.31011,-157.868,0.0,53.6,163.0,MOUNT BAKER,IMO9822906,WDJ6673,52.0,5.0,40.0,12.0,5.5,52.0,A
367776660,2024-12-26T05:33:03,21.3101,-157.86798,0.0,53.6,164.0,MOUNT BAKER,IMO9822906,WDJ6673,52.0,5.0,40.0,12.0,5.5,52.0,A
367776660,2024-12-26T05:36:04,21.31006,-157.86801,0.0,53.6,164.0,MOUNT BAKER,IMO9822906,WDJ6673,52.0,5.0,40.0,12.0,5.5,52.0,A
367776660,2024-12-26T05:38:59,21.31009,-157.86797,0.0,53.6,163.0,MOUNT BAKER,IMO9822906,WDJ6673,52.0,5.0,40.0,12.0,5.5,52.0,A
367776660,2024-12-26T05:42:04,21.31011,-157.86802,0.0,53.6,163.0,MOUNT BAKER,IMO9822906,WDJ6673,52.0,5.0,40.0,12.0,5.5,52.0,A
367776660,2024-12-26T01:12:02,21.31014,-157.86793,0.0,53.6,164.0,MOUNT BAKER,IMO9822906,WDJ6673,52.0,5.0,40.0,12.0,5.5,52.0,A
367776660,2024-12-26T05:45:01,21.31011,-157.86802,0.0,53.6,163.0,MOUNT BAKER,IMO9822906,WDJ6673,52.0,5.0,40.0,12.0,5.5,52.0,A
367776660,2024-12-26T05:48:05,21.31008,-157.86801,0.0,53.6,162.0,MOUNT BAKER,IMO9822906,WDJ6673,52.0,5.0,40.0,12.0,5.5,52.0,A
367776660,2024-12-26T05:54:03,21.31011,-157.86809,0.0,53.6,162.0,MOUNT BAKER,IMO9822906,WDJ6673,52.0,5.0,40.0,12.0,5.5,52.0,A
367776660,2024-12-26T06:00:03,21.31012,-157.868,0.0,53.6,162.0,MOUNT BAKER,IMO9822906,WDJ6673,52.0,5.0,40.0,12.0,5.5,52.0,A
367776660,2024-12-26T06:03:01,21.31008,-157.86803,0.0,53.6,163.0,MOUNT BAKER,IMO9822906,WDJ6673,52.0,5.0,40.0,12.0,5.5,52.0,A
367776660,2024-12-26T06:06:01,21.31007,-157.86803,0.0,53.6,164.0,MOUNT BAKER,IMO9822906,WDJ6673,52.0,5.0,40.0,12.0,5.5,52.0,A
367776660,2024-12-26T06:12:03,21.31008,-157.86803,0.0,53.6,162.0,MOUNT BAKER,IMO9822906,WDJ6673,52.0,5.0,40.0,12.0,5.5,52.0,A
367776660,2024-12-26T06:15:02,21.31005,-157.86808,0.0,53.6,163.0,MOUNT BAKER,IMO9822906,WDJ6673,52.0,5.0,40.0,12.0,5.5,52.0,A
367776660,2024-12-26T06:18:01,21.31012,-157.86805,0.0,53.6,163.0,MOUNT BAKER,IMO9822906,WDJ6673,52.0,5.0,40.0,12.0,5.5,52.0,A
367776660,2024-12-26T06:21:01,21.31009,-157.868,0.0,53.6,164.0,MOUNT BAKER,IMO9822906,WDJ6673,52.0,5.0,40.0,12.0,5.5,52.0,A
367776660,2024-12-26T06:24:02,21.31009,-157.86802,0.0,53.6,163.0,MOUNT BAKER,IMO9822906,WDJ6673,52.0,5.0,40.0,12.0,5.5,52.0,A
367776660,2024-12-26T06:27:01,21.31008,-157.86801,0.0,53.6,162.0,MOUNT BAKER,IMO9822906,WDJ6673,52.0,5.0,40.0,12.0,5.5,52.0,A
367776660,2024-12-26T06:30:02,21.31009,-157.86802,0.0,53.6,163.0,MOUNT BAKER,IMO9822906,WDJ6673,52.0,5.0,40.0,12.0,5.5,52.0,A
367776660,2024-12-26T06:33:03,21.31009,-157.868,0.0,53.6,163.0,MOUNT BAKER,IMO9822906,WDJ6673,52.0,5.0,40.0,12.0,5.5,52.0,A
367776660,2024-12-26T06:36:01,21.31009,-157.86799,0.0,53.6,163.0,MOUNT BAKER,IMO9822906,WDJ6673,52.0,5.0,40.0,12.0,5.5,52.0,A
367776660,2024-12-26T06:42:04,21.3101,-157.86801,0.0,53.6,163.0,MOUNT BAKER,IMO9822906,WDJ6673,52.0,5.0,40.0,12.0,5.5,52.0,A
367776660,2024-12-26T06:39:03,21.31009,-157.86797,0.0,53.6,164.0,MOUNT BAKER,IMO9822906,WDJ6673,52.0,5.0,40.0,12.0,5.5,52.0,A
367776660,2024-12-26T06:45:03,21.31013,-157.868,0.0,53.6,162.0,MOUNT BAKER,IMO9822906,WDJ6673,52.0,5.0,40.0,12.0,5.5,52.0,A
367776660,2024-12-26T06:48:04,21.31009,-157.86804,0.0,53.6,162.0,MOUNT BAKER,IMO9822906,WDJ6673,52.0,5.0,40.0,12.0,5.5,52.0,A
367776660,2024-12-26T06:51:03,21.31011,-157.86801,0.0,53.6,163.0,MOUNT BAKER,IMO9822906,WDJ6673,52.0,5.0,40.0,12.0,5.5,52.0,A
367776660,2024-12-26T06:54:04,21.31009,-157.86804,0.0,53.6,164.0,MOUNT BAKER,IMO9822906,WDJ6673,52.0,5.0,40.0,12.0,5.5,52.0,A
367776660,2024-12-26T06:57:04,21.31011,-157.86805,0.0,53.6,162.0,MOUNT BAKER,IMO9822906,WDJ6673,52.0,5.0,40.0,12.0,5.5,52.0,A
367776660,2024-12-26T07:03:05,21.31006,-157.86817,0.0,53.6,162.0,MOUNT BAKER,IMO9822906,WDJ6673,52.0,5.0,40.0,12.0,5.5,52.0,A
367776660,2024-12-26T07:06:05,21.31007,-157.86811,0.0,53.6,164.0,MOUNT BAKER,IMO9822906,WDJ6673,52.0,5.0,40.0,12.0,5.5,52.0,A
367776660,2024-12-26T07:09:06,21.31011,-157.868,0.0,53.6,163.0,MOUNT BAKER,IMO9822906,WDJ6673,52.0,5.0,40.0,12.0,5.5,52.0,A
367776660,2024-12-26T07:12:06,21.31011,-157.868,0.0,53.6,162.0,MOUNT BAKER,IMO9822906,WDJ6673,52.0,5.0,40.0,12.0,5.5,52.0,A
367776660,2024-12-26T07:18:04,21.31012,-157.86809,0.0,53.6,163.0,MOUNT BAKER,IMO9822906,WDJ6673,52.0,5.0,40.0,12.0,5.5,52.0,A
367776660,2024-12-26T07:21:05,21.31013,-157.86798,0.0,53.6,162.0,MOUNT BAKER,IMO9822906,WDJ6673,52.0,5.0,40.0,12.0,5.5,52.0,A
367776660,2024-12-26T07:24:04,21.31013,-157.86802,0.0,53.6,162.0,MOUNT BAKER,IMO9822906,WDJ6673,52.0,5.0,40.0,12.0,5.5,52.0,A
367776660,2024-12-26T07:27:05,21.31012,-157.86803,0.0,53.6,164.0,MOUNT BAKER,IMO9822906,WDJ6673,52.0,5.0,40.0,12.0,5.5,52.0,A
367776660,2024-12-26T07:30:02,21.31014,-157.86809,0.0,53.6,162.0,MOUNT BAKER,IMO9822906,WDJ6673,52.0,5.0,40.0,12.0,5.5,52.0,A
367776660,2024-12-26T07:33:04,21.31014,-157.86796,0.0,53.6,162.0,MOUNT BAKER,IMO9822906,WDJ6673,52.0,5.0,40.0,12.0,5.5,52.0,A
367776660,2024-12-26T07:36:03,21.31011,-157.86798,0.0,53.6,162.0,MOUNT BAKER,IMO9822906,WDJ6673,52.0,5.0,40.0,12.0,5.5,52.0,A
367776660,2024-12-26T07:39:02,21.31013,-157.86799,0.0,53.6,161.0,MOUNT BAKER,IMO9822906,WDJ6673,52.0,5.0,40.0,12.0,5.5,52.0,A
367776660,2024-12-26T07:42:03,21.31014,-157.86797,0.0,53.6,164.0,MOUNT BAKER,IMO9822906,WDJ6673,52.0,5.0,40.0,12.0,5.5,52.0,A
367776660,2024-12-26T07:45:03,21.31011,-157.86796,0.0,53.6,163.0,MOUNT BAKER,IMO9822906,WDJ6673,52.0,5.0,40.0,12.0,5.5,52.0,A
367776660,2024-12-26T07:51:03,21.31024,-157.86805,0.0,53.6,162.0,MOUNT BAKER,IMO9822906,WDJ6673,52.0,5.0,40.0,12.0,5.5,52.0,A
367776660,2024-12-26T07:54:04,21.31014,-157.86801,0.0,53.6,163.0,MOUNT BAKER,IMO9822906,WDJ6673,52.0,5.0,40.0,12.0,5.5,52.0,A
367776660,2024-12-26T08:00:04,21.31012,-157.86802,0.0,53.6,162.0,MOUNT BAKER,IMO9822906,WDJ6673,52.0,5.0,40.0,12.0,5.5,52.0,A
367776660,2024-12-26T08:03:02,21.31012,-157.868,0.0,53.6,162.0,MOUNT BAKER,IMO9822906,WDJ6673,52.0,5.0,40.0,12.0,5.5,52.0,A
367776660,2024-12-26T08:06:06,21.31013,-157.868,0.0,53.6,161.0,MOUNT BAKER,IMO9822906,WDJ6673,52.0,5.0,40.0,12.0,5.5,52.0,A
367776660,2024-12-26T08:09:01,21.3101,-157.86802,0.0,53.6,163.0,MOUNT BAKER,IMO9822906,WDJ6673,52.0,5.0,40.0,12.0,5.5,52.0,A
367776660,2024-12-26T08:12:08,21.31013,-157.86804,0.0,53.6,164.0,MOUNT BAKER,IMO9822906,WDJ6673,52.0,5.0,40.0,12.0,5.5,52.0,A
367776660,2024-12-26T08:15:03,21.31013,-157.86803,0.0,53.6,162.0,MOUNT BAKER,IMO9822906,WDJ6673,52.0,5.0,40.0,12.0,5.5,52.0,A
367776660,2024-12-26T08:18:09,21.31005,-157.86809,0.0,53.6,162.0,MOUNT BAKER,IMO9822906,WDJ6673,52.0,5.0,40.0,12.0,5.5,52.0,A
367776660,2024-12-26T08:21:02,21.31005,-157.86807,0.0,53.6,164.0,MOUNT BAKER,IMO9822906,WDJ6673,52.0,5.0,40.0,12.0,5.5,52.0,A
367776660,2024-12-26T08:24:00,21.31008,-157.86806,0.0,53.6,165.0,MOUNT BAKER,IMO9822906,WDJ6673,52.0,5.0,40.0,12.0,5.5,52.0,A
367776660,2024-12-26T08:27:03,21.31011,-157.86806,0.0,53.6,164.0,MOUNT BAKER,IMO9822906,WDJ6673,52.0,5.0,40.0,12.0,5.5,52.0,A
367776660,2024-12-26T08:33:04,21.31008,-157.86807,0.0,53.6,163.0,MOUNT BAKER,IMO9822906,WDJ6673,52.0,5.0,40.0,12.0,5.5,52.0,A
367776660,2024-12-26T08:39:05,21.31008,-157.86801,0.0,53.6,162.0,MOUNT BAKER,IMO9822906,WDJ6673,52.0,5.0,40.0,12.0,5.5,52.0,A
367776660,2024-12-26T08:36:05,21.31005,-157.86803,0.0,53.6,162.0,MOUNT BAKER,IMO9822906,WDJ6673,52.0,5.0,40.0,12.0,5.5,52.0,A
367776660,2024-12-26T08:42:05,21.31007,-157.86807,0.0,53.6,163.0,MOUNT BAKER,IMO9822906,WDJ6673,52.0,5.0,40.0,12.0,5.5,52.0,A
367776660,2024-12-26T08:45:06,21.31007,-157.86804,0.0,53.6,165.0,MOUNT BAKER,IMO9822906,WDJ6673,52.0,5.0,40.0,12.0,5.5,52.0,A
367776660,2024-12-26T08:48:07,21.31009,-157.86802,0.0,53.6,162.0,MOUNT BAKER,IMO9822906,WDJ6673,52.0,5.0,40.0,12.0,5.5,52.0,A
367776660,2024-12-26T08:51:06,21.31007,-157.86803,0.0,53.6,164.0,MOUNT BAKER,IMO9822906,WDJ6673,52.0,5.0,40.0,12.0,5.5,52.0,A
367776660,2024-12-26T09:00:06,21.31008,-157.868,0.0,53.6,162.0,MOUNT BAKER,IMO9822906,WDJ6673,52.0,5.0,40.0,12.0,5.5,52.0,A
367776660,2024-12-26T09:03:06,21.31008,-157.86801,0.0,53.6,163.0,MOUNT BAKER,IMO9822906,WDJ6673,52.0,5.0,40.0,12.0,5.5,52.0,A
367776660,2024-12-26T09:06:05,21.31009,-157.86797,0.0,53.6,165.0,MOUNT BAKER,IMO9822906,WDJ6673,52.0,5.0,40.0,12.0,5.5,52.0,A
367776660,2024-12-26T09:09:05,21.31009,-157.86797,0.0,53.6,163.0,MOUNT BAKER,IMO9822906,WDJ6673,52.0,5.0,40.0,12.0,5.5,52.0,A
367776660,2024-12-26T09:12:04,21.31009,-157.86797,0.0,53.6,164.0,MOUNT BAKER,IMO9822906,WDJ6673,52.0,5.0,40.0,12.0,5.5,52.0,A
367776660,2024-12-26T09:18:05,21.3101,-157.86798,0.0,53.6,163.0,MOUNT BAKER,IMO9822906,WDJ6673,52.0,5.0,40.0,12.0,5.5,52.0,A
367776660,2024-12-26T09:21:05,21.31005,-157.868,0.0,53.6,163.0,MOUNT BAKER,IMO9822906,WDJ6673,52.0,5.0,40.0,12.0,5.5,52.0,A
367776660,2024-12-26T09:30:08,21.31009,-157.868,0.0,53.6,163.0,MOUNT BAKER,IMO9822906,WDJ6673,52.0,5.0,40.0,12.0,5.5,52.0,A
367776660,2024-12-26T09:27:05,21.31008,-157.86799,0.0,53.6,164.0,MOUNT BAKER,IMO9822906,WDJ6673,52.0,5.0,40.0,12.0,5.5,52.0,A
367776660,2024-12-26T09:33:04,21.3101,-157.86799,0.0,53.6,164.0,MOUNT BAKER,IMO9822906,WDJ6673,52.0,5.0,40.0,12.0,5.5,52.0,A
367776660,2024-12-26T09:36:08,21.31008,-157.868,0.0,53.6,162.0,MOUNT BAKER,IMO9822906,WDJ6673,52.0,5.0,40.0,12.0,5.5,52.0,A
367776660,2024-12-26T09:39:04,21.31017,-157.86805,0.0,53.6,164.0,MOUNT BAKER,IMO9822906,WDJ6673,52.0,5.0,40.0,12.0,5.5,52.0,A
367776660,2024-12-26T09:45:04,21.31018,-157.86805,0.0,53.6,163.0,MOUNT BAKER,IMO9822906,WDJ6673,52.0,5.0,40.0,12.0,5.5,52.0,A
367776660,2024-12-26T09:48:08,21.31011,-157.86802,0.0,53.6,163.0,MOUNT BAKER,IMO9822906,WDJ6673,52.0,5.0,40.0,12.0,5.5,52.0,A
367776660,2024-12-26T09:51:05,21.31012,-157.86805,0.0,53.6,163.0,MOUNT BAKER,IMO9822906,WDJ6673,52.0,5.0,40.0,12.0,5.5,52.0,A
367776660,2024-12-26T09:57:05,21.31009,-157.86801,0.0,53.6,163.0,MOUNT BAKER,IMO9822906,WDJ6673,52.0,5.0,40.0,12.0,5.5,52.0,A
367776660,2024-12-26T10:03:07,21.31009,-157.86802,0.0,53.6,165.0,MOUNT BAKER,IMO9822906,WDJ6673,52.0,5.0,40.0,12.0,5.5,52.0,A
367776660,2024-12-26T10:06:07,21.31011,-157.86802,0.0,53.6,164.0,MOUNT BAKER,IMO9822906,WDJ6673,52.0,5.0,40.0,12.0,5.5,52.0,A
367776660,2024-12-26T10:09:09,21.31015,-157.86805,0.0,53.6,164.0,MOUNT BAKER,IMO9822906,WDJ6673,52.0,5.0,40.0,12.0,5.5,52.0,A
367776660,2024-12-26T10:12:08,21.31019,-157.86804,0.0,53.6,163.0,MOUNT BAKER,IMO9822906,WDJ6673,52.0,5.0,40.0,12.0,5.5,52.0,A
367776660,2024-12-26T10:15:10,21.31012,-157.868,0.0,53.6,163.0,MOUNT BAKER,IMO9822906,WDJ6673,52.0,5.0,40.0,12.0,5.5,52.0,A
367776660,2024-12-26T10:18:07,21.31014,-157.86799,0.0,53.6,163.0,MOUNT BAKER,IMO9822906,WDJ6673,52.0,5.0,40.0,12.0,5.5,52.0,A
367776660,2024-12-26T10:21:09,21.31016,-157.86795,0.0,53.6,163.0,MOUNT BAKER,IMO9822906,WDJ6673,52.0,5.0,40.0,12.0,5.5,52.0,A
367776660,2024-12-26T10:30:08,21.31011,-157.86803,0.0,53.6,164.0,MOUNT BAKER,IMO9822906,WDJ6673,52.0,5.0,40.0,12.0,5.5,52.0,A
367776660,2024-12-26T10:39:10,21.3101,-157.86802,0.0,53.6,165.0,MOUNT BAKER,IMO9822906,WDJ6673,52.0,5.0,40.0,12.0,5.5,52.0,A
367776660,2024-12-26T10:51:02,21.31009,-157.86803,0.0,53.6,163.0,MOUNT BAKER,IMO9822906,WDJ6673,52.0,5.0,40.0,12.0,5.5,52.0,A
367776660,2024-12-26T10:57:04,21.30993,-157.8683,0.0,53.6,164.0,MOUNT BAKER,IMO9822906,WDJ6673,52.0,5.0,40.0,12.0,5.5,52.0,A
367776660,2024-12-26T11:00:03,21.31003,-157.86813,0.0,53.6,165.0,MOUNT BAKER,IMO9822906,WDJ6673,52.0,5.0,40.0,12.0,5.5,52.0,A
367776660,2024-12-26T10:54:03,21.31007,-157.86804,0.0,53.6,163.0,MOUNT BAKER,IMO9822906,WDJ6673,52.0,5.0,40.0,12.0,5.5,52.0,A
367776660,2024-12-26T11:03:02,21.31007,-157.86808,0.0,53.6,164.0,MOUNT BAKER,IMO9822906,WDJ6673,52.0,5.0,40.0,12.0,5.5,52.0,A
367776660,2024-12-26T11:09:04,21.31011,-157.86802,0.0,53.6,164.0,MOUNT BAKER,IMO9822906,WDJ6673,52.0,5.0,40.0,12.0,5.5,52.0,A
367776660,2024-12-26T11:12:06,21.31008,-157.86797,0.0,53.6,164.0,MOUNT BAKER,IMO9822906,WDJ6673,52.0,5.0,40.0,12.0,5.5,52.0,A
367776660,2024-12-26T11:18:05,21.31006,-157.86796,0.0,53.6,163.0,MOUNT BAKER,IMO9822906,WDJ6673,52.0,5.0,40.0,12.0,5.5,52.0,A
367776660,2024-12-26T11:15:06,21.31011,-157.86795,0.0,53.6,164.0,MOUNT BAKER,IMO9822906,WDJ6673,52.0,5.0,40.0,12.0,5.5,52.0,A
367776660,2024-12-26T11:27:09,21.3101,-157.86793,0.0,53.6,164.0,MOUNT BAKER,IMO9822906,WDJ6673,52.0,5.0,40.0,12.0,5.5,52.0,A
367776660,2024-12-26T11:24:04,21.31009,-157.86796,0.0,53.6,164.0,MOUNT BAKER,IMO9822906,WDJ6673,52.0,5.0,40.0,12.0,5.5,52.0,A
367776660,2024-12-26T11:30:04,21.31012,-157.86791,0.0,53.6,164.0,MOUNT BAKER,IMO9822906,WDJ6673,52.0,5.0,40.0,12.0,5.5,52.0,A
367776660,2024-12-26T11:39:07,21.31009,-157.86805,0.0,53.6,163.0,MOUNT BAKER,IMO9822906,WDJ6673,52.0,5.0,40.0,12.0,5.5,52.0,A
367776660,2024-12-26T11:42:02,21.31001,-157.86806,0.0,53.6,165.0,MOUNT BAKER,IMO9822906,WDJ6673,52.0,5.0,40.0,12.0,5.5,52.0,A
367776660,2024-12-26T11:45:07,21.31009,-157.868,0.0,53.6,165.0,MOUNT BAKER,IMO9822906,WDJ6673,52.0,5.0,40.0,12.0,5.5,52.0,A
367776660,2024-12-26T11:48:04,21.31007,-157.86795,0.0,53.6,164.0,MOUNT BAKER,IMO9822906,WDJ6673,52.0,5.0,40.0,12.0,5.5,52.0,A
367776660,2024-12-26T11:51:06,21.31007,-157.86795,0.0,53.6,164.0,MOUNT BAKER,IMO9822906,WDJ6673,52.0,5.0,40.0,12.0,5.5,52.0,A
367776660,2024-12-26T11:57:06,21.31006,-157.86797,0.0,53.6,164.0,MOUNT BAKER,IMO9822906,WDJ6673,52.0,5.0,40.0,12.0,5.5,52.0,A
367776660,2024-12-26T12:00:06,21.31008,-157.86801,0.0,53.6,163.0,MOUNT BAKER,IMO9822906,WDJ6673,52.0,5.0,40.0,12.0,5.5,52.0,A
367776660,2024-12-26T12:06:06,21.31016,-157.86801,0.0,53.6,164.0,MOUNT BAKER,IMO9822906,WDJ6673,52.0,5.0,40.0,12.0,5.5,52.0,A
367776660,2024-12-26T12:09:08,21.31012,-157.86803,0.0,53.6,165.0,MOUNT BAKER,IMO9822906,WDJ6673,52.0,5.0,40.0,12.0,5.5,52.0,A
367776660,2024-12-26T12:15:06,21.31008,-157.86799,0.0,53.6,163.0,MOUNT BAKER,IMO9822906,WDJ6673,52.0,5.0,40.0,12.0,5.5,52.0,A
367776660,2024-12-26T12:21:07,21.31011,-157.86801,0.0,53.6,163.0,MOUNT BAKER,IMO9822906,WDJ6673,52.0,5.0,40.0,12.0,5.5,52.0,A
367776660,2024-12-26T12:18:07,21.3101,-157.86798,0.0,53.6,164.0,MOUNT BAKER,IMO9822906,WDJ6673,52.0,5.0,40.0,12.0,5.5,52.0,A
367776660,2024-12-26T12:27:07,21.31007,-157.86802,0.0,53.6,163.0,MOUNT BAKER,IMO9822906,WDJ6673,52.0,5.0,40.0,12.0,5.5,52.0,A
367776660,2024-12-26T12:24:07,21.31006,-157.86801,0.0,53.6,164.0,MOUNT BAKER,IMO9822906,WDJ6673,52.0,5.0,40.0,12.0,5.5,52.0,A
367776660,2024-12-26T12:30:05,21.31005,-157.86799,0.0,53.6,163.0,MOUNT BAKER,IMO9822906,WDJ6673,52.0,5.0,40.0,12.0,5.5,52.0,A
367776660,2024-12-26T12:36:04,21.31011,-157.86782,0.0,53.6,163.0,MOUNT BAKER,IMO9822906,WDJ6673,52.0,5.0,40.0,12.0,5.5,52.0,A
367776660,2024-12-26T12:39:08,21.31007,-157.86788,0.0,53.6,164.0,MOUNT BAKER,IMO9822906,WDJ6673,52.0,5.0,40.0,12.0,5.5,52.0,A
367776660,2024-12-26T12:42:02,21.31007,-157.868,0.0,53.6,164.0,MOUNT BAKER,IMO9822906,WDJ6673,52.0,5.0,40.0,12.0,5.5,52.0,A
367776660,2024-12-26T12:45:09,21.31005,-157.868,0.0,53.6,165.0,MOUNT BAKER,IMO9822906,WDJ6673,52.0,5.0,40.0,12.0,5.5,52.0,A
367776660,2024-12-26T12:51:10,21.3101,-157.86808,0.0,53.6,163.0,MOUNT BAKER,IMO9822906,WDJ6673,52.0,5.0,40.0,12.0,5.5,52.0,A
367776660,2024-12-26T13:00:05,21.31019,-157.868,0.0,53.6,164.0,MOUNT BAKER,IMO9822906,WDJ6673,52.0,5.0,40.0,12.0,5.5,52.0,A
367776660,2024-12-26T13:03:01,21.31022,-157.86795,0.0,53.6,163.0,MOUNT BAKER,IMO9822906,WDJ6673,52.0,5.0,40.0,12.0,5.5,52.0,A
367776660,2024-12-26T13:06:03,21.31004,-157.86804,0.0,53.6,164.0,MOUNT BAKER,IMO9822906,WDJ6673,52.0,5.0,40.0,12.0,5.5,52.0,A
367776660,2024-12-26T13:12:06,21.31013,-157.86798,0.0,53.6,164.0,MOUNT BAKER,IMO9822906,WDJ6673,52.0,5.0,40.0,12.0,5.5,52.0,A
367776660,2024-12-26T13:15:03,21.31006,-157.86801,0.0,53.6,162.0,MOUNT BAKER,IMO9822906,WDJ6673,52.0,5.0,40.0,12.0,5.5,52.0,A
367776660,2024-12-26T13:21:05,21.31007,-157.868,0.0,53.6,163.0,MOUNT BAKER,IMO9822906,WDJ6673,52.0,5.0,40.0,12.0,5.5,52.0,A
367776660,2024-12-26T13:39:06,21.31007,-157.868,0.0,53.6,163.0,MOUNT BAKER,IMO9822906,WDJ6673,52.0,5.0,40.0,12.0,5.5,52.0,A
367776660,2024-12-26T13:48:05,21.31011,-157.86799,0.0,53.6,164.0,MOUNT BAKER,IMO9822906,WDJ6673,52.0,5.0,40.0,12.0,5.5,52.0,A
367776660,2024-12-26T13:51:05,21.31007,-157.86802,0.0,53.6,164.0,MOUNT BAKER,IMO9822906,WDJ6673,52.0,5.0,40.0,12.0,5.5,52.0,A
367776660,2024-12-26T13:54:05,21.31005,-157.868,0.0,53.6,163.0,MOUNT BAKER,IMO9822906,WDJ6673,52.0,5.0,40.0,12.0,5.5,52.0,A
367776660,2024-12-26T13:57:05,21.31008,-157.86797,0.0,53.6,163.0,MOUNT BAKER,IMO9822906,WDJ6673,52.0,5.0,40.0,12.0,5.5,52.0,A
367776660,2024-12-26T14:06:03,21.31013,-157.868,0.0,53.6,163.0,MOUNT BAKER,IMO9822906,WDJ6673,52.0,5.0,40.0,12.0,5.5,52.0,A
367776660,2024-12-26T14:00:01,21.31003,-157.86796,0.0,53.6,162.0,MOUNT BAKER,IMO9822906,WDJ6673,52.0,5.0,40.0,12.0,5.5,52.0,A
367776660,2024-12-26T14:09:08,21.31012,-157.86801,0.0,53.6,162.0,MOUNT BAKER,IMO9822906,WDJ6673,52.0,5.0,40.0,12.0,5.5,52.0,A
367776660,2024-12-26T14:12:04,21.3101,-157.86802,0.0,53.6,163.0,MOUNT BAKER,IMO9822906,WDJ6673,52.0,5.0,40.0,12.0,5.5,52.0,A
367776660,2024-12-26T14:15:07,21.31008,-157.86801,0.0,53.6,162.0,MOUNT BAKER,IMO9822906,WDJ6673,52.0,5.0,40.0,12.0,5.5,52.0,A
367776660,2024-12-26T14:18:03,21.31007,-157.86801,0.0,53.6,162.0,MOUNT BAKER,IMO9822906,WDJ6673,52.0,5.0,40.0,12.0,5.5,52.0,A
367776660,2024-12-26T14:21:09,21.31007,-157.86803,0.0,53.6,164.0,MOUNT BAKER,IMO9822906,WDJ6673,52.0,5.0,40.0,12.0,5.5,52.0,A
367776660,2024-12-26T14:24:05,21.31006,-157.8681,0.0,53.6,163.0,MOUNT BAKER,IMO9822906,WDJ6673,52.0,5.0,40.0,12.0,5.5,52.0,A
367776660,2024-12-26T14:27:11,21.31018,-157.86802,0.0,53.6,162.0,MOUNT BAKER,IMO9822906,WDJ6673,52.0,5.0,40.0,12.0,5.5,52.0,A
367776660,2024-12-26T14:30:04,21.31016,-157.86795,0.0,53.6,163.0,MOUNT BAKER,IMO9822906,WDJ6673,52.0,5.0,40.0,12.0,5.5,52.0,A
367776660,2024-12-26T14:42:07,21.31011,-157.86794,0.0,53.6,163.0,MOUNT BAKER,IMO9822906,WDJ6673,52.0,5.0,40.0,12.0,5.5,52.0,A
367776660,2024-12-26T14:48:07,21.3101,-157.86797,0.0,53.6,163.0,MOUNT BAKER,IMO9822906,WDJ6673,52.0,5.0,40.0,12.0,5.5,52.0,A
367776660,2024-12-26T14:45:08,21.31008,-157.86801,0.0,53.6,164.0,MOUNT BAKER,IMO9822906,WDJ6673,52.0,5.0,40.0,12.0,5.5,52.0,A
367776660,2024-12-26T14:51:10,21.31011,-157.86799,0.0,53.6,163.0,MOUNT BAKER,IMO9822906,WDJ6673,52.0,5.0,40.0,12.0,5.5,52.0,A
367776660,2024-12-26T14:57:01,21.3101,-157.86801,0.0,53.6,162.0,MOUNT BAKER,IMO9822906,WDJ6673,52.0,5.0,40.0,12.0,5.5,52.0,A
367776660,2024-12-26T15:00:09,21.31007,-157.86798,0.0,53.6,163.0,MOUNT BAKER,IMO9822906,WDJ6673,52.0,5.0,40.0,12.0,5.5,52.0,A
367776660,2024-12-26T15:06:08,21.3101,-157.86798,0.0,53.6,163.0,MOUNT BAKER,IMO9822906,WDJ6673,52.0,5.0,40.0,12.0,5.5,52.0,A
367776660,2024-12-26T15:03:04,21.31008,-157.86799,0.0,53.6,164.0,MOUNT BAKER,IMO9822906,WDJ6673,52.0,5.0,40.0,12.0,5.5,52.0,A
367776660,2024-12-26T15:09:07,21.31011,-157.86803,0.0,53.6,163.0,MOUNT BAKER,IMO9822906,WDJ6673,52.0,5.0,40.0,12.0,5.5,52.0,A
367776660,2024-12-26T15:12:08,21.31004,-157.86812,0.0,53.6,165.0,MOUNT BAKER,IMO9822906,WDJ6673,52.0,5.0,40.0,12.0,5.5,52.0,A
367776660,2024-12-26T15:15:08,21.31004,-157.868,0.0,53.6,164.0,MOUNT BAKER,IMO9822906,WDJ6673,52.0,5.0,40.0,12.0,5.5,52.0,A
367776660,2024-12-26T15:18:10,21.31003,-157.86806,0.0,53.6,163.0,MOUNT BAKER,IMO9822906,WDJ6673,52.0,5.0,40.0,12.0,5.5,52.0,A
367776660,2024-12-26T15:24:11,21.31005,-157.86799,0.0,53.6,163.0,MOUNT BAKER,IMO9822906,WDJ6673,52.0,5.0,40.0,12.0,5.5,52.0,A
367776660,2024-12-26T15:42:07,21.31007,-157.86795,0.0,53.6,162.0,MOUNT BAKER,IMO9822906,WDJ6673,52.0,5.0,40.0,12.0,5.5,52.0,A
367776660,2024-12-26T15:27:09,21.31004,-157.868,0.0,53.6,164.0,MOUNT BAKER,IMO9822906,WDJ6673,52.0,5.0,40.0,12.0,5.5,52.0,A
367776660,2024-12-26T03:03:03,21.3101,-157.86799,0.0,53.6,162.0,MOUNT BAKER,IMO9822906,WDJ6673,52.0,5.0,40.0,12.0,5.5,52.0,A
367776660,2024-12-26T15:45:10,21.31009,-157.86799,0.0,53.6,162.0,MOUNT BAKER,IMO9822906,WDJ6673,52.0,5.0,40.0,12.0,5.5,52.0,A
367776660,2024-12-26T15:48:09,21.31007,-157.86795,0.0,53.6,162.0,MOUNT BAKER,IMO9822906,WDJ6673,52.0,5.0,40.0,12.0,5.5,52.0,A
367776660,2024-12-26T15:51:09,21.31006,-157.86801,0.0,53.6,163.0,MOUNT BAKER,IMO9822906,WDJ6673,52.0,5.0,40.0,12.0,5.5,52.0,A
367776660,2024-12-26T15:54:08,21.31007,-157.86801,0.0,53.6,163.0,MOUNT BAKER,IMO9822906,WDJ6673,52.0,5.0,40.0,12.0,5.5,52.0,A
367776660,2024-12-26T15:57:10,21.31005,-157.86805,0.0,53.6,163.0,MOUNT BAKER,IMO9822906,WDJ6673,52.0,5.0,40.0,12.0,5.5,52.0,A
367776660,2024-12-26T16:00:06,21.31008,-157.86804,0.0,53.6,163.0,MOUNT BAKER,IMO9822906,WDJ6673,52.0,5.0,40.0,12.0,5.5,52.0,A
367776660,2024-12-26T16:03:10,21.31018,-157.86809,0.0,53.6,162.0,MOUNT BAKER,IMO9822906,WDJ6673,52.0,5.0,40.0,12.0,5.5,52.0,A
367776660,2024-12-26T16:09:09,21.31016,-157.8681,0.0,53.6,163.0,MOUNT BAKER,IMO9822906,WDJ6673,52.0,5.0,40.0,12.0,5.5,52.0,A
367776660,2024-12-26T16:12:05,21.31011,-157.86798,0.0,53.6,162.0,MOUNT BAKER,IMO9822906,WDJ6673,52.0,5.0,40.0,12.0,5.5,52.0,A
367776660,2024-12-26T16:15:10,21.31009,-157.86797,0.0,53.6,164.0,MOUNT BAKER,IMO9822906,WDJ6673,52.0,5.0,40.0,12.0,5.5,52.0,A
367776660,2024-12-26T16:18:07,21.31013,-157.86794,0.0,53.6,164.0,MOUNT BAKER,IMO9822906,WDJ6673,52.0,5.0,40.0,12.0,5.5,52.0,A
367776660,2024-12-26T16:24:05,21.31007,-157.86798,0.0,53.6,162.0,MOUNT BAKER,IMO9822906,WDJ6673,52.0,5.0,40.0,12.0,5.5,52.0,A
367776660,2024-12-26T16:27:08,21.31011,-157.86799,0.0,53.6,163.0,MOUNT BAKER,IMO9822906,WDJ6673,52.0,5.0,40.0,12.0,5.5,52.0,A
367776660,2024-12-26T16:30:51,21.30969,-157.86792,0.2,53.6,172.0,MOUNT BAKER,IMO9822906,WDJ6673,52.0,0.0,40.0,12.0,5.5,52.0,A
367776660,2024-12-26T16:29:41,21.31006,-157.868,0.0,53.6,165.0,MOUNT BAKER,IMO9822906,WDJ6673,52.0,0.0,40.0,12.0,5.5,52.0,A
367776660,2024-12-26T16:32:58,21.3082,-157.86994,6.0,279.9,296.0,MOUNT BAKER,IMO9822906,WDJ6673,52.0,0.0,40.0,12.0,5.5,52.0,A
367776660,2024-12-26T16:31:53,21.3088,-157.86825,4.9,216.2,224.0,MOUNT BAKER,IMO9822906,WDJ6673,52.0,0.0,40.0,12.0,5.5,52.0,A
367776660,2024-12-26T16:36:08,21.31111,-157.87423,1.5,277.7,209.0,MOUNT BAKER,IMO9822906,WDJ6673,52.0,0.0,40.0,12.0,5.5,52.0,A
367776660,2024-12-26T16:34:01,21.30918,-157.87165,6.8,305.6,305.0,MOUNT BAKER,IMO9822906,WDJ6673,52.0,0.0,40.0,12.0,5.5,52.0,A
367776660,2024-12-26T16:38:12,21.31138,-157.87432,0.0,355.8,123.0,MOUNT BAKER,IMO9822906,WDJ6673,52.0,0.0,40.0,12.0,5.5,52.0,A
367776660,2024-12-26T16:35:06,21.31041,-157.87335,5.7,313.9,318.0,MOUNT BAKER,IMO9822906,WDJ6673,52.0,0.0,40.0,12.0,5.5,52.0,A
367776660,2024-12-26T16:37:09,21.31135,-157.87431,1.1,336.3,130.0,MOUNT BAKER,IMO9822906,WDJ6673,52.0,0.0,40.0,12.0,5.5,52.0,A
367776660,2024-12-26T16:39:41,21.31139,-157.87431,0.0,355.8,125.0,MOUNT BAKER,IMO9822906,WDJ6673,52.0,0.0,40.0,12.0,5.5,52.0,A
367776660,2024-12-26T16:41:12,21.31127,-157.87434,0.0,355.8,127.0,MOUNT BAKER,IMO9822906,WDJ6673,52.0,0.0,40.0,12.0,5.5,52.0,A
367776660,2024-12-26T16:42:22,21.31131,-157.87433,0.0,355.8,126.0,MOUNT BAKER,IMO9822906,WDJ6673,52.0,0.0,40.0,12.0,5.5,52.0,A
367776660,2024-12-26T16:43:23,21.31131,-157.87434,0.0,355.8,124.0,MOUNT BAKER,IMO9822906,WDJ6673,52.0,0.0,40.0,12.0,5.5,52.0,A
367776660,2024-12-26T16:45:42,21.31135,-157.87432,0.0,355.8,123.0,MOUNT BAKER,IMO9822906,WDJ6673,52.0,0.0,40.0,12.0,5.5,52.0,A
367776660,2024-12-26T16:46:51,21.31135,-157.87431,0.0,355.8,123.0,MOUNT BAKER,IMO9822906,WDJ6673,52.0,0.0,40.0,12.0,5.5,52.0,A
367776660,2024-12-26T16:48:02,21.31135,-157.87432,0.0,355.8,124.0,MOUNT BAKER,IMO9822906,WDJ6673,52.0,0.0,40.0,12.0,5.5,52.0,A
367776660,2024-12-26T16:49:03,21.31135,-157.87431,0.0,355.8,124.0,MOUNT BAKER,IMO9822906,WDJ6673,52.0,0.0,40.0,12.0,5.5,52.0,A
367776660,2024-12-26T16:51:21,21.31137,-157.87432,0.0,355.8,124.0,MOUNT BAKER,IMO9822906,WDJ6673,52.0,0.0,40.0,12.0,5.5,52.0,A
367776660,2024-12-26T16:50:12,21.31134,-157.87432,0.0,355.8,124.0,MOUNT BAKER,IMO9822906,WDJ6673,52.0,0.0,40.0,12.0,5.5,52.0,A
367776660,2024-12-26T16:53:41,21.31137,-157.87433,0.0,355.8,124.0,MOUNT BAKER,IMO9822906,WDJ6673,52.0,0.0,40.0,12.0,5.5,52.0,A
367776660,2024-12-26T16:52:22,21.31136,-157.87432,0.0,355.8,124.0,MOUNT BAKER,IMO9822906,WDJ6673,52.0,0.0,40.0,12.0,5.5,52.0,A
367776660,2024-12-26T16:54:51,21.31139,-157.87433,0.0,355.8,124.0,MOUNT BAKER,IMO9822906,WDJ6673,52.0,0.0,40.0,12.0,5.5,52.0,A
367776660,2024-12-26T16:58:42,21.31134,-157.87431,0.0,355.8,124.0,MOUNT BAKER,IMO9822906,WDJ6673,52.0,0.0,40.0,12.0,5.5,52.0,A
367776660,2024-12-26T17:00:01,21.31134,-157.8743,0.0,355.8,125.0,MOUNT BAKER,IMO9822906,WDJ6673,52.0,0.0,40.0,12.0,5.5,52.0,A
367776660,2024-12-26T16:59:51,21.31134,-157.8743,0.0,355.8,125.0,MOUNT BAKER,IMO9822906,WDJ6673,52.0,0.0,40.0,12.0,5.5,52.0,A
367776660,2024-12-26T17:02:22,21.31134,-157.87433,0.0,355.8,124.0,MOUNT BAKER,IMO9822906,WDJ6673,52.0,0.0,40.0,12.0,5.5,52.0,A
367776660,2024-12-26T17:01:11,21.31133,-157.87432,0.0,355.8,124.0,MOUNT BAKER,IMO9822906,WDJ6673,52.0,0.0,40.0,12.0,5.5,52.0,A
367776660,2024-12-26T17:03:41,21.31136,-157.87431,0.0,355.8,124.0,MOUNT BAKER,IMO9822906,WDJ6673,52.0,0.0,40.0,12.0,5.5,52.0,A
367776660,2024-12-26T17:07:02,21.31137,-157.8743,0.0,355.8,124.0,MOUNT BAKER,IMO9822906,WDJ6673,52.0,0.0,40.0,12.0,5.5,52.0,A
367776660,2024-12-26T17:08:12,21.31137,-157.87432,0.0,355.8,125.0,MOUNT BAKER,IMO9822906,WDJ6673,52.0,0.0,40.0,12.0,5.5,52.0,A
367776660,2024-12-26T17:04:53,21.31136,-157.8743,0.0,355.8,124.0,MOUNT BAKER,IMO9822906,WDJ6673,52.0,0.0,40.0,12.0,5.5,52.0,A
367776660,2024-12-26T17:09:22,21.31131,-157.87455,0.0,355.8,127.0,MOUNT BAKER,IMO9822906,WDJ6673,52.0,0.0,40.0,12.0,5.5,52.0,A
367776660,2024-12-26T03:24:02,21.31011,-157.86803,0.0,53.6,163.0,MOUNT BAKER,IMO9822906,WDJ6673,52.0,5.0,40.0,12.0,5.5,52.0,A
367776660,2024-12-26T17:11:41,21.31136,-157.87432,0.0,355.8,122.0,MOUNT BAKER,IMO9822906,WDJ6673,52.0,0.0,40.0,12.0,5.5,52.0,A
367776660,2024-12-26T17:10:32,21.31139,-157.87434,0.0,355.8,122.0,MOUNT BAKER,IMO9822906,WDJ6673,52.0,0.0,40.0,12.0,5.5,52.0,A
367776660,2024-12-26T17:15:12,21.31135,-157.87427,0.0,355.8,123.0,MOUNT BAKER,IMO9822906,WDJ6673,52.0,0.0,40.0,12.0,5.5,52.0,A
367776660,2024-12-26T17:12:51,21.31136,-157.87433,0.0,355.8,123.0,MOUNT BAKER,IMO9822906,WDJ6673,52.0,0.0,40.0,12.0,5.5,52.0,A
367776660,2024-12-26T17:16:22,21.31137,-157.87428,0.0,355.8,123.0,MOUNT BAKER,IMO9822906,WDJ6673,52.0,0.0,40.0,12.0,5.5,52.0,A
367776660,2024-12-26T17:14:01,21.31138,-157.8743,0.0,355.8,123.0,MOUNT BAKER,IMO9822906,WDJ6673,52.0,0.0,40.0,12.0,5.5,52.0,A
367776660,2024-12-26T17:17:32,21.3114,-157.8743,0.0,355.8,124.0,MOUNT BAKER,IMO9822906,WDJ6673,52.0,0.0,40.0,12.0,5.5,52.0,A
367776660,2024-12-26T17:21:02,21.31136,-157.87433,0.0,355.8,124.0,MOUNT BAKER,IMO9822906,WDJ6673,52.0,0.0,40.0,12.0,5.5,52.0,A
367776660,2024-12-26T17:23:51,21.31137,-157.87433,0.0,355.8,124.0,MOUNT BAKER,IMO9822906,WDJ6673,52.0,0.0,40.0,12.0,5.5,52.0,A
367776660,2024-12-26T17:25:32,21.31138,-157.87434,0.0,355.8,124.0,MOUNT BAKER,IMO9822906,WDJ6673,52.0,0.0,40.0,12.0,5.5,52.0,A
367776660,2024-12-26T17:26:42,21.31138,-157.87433,0.0,355.8,124.0,MOUNT BAKER,IMO9822906,WDJ6673,52.0,0.0,40.0,12.0,5.5,52.0,A
367776660,2024-12-26T17:30:12,21.31134,-157.87437,0.0,355.8,124.0,MOUNT BAKER,IMO9822906,WDJ6673,52.0,0.0,40.0,12.0,5.5,52.0,A
367776660,2024-12-26T17:27:52,21.31139,-157.87433,0.0,355.8,124.0,MOUNT BAKER,IMO9822906,WDJ6673,52.0,0.0,40.0,12.0,5.5,52.0,A
367776660,2024-12-26T17:32:31,21.3114,-157.87432,0.0,355.8,124.0,MOUNT BAKER,IMO9822906,WDJ6673,52.0,0.0,40.0,12.0,5.5,52.0,A
367776660,2024-12-26T17:31:22,21.31139,-157.87435,0.0,355.8,125.0,MOUNT BAKER,IMO9822906,WDJ6673,52.0,0.0,40.0,12.0,5.5,52.0,A
367776660,2024-12-26T17:34:52,21.31136,-157.87435,0.0,355.8,123.0,MOUNT BAKER,IMO9822906,WDJ6673,52.0,0.0,40.0,12.0,5.5,52.0,A
367776660,2024-12-26T17:36:01,21.31137,-157.87434,0.0,355.8,125.0,MOUNT BAKER,IMO9822906,WDJ6673,52.0,0.0,40.0,12.0,5.5,52.0,A
367776660,2024-12-26T17:33:43,21.3114,-157.87432,0.0,355.8,125.0,MOUNT BAKER,IMO9822906,WDJ6673,52.0,0.0,40.0,12.0,5.5,52.0,A
367776660,2024-12-26T17:39:41,21.31142,-157.87429,0.0,355.8,124.0,MOUNT BAKER,IMO9822906,WDJ6673,52.0,0.0,40.0,12.0,5.5,52.0,A
367776660,2024-12-26T17:37:11,21.31136,-157.87433,0.0,355.8,124.0,MOUNT BAKER,IMO9822906,WDJ6673,52.0,0.0,40.0,12.0,5.5,52.0,A
367776660,2024-12-26T17:43:12,21.31141,-157.87432,0.0,355.8,125.0,MOUNT BAKER,IMO9822906,WDJ6673,52.0,0.0,40.0,12.0,5.5,52.0,A
367776660,2024-12-26T17:40:51,21.31136,-157.87434,0.0,355.8,125.0,MOUNT BAKER,IMO9822906,WDJ6673,52.0,0.0,40.0,12.0,5.5,52.0,A
367776660,2024-12-26T17:44:22,21.31139,-157.87432,0.0,355.8,124.0,MOUNT BAKER,IMO9822906,WDJ6673,52.0,0.0,40.0,12.0,5.5,52.0,A
367776660,2024-12-26T17:45:31,21.31138,-157.87432,0.0,355.8,124.0,MOUNT BAKER,IMO9822906,WDJ6673,52.0,0.0,40.0,12.0,5.5,52.0,A
367776660,2024-12-26T17:42:01,21.31137,-157.87434,0.0,355.8,125.0,MOUNT BAKER,IMO9822906,WDJ6673,52.0,0.0,40.0,12.0,5.5,52.0,A
367776660,2024-12-26T17:47:41,21.31139,-157.87434,0.0,355.8,124.0,MOUNT BAKER,IMO9822906,WDJ6673,52.0,0.0,40.0,12.0,5.5,52.0,A
367776660,2024-12-26T17:46:32,21.31138,-157.87432,0.0,355.8,123.0,MOUNT BAKER,IMO9822906,WDJ6673,52.0,0.0,40.0,12.0,5.5,52.0,A
367776660,2024-12-26T17:49:01,21.31141,-157.87432,0.0,355.8,123.0,MOUNT BAKER,IMO9822906,WDJ6673,52.0,0.0,40.0,12.0,5.5,52.0,A
367776660,2024-12-26T17:50:11,21.31139,-157.87433,0.0,355.8,124.0,MOUNT BAKER,IMO9822906,WDJ6673,52.0,0.0,40.0,12.0,5.5,52.0,A
367776660,2024-12-26T17:51:22,21.3114,-157.87432,0.0,355.8,124.0,MOUNT BAKER,IMO9822906,WDJ6673,52.0,0.0,40.0,12.0,5.5,52.0,A
367776660,2024-12-26T17:52:32,21.3114,-157.87433,0.0,355.8,124.0,MOUNT BAKER,IMO9822906,WDJ6673,52.0,0.0,40.0,12.0,5.5,52.0,A
367776660,2024-12-26T17:53:42,21.31139,-157.87434,0.0,355.8,124.0,MOUNT BAKER,IMO9822906,WDJ6673,52.0,0.0,40.0,12.0,5.5,52.0,A
367776660,2024-12-26T17:55:02,21.31138,-157.8743,0.0,355.8,125.0,MOUNT BAKER,IMO9822906,WDJ6673,52.0,0.0,40.0,12.0,5.5,52.0,A
367776660,2024-12-26T17:56:13,21.31139,-157.87431,0.0,355.8,124.0,MOUNT BAKER,IMO9822906,WDJ6673,52.0,0.0,40.0,12.0,5.5,52.0,A
367776660,2024-12-26T17:57:21,21.31138,-157.87432,0.0,355.8,125.0,MOUNT BAKER,IMO9822906,WDJ6673,52.0,0.0,40.0,12.0,5.5,52.0,A
367776660,2024-12-26T17:58:31,21.31137,-157.87432,0.0,355.8,125.0,MOUNT BAKER,IMO9822906,WDJ6673,52.0,0.0,40.0,12.0,5.5,52.0,A
367776660,2024-12-26T18:00:03,21.31137,-157.87433,0.0,355.8,125.0,MOUNT BAKER,IMO9822906,WDJ6673,52.0,0.0,40.0,12.0,5.5,52.0,A
367776660,2024-12-26T17:59:42,21.31138,-157.87432,0.0,355.8,125.0,MOUNT BAKER,IMO9822906,WDJ6673,52.0,0.0,40.0,12.0,5.5,52.0,A
367776660,2024-12-26T18:01:12,21.3114,-157.87429,0.0,355.8,125.0,MOUNT BAKER,IMO9822906,WDJ6673,52.0,0.0,40.0,12.0,5.5,52.0,A
367776660,2024-12-26T18:04:41,21.31141,-157.8743,0.0,355.8,125.0,MOUNT BAKER,IMO9822906,WDJ6673,52.0,0.0,40.0,12.0,5.5,52.0,A
367776660,2024-12-26T18:03:31,21.31141,-157.87428,0.0,355.8,125.0,MOUNT BAKER,IMO9822906,WDJ6673,52.0,0.0,40.0,12.0,5.5,52.0,A
367776660,2024-12-26T18:05:42,21.3114,-157.87425,0.0,355.8,125.0,MOUNT BAKER,IMO9822906,WDJ6673,52.0,0.0,40.0,12.0,5.5,52.0,A
367776660,2024-12-26T18:10:11,21.3113,-157.8743,0.0,355.8,125.0,MOUNT BAKER,IMO9822906,WDJ6673,52.0,0.0,40.0,12.0,5.5,52.0,A
367776660,2024-12-26T18:06:43,21.31137,-157.87429,0.0,355.8,125.0,MOUNT BAKER,IMO9822906,WDJ6673,52.0,0.0,40.0,12.0,5.5,52.0,A
367776660,2024-12-26T18:07:51,21.31139,-157.87428,0.0,355.8,124.0,MOUNT BAKER,IMO9822906,WDJ6673,52.0,0.0,40.0,12.0,5.5,52.0,A
367776660,2024-12-26T18:12:32,21.31137,-157.87432,0.0,355.8,125.0,MOUNT BAKER,IMO9822906,WDJ6673,52.0,0.0,40.0,12.0,5.5,52.0,A
367776660,2024-12-26T18:09:01,21.31143,-157.87432,0.0,355.8,124.0,MOUNT BAKER,IMO9822906,WDJ6673,52.0,0.0,40.0,12.0,5.5,52.0,A
367776660,2024-12-26T18:11:21,21.31136,-157.87429,0.0,355.8,124.0,MOUNT BAKER,IMO9822906,WDJ6673,52.0,0.0,40.0,12.0,5.5,52.0,A
367776660,2024-12-26T18:16:02,21.31137,-157.8743,0.0,355.8,125.0,MOUNT BAKER,IMO9822906,WDJ6673,52.0,0.0,40.0,12.0,5.5,52.0,A
367776660,2024-12-26T18:14:52,21.31135,-157.87431,0.0,355.8,124.0,MOUNT BAKER,IMO9822906,WDJ6673,52.0,0.0,40.0,12.0,5.5,52.0,A
367776660,2024-12-26T18:19:52,21.31146,-157.87433,0.0,355.8,124.0,MOUNT BAKER,IMO9822906,WDJ6673,52.0,0.0,40.0,12.0,5.5,52.0,A
367776660,2024-12-26T18:21:02,21.31146,-157.87433,0.0,355.8,124.0,MOUNT BAKER,IMO9822906,WDJ6673,52.0,0.0,40.0,12.0,5.5,52.0,A
367776660,2024-12-26T18:18:42,21.31138,-157.87429,0.0,355.8,125.0,MOUNT BAKER,IMO9822906,WDJ6673,52.0,0.0,40.0,12.0,5.5,52.0,A
367776660,2024-12-26T18:22:11,21.31143,-157.87436,0.0,355.8,125.0,MOUNT BAKER,IMO9822906,WDJ6673,52.0,0.0,40.0,12.0,5.5,52.0,A
367776660,2024-12-26T18:23:22,21.31138,-157.87434,0.0,355.8,125.0,MOUNT BAKER,IMO9822906,WDJ6673,52.0,0.0,40.0,12.0,5.5,52.0,A
367776660,2024-12-26T03:36:04,21.31016,-157.86794,0.0,53.6,164.0,MOUNT BAKER,IMO9822906,WDJ6673,52.0,5.0,40.0,12.0,5.5,52.0,A
367776660,2024-12-26T18:25:52,21.31141,-157.87428,0.0,355.8,124.0,MOUNT BAKER,IMO9822906,WDJ6673,52.0,0.0,40.0,12.0,5.5,52.0,A
367776660,2024-12-26T18:27:01,21.31139,-157.87434,0.0,355.8,125.0,MOUNT BAKER,IMO9822906,WDJ6673,52.0,0.0,40.0,12.0,5.5,52.0,A
367776660,2024-12-26T18:28:02,21.31138,-157.87435,0.0,355.8,124.0,MOUNT BAKER,IMO9822906,WDJ6673,52.0,0.0,40.0,12.0,5.5,52.0,A
367776660,2024-12-26T18:29:12,21.31138,-157.87435,0.0,355.8,125.0,MOUNT BAKER,IMO9822906,WDJ6673,52.0,0.0,40.0,12.0,5.5,52.0,A
367776660,2024-12-26T18:24:31,21.31136,-157.87427,0.0,355.8,124.0,MOUNT BAKER,IMO9822906,WDJ6673,52.0,0.0,40.0,12.0,5.5,52.0,A
367776660,2024-12-26T18:31:22,21.3114,-157.87433,0.0,355.8,125.0,MOUNT BAKER,IMO9822906,WDJ6673,52.0,0.0,40.0,12.0,5.5,52.0,A
367776660,2024-12-26T18:30:13,21.31139,-157.87434,0.0,355.8,124.0,MOUNT BAKER,IMO9822906,WDJ6673,52.0,0.0,40.0,12.0,5.5,52.0,A
367776660,2024-12-26T18:32:32,21.31138,-157.87433,0.0,355.8,124.0,MOUNT BAKER,IMO9822906,WDJ6673,52.0,0.0,40.0,12.0,5.5,52.0,A
367776660,2024-12-26T18:38:32,21.3114,-157.87426,0.0,355.8,125.0,MOUNT BAKER,IMO9822906,WDJ6673,52.0,0.0,40.0,12.0,5.5,52.0,A
367776660,2024-12-26T18:33:43,21.31139,-157.87433,0.0,355.8,124.0,MOUNT BAKER,IMO9822906,WDJ6673,52.0,0.0,40.0,12.0,5.5,52.0,A
367776660,2024-12-26T18:41:53,21.31144,-157.87429,0.0,355.8,124.0,MOUNT BAKER,IMO9822906,WDJ6673,52.0,0.0,40.0,12.0,5.5,52.0,A
367776660,2024-12-26T18:34:51,21.31138,-157.87433,0.0,355.8,125.0,MOUNT BAKER,IMO9822906,WDJ6673,52.0,0.0,40.0,12.0,5.5,52.0,A
367776660,2024-12-26T18:35:52,21.31136,-157.87433,0.0,355.8,125.0,MOUNT BAKER,IMO9822906,WDJ6673,52.0,0.0,40.0,12.0,5.5,52.0,A
367776660,2024-12-26T18:44:12,21.31143,-157.87432,0.0,355.8,124.0,MOUNT BAKER,IMO9822906,WDJ6673,52.0,0.0,40.0,12.0,5.5,52.0,A
367776660,2024-12-26T18:39:42,21.31138,-157.8743,0.0,355.8,125.0,MOUNT BAKER,IMO9822906,WDJ6673,52.0,0.0,40.0,12.0,5.5,52.0,A
367776660,2024-12-26T18:45:21,21.31143,-157.87434,0.0,355.8,124.0,MOUNT BAKER,IMO9822906,WDJ6673,52.0,0.0,40.0,12.0,5.5,52.0,A
367776660,2024-12-26T18:40:52,21.31141,-157.87431,0.0,355.8,124.0,MOUNT BAKER,IMO9822906,WDJ6673,52.0,0.0,40.0,12.0,5.5,52.0,A
367776660,2024-12-26T18:47:41,21.3114,-157.87433,0.0,355.8,125.0,MOUNT BAKER,IMO9822906,WDJ6673,52.0,0.0,40.0,12.0,5.5,52.0,A
367776660,2024-12-26T18:43:01,21.31141,-157.87429,0.0,355.8,125.0,MOUNT BAKER,IMO9822906,WDJ6673,52.0,0.0,40.0,12.0,5.5,52.0,A
367776660,2024-12-26T18:48:52,21.3114,-157.87433,0.0,355.8,125.0,MOUNT BAKER,IMO9822906,WDJ6673,52.0,0.0,40.0,12.0,5.5,52.0,A
367776660,2024-12-26T18:52:12,21.31138,-157.87436,0.0,355.8,124.0,MOUNT BAKER,IMO9822906,WDJ6673,52.0,0.0,40.0,12.0,5.5,52.0,A
367776660,2024-12-26T18:46:32,21.31138,-157.87434,0.0,355.8,124.0,MOUNT BAKER,IMO9822906,WDJ6673,52.0,0.0,40.0,12.0,5.5,52.0,A
367776660,2024-12-26T18:50:01,21.31142,-157.87428,0.0,355.8,125.0,MOUNT BAKER,IMO9822906,WDJ6673,52.0,0.0,40.0,12.0,5.5,52.0,A
367776660,2024-12-26T18:54:43,21.31137,-157.87437,0.0,355.8,124.0,MOUNT BAKER,IMO9822906,WDJ6673,52.0,0.0,40.0,12.0,5.5,52.0,A
367776660,2024-12-26T18:55:52,21.31138,-157.87437,0.0,355.8,124.0,MOUNT BAKER,IMO9822906,WDJ6673,52.0,0.0,40.0,12.0,5.5,52.0,A
367776660,2024-12-26T18:51:02,21.3114,-157.87429,0.0,355.8,125.0,MOUNT BAKER,IMO9822906,WDJ6673,52.0,0.0,40.0,12.0,5.5,52.0,A
367776660,2024-12-26T18:58:22,21.31139,-157.87435,0.0,355.8,125.0,MOUNT BAKER,IMO9822906,WDJ6673,52.0,0.0,40.0,12.0,5.5,52.0,A
367776660,2024-12-26T18:53:32,21.31134,-157.87436,0.0,355.8,126.0,MOUNT BAKER,IMO9822906,WDJ6673,52.0,0.0,40.0,12.0,5.5,52.0,A
367776660,2024-12-26T18:57:02,21.31139,-157.87436,0.0,355.8,125.0,MOUNT BAKER,IMO9822906,WDJ6673,52.0,0.0,40.0,12.0,5.5,52.0,A
367776660,2024-12-26T19:03:42,21.3114,-157.87434,0.0,355.8,125.0,MOUNT BAKER,IMO9822906,WDJ6673,52.0,0.0,40.0,12.0,5.5,52.0,A
367776660,2024-12-26T19:07:02,21.3114,-157.87433,0.0,355.8,125.0,MOUNT BAKER,IMO9822906,WDJ6673,52.0,0.0,40.0,12.0,5.5,52.0,A
367776660,2024-12-26T19:01:22,21.31143,-157.87435,0.0,355.8,125.0,MOUNT BAKER,IMO9822906,WDJ6673,52.0,0.0,40.0,12.0,5.5,52.0,A
367776660,2024-12-26T19:06:01,21.31143,-157.87434,0.0,355.8,125.0,MOUNT BAKER,IMO9822906,WDJ6673,52.0,0.0,40.0,12.0,5.5,52.0,A
367776660,2024-12-26T19:08:12,21.31143,-157.87432,0.0,355.8,125.0,MOUNT BAKER,IMO9822906,WDJ6673,52.0,0.0,40.0,12.0,5.5,52.0,A
367776660,2024-12-26T19:02:32,21.31142,-157.87434,0.0,355.8,125.0,MOUNT BAKER,IMO9822906,WDJ6673,52.0,0.0,40.0,12.0,5.5,52.0,A
367776660,2024-12-26T19:13:01,21.31144,-157.87431,0.0,355.8,126.0,MOUNT BAKER,IMO9822906,WDJ6673,52.0,0.0,40.0,12.0,5.5,52.0,A
367776660,2024-12-26T19:10:41,21.31142,-157.87431,0.0,355.8,125.0,MOUNT BAKER,IMO9822906,WDJ6673,52.0,0.0,40.0,12.0,5.5,52.0,A
367776660,2024-12-26T19:11:52,21.31142,-157.87431,0.0,355.8,125.0,MOUNT BAKER,IMO9822906,WDJ6673,52.0,0.0,40.0,12.0,5.5,52.0,A
367776660,2024-12-26T19:15:13,21.31145,-157.87432,0.0,355.8,125.0,MOUNT BAKER,IMO9822906,WDJ6673,52.0,0.0,40.0,12.0,5.5,52.0,A
367776660,2024-12-26T19:14:12,21.31144,-157.87431,0.0,355.8,125.0,MOUNT BAKER,IMO9822906,WDJ6673,52.0,0.0,40.0,12.0,5.5,52.0,A
367776660,2024-12-26T19:16:23,21.31141,-157.87432,0.0,355.8,125.0,MOUNT BAKER,IMO9822906,WDJ6673,52.0,0.0,40.0,12.0,5.5,52.0,A
367776660,2024-12-26T19:17:32,21.31139,-157.87431,0.0,355.8,125.0,MOUNT BAKER,IMO9822906,WDJ6673,52.0,0.0,40.0,12.0,5.5,52.0,A
367776660,2024-12-26T19:18:41,21.3114,-157.87431,0.0,355.8,125.0,MOUNT BAKER,IMO9822906,WDJ6673,52.0,0.0,40.0,12.0,5.5,52.0,A
367776660,2024-12-26T19:22:02,21.31135,-157.87428,0.0,355.8,124.0,MOUNT BAKER,IMO9822906,WDJ6673,52.0,0.0,40.0,12.0,5.5,52.0,A
367776660,2024-12-26T19:24:21,21.31137,-157.87433,0.0,355.8,125.0,MOUNT BAKER,IMO9822906,WDJ6673,52.0,0.0,40.0,12.0,5.5,52.0,A
367776660,2024-12-26T19:23:12,21.31136,-157.87433,0.0,355.8,125.0,MOUNT BAKER,IMO9822906,WDJ6673,52.0,0.0,40.0,12.0,5.5,52.0,A
367776660,2024-12-26T19:25:31,21.31137,-157.87432,0.0,355.8,125.0,MOUNT BAKER,IMO9822906,WDJ6673,52.0,0.0,40.0,12.0,5.5,52.0,A
367776660,2024-12-26T19:27:52,21.31141,-157.87431,0.0,355.8,125.0,MOUNT BAKER,IMO9822906,WDJ6673,52.0,0.0,40.0,12.0,5.5,52.0,A
367776660,2024-12-26T19:19:52,21.3114,-157.87431,0.0,355.8,125.0,MOUNT BAKER,IMO9822906,WDJ6673,52.0,0.0,40.0,12.0,5.5,52.0,A
367776660,2024-12-26T19:21:01,21.31136,-157.87432,0.0,355.8,124.0,MOUNT BAKER,IMO9822906,WDJ6673,52.0,0.0,40.0,12.0,5.5,52.0,A
367776660,2024-12-26T19:30:11,21.31141,-157.87433,0.0,355.8,125.0,MOUNT BAKER,IMO9822906,WDJ6673,52.0,0.0,40.0,12.0,5.5,52.0,A
367776660,2024-12-26T19:31:22,21.31142,-157.87434,0.0,355.8,125.0,MOUNT BAKER,IMO9822906,WDJ6673,52.0,0.0,40.0,12.0,5.5,52.0,A
367776660,2024-12-26T19:29:02,21.31138,-157.87431,0.0,355.8,125.0,MOUNT BAKER,IMO9822906,WDJ6673,52.0,0.0,40.0,12.0,5.5,52.0,A
367776660,2024-12-26T19:33:42,21.31146,-157.87431,0.0,355.8,125.0,MOUNT BAKER,IMO9822906,WDJ6673,52.0,0.0,40.0,12.0,5.5,52.0,A
367776660,2024-12-26T19:36:12,21.31141,-157.87434,0.0,355.8,124.0,MOUNT BAKER,IMO9822906,WDJ6673,52.0,0.0,40.0,12.0,5.5,52.0,A
367776660,2024-12-26T19:38:42,21.31142,-157.87432,0.0,355.8,124.0,MOUNT BAKER,IMO9822906,WDJ6673,52.0,0.0,40.0,12.0,5.5,52.0,A
367776660,2024-12-26T19:42:41,21.31141,-157.87437,0.0,355.8,124.0,MOUNT BAKER,IMO9822906,WDJ6673,52.0,0.0,40.0,12.0,5.5,52.0,A
367776660,2024-12-26T19:41:12,21.31143,-157.87434,0.0,355.8,125.0,MOUNT BAKER,IMO9822906,WDJ6673,52.0,0.0,40.0,12.0,5.5,52.0,A
367776660,2024-12-26T19:35:02,21.31143,-157.87433,0.0,355.8,125.0,MOUNT BAKER,IMO9822906,WDJ6673,52.0,0.0,40.0,12.0,5.5,52.0,A
367776660,2024-12-26T19:40:01,21.31145,-157.8743,0.0,355.8,125.0,MOUNT BAKER,IMO9822906,WDJ6673,52.0,0.0,40.0,12.0,5.5,52.0,A
367776660,2024-12-26T19:44:53,21.31145,-157.87434,0.0,355.8,125.0,MOUNT BAKER,IMO9822906,WDJ6673,52.0,0.0,40.0,12.0,5.5,52.0,A
367776660,2024-12-26T19:49:31,21.31139,-157.87433,0.0,355.8,127.0,MOUNT BAKER,IMO9822906,WDJ6673,52.0,0.0,40.0,12.0,5.5,52.0,A
367776660,2024-12-26T19:50:43,21.31113,-157.87415,0.1,355.8,122.0,MOUNT BAKER,IMO9822906,WDJ6673,52.0,0.0,40.0,12.0,5.5,52.0,A
367776660,2024-12-26T19:51:48,21.3104,-157.87336,5.9,136.6,132.0,MOUNT BAKER,IMO9822906,WDJ6673,52.0,0.0,40.0,12.0,5.5,52.0,A
367776660,2024-12-26T19:53:01,21.30885,-157.87137,7.4,128.1,127.0,MOUNT BAKER,IMO9822906,WDJ6673,52.0,0.0,40.0,12.0,5.5,52.0,A
367776660,2024-12-26T19:56:11,21.30996,-157.86797,1.6,352.2,158.0,MOUNT BAKER,IMO9822906,WDJ6673,52.0,0.0,40.0,12.0,5.5,52.0,A
367776660,2024-12-26T19:58:22,21.31016,-157.86802,0.0,19.4,161.0,MOUNT BAKER,IMO9822906,WDJ6673,52.0,0.0,40.0,12.0,5.5,52.0,A
367776660,2024-12-26T19:57:15,21.31016,-157.86798,0.1,19.4,162.0,MOUNT BAKER,IMO9822906,WDJ6673,52.0,0.0,40.0,12.0,5.5,52.0,A
367776660,2024-12-26T19:55:09,21.30957,-157.86822,4.6,40.7,54.0,MOUNT BAKER,IMO9822906,WDJ6673,52.0,0.0,40.0,12.0,5.5,52.0,A
367776660,2024-12-26T19:47:11,21.31146,-157.8744,0.0,355.8,127.0,MOUNT BAKER,IMO9822906,WDJ6673,52.0,0.0,40.0,12.0,5.5,52.0,A
367776660,2024-12-26T19:48:21,21.31143,-157.87436,0.0,355.8,125.0,MOUNT BAKER,IMO9822906,WDJ6673,52.0,0.0,40.0,12.0,5.5,52.0,A
367776660,2024-12-26T20:00:03,21.31013,-157.86793,0.0,19.4,162.0,MOUNT BAKER,IMO9822906,WDJ6673,52.0,5.0,40.0,12.0,5.5,52.0,A
367776660,2024-12-26T20:02:19,21.31013,-157.86796,0.0,19.4,161.0,MOUNT BAKER,IMO9822906,WDJ6673,52.0,5.0,40.0,12.0,5.5,52.0,A
367776660,2024-12-26T20:05:21,21.31012,-157.86798,0.0,19.4,162.0,MOUNT BAKER,IMO9822906,WDJ6673,52.0,5.0,40.0,12.0,5.5,52.0,A
367776660,2024-12-26T20:08:20,21.31012,-157.86796,0.0,19.4,162.0,MOUNT BAKER,IMO9822906,WDJ6673,52.0,5.0,40.0,12.0,5.5,52.0,A
367776660,2024-12-26T19:54:06,21.30834,-157.86938,6.2,59.8,40.0,MOUNT BAKER,IMO9822906,WDJ6673,52.0,0.0,40.0,12.0,5.5,52.0,A
367776660,2024-12-26T20:11:21,21.31016,-157.868,0.0,19.4,162.0,MOUNT BAKER,IMO9822906,WDJ6673,52.0,5.0,40.0,12.0,5.5,52.0,A
367776660,2024-12-26T19:59:52,21.31013,-157.86793,0.0,19.4,162.0,MOUNT BAKER,IMO9822906,WDJ6673,52.0,5.0,40.0,12.0,5.5,52.0,A
367776660,2024-12-26T20:23:20,21.31012,-157.86801,0.0,19.4,162.0,MOUNT BAKER,IMO9822906,WDJ6673,52.0,5.0,40.0,12.0,5.5,52.0,A
367776660,2024-12-26T20:26:23,21.31013,-157.86802,0.0,19.4,162.0,MOUNT BAKER,IMO9822906,WDJ6673,52.0,5.0,40.0,12.0,5.5,52.0,A
367776660,2024-12-26T20:29:20,21.31013,-157.86804,0.0,19.4,163.0,MOUNT BAKER,IMO9822906,WDJ6673,52.0,5.0,40.0,12.0,5.5,52.0,A
367776660,2024-12-26T20:35:22,21.31013,-157.868,0.0,19.4,162.0,MOUNT BAKER,IMO9822906,WDJ6673,52.0,5.0,40.0,12.0,5.5,52.0,A
367776660,2024-12-26T20:20:22,21.31012,-157.86801,0.0,19.4,162.0,MOUNT BAKER,IMO9822906,WDJ6673,52.0,5.0,40.0,12.0,5.5,52.0,A
367776660,2024-12-26T20:38:24,21.31013,-157.86797,0.0,19.4,162.0,MOUNT BAKER,IMO9822906,WDJ6673,52.0,5.0,40.0,12.0,5.5,52.0,A
367776660,2024-12-26T20:41:24,21.31014,-157.86797,0.0,19.4,164.0,MOUNT BAKER,IMO9822906,WDJ6673,52.0,5.0,40.0,12.0,5.5,52.0,A
367776660,2024-12-26T20:44:25,21.31014,-157.86797,0.0,19.4,163.0,MOUNT BAKER,IMO9822906,WDJ6673,52.0,5.0,40.0,12.0,5.5,52.0,A
367776660,2024-12-26T20:47:23,21.31013,-157.86796,0.0,19.4,162.0,MOUNT BAKER,IMO9822906,WDJ6673,52.0,5.0,40.0,12.0,5.5,52.0,A
367776660,2024-12-26T20:50:25,21.31016,-157.86797,0.0,19.4,161.0,MOUNT BAKER,IMO9822906,WDJ6673,52.0,5.0,40.0,12.0,5.5,52.0,A
367776660,2024-12-26T20:59:17,21.31014,-157.86798,0.0,19.4,162.0,MOUNT BAKER,IMO9822906,WDJ6673,52.0,5.0,40.0,12.0,5.5,52.0,A
367776660,2024-12-26T20:56:26,21.31014,-157.868,0.0,19.4,161.0,MOUNT BAKER,IMO9822906,WDJ6673,52.0,5.0,40.0,12.0,5.5,52.0,A
367776660,2024-12-26T20:53:24,21.31019,-157.868,0.0,19.4,163.0,MOUNT BAKER,IMO9822906,WDJ6673,52.0,5.0,40.0,12.0,5.5,52.0,A
367776660,2024-12-26T21:05:22,21.31012,-157.86801,0.0,19.4,162.0,MOUNT BAKER,IMO9822906,WDJ6673,52.0,5.0,40.0,12.0,5.5,52.0,A
367776660,2024-12-26T21:08:26,21.31014,-157.86802,0.0,19.4,162.0,MOUNT BAKER,IMO9822906,WDJ6673,52.0,5.0,40.0,12.0,5.5,52.0,A
367776660,2024-12-26T21:02:26,21.31012,-157.86799,0.0,19.4,163.0,MOUNT BAKER,IMO9822906,WDJ6673,52.0,5.0,40.0,12.0,5.5,52.0,A
367776660,2024-12-26T21:17:21,21.31013,-157.86798,0.0,19.4,162.0,MOUNT BAKER,IMO9822906,WDJ6673,52.0,5.0,40.0,12.0,5.5,52.0,A
367776660,2024-12-26T21:20:23,21.31011,-157.86795,0.0,19.4,161.0,MOUNT BAKER,IMO9822906,WDJ6673,52.0,5.0,40.0,12.0,5.5,52.0,A
367776660,2024-12-26T21:23:20,21.31011,-157.86797,0.0,19.4,162.0,MOUNT BAKER,IMO9822906,WDJ6673,52.0,5.0,40.0,12.0,5.5,52.0,A
367776660,2024-12-26T21:14:25,21.31014,-157.86799,0.0,19.4,162.0,MOUNT BAKER,IMO9822906,WDJ6673,52.0,5.0,40.0,12.0,5.5,52.0,A
367776660,2024-12-26T21:32:25,21.31011,-157.86798,0.0,19.4,161.0,MOUNT BAKER,IMO9822906,WDJ6673,52.0,5.0,40.0,12.0,5.5,52.0,A
367776660,2024-12-26T21:38:26,21.31015,-157.86799,0.0,19.4,161.0,MOUNT BAKER,IMO9822906,WDJ6673,52.0,5.0,40.0,12.0,5.5,52.0,A
367776660,2024-12-26T21:35:22,21.31011,-157.86799,0.0,19.4,162.0,MOUNT BAKER,IMO9822906,WDJ6673,52.0,5.0,40.0,12.0,5.5,52.0,A
367776660,2024-12-26T04:09:05,21.3102,-157.86797,0.0,53.6,163.0,MOUNT BAKER,IMO9822906,WDJ6673,52.0,5.0,40.0,12.0,5.5,52.0,A
367776660,2024-12-26T21:47:21,21.31012,-157.86799,0.0,19.4,162.0,MOUNT BAKER,IMO9822906,WDJ6673,52.0,5.0,40.0,12.0,5.5,52.0,A
367776660,2024-12-26T21:41:21,21.31016,-157.86797,0.0,19.4,162.0,MOUNT BAKER,IMO9822906,WDJ6673,52.0,5.0,40.0,12.0,5.5,52.0,A
367776660,2024-12-26T21:50:17,21.31011,-157.86799,0.0,19.4,162.0,MOUNT BAKER,IMO9822906,WDJ6673,52.0,5.0,40.0,12.0,5.5,52.0,A
367776660,2024-12-26T21:56:21,21.31011,-157.86807,0.0,19.4,163.0,MOUNT BAKER,IMO9822906,WDJ6673,52.0,5.0,40.0,12.0,5.5,52.0,A
367776660,2024-12-26T21:59:19,21.31011,-157.86812,0.0,19.4,163.0,MOUNT BAKER,IMO9822906,WDJ6673,52.0,5.0,40.0,12.0,5.5,52.0,A
367776660,2024-12-26T21:53:20,21.31007,-157.86802,0.0,19.4,163.0,MOUNT BAKER,IMO9822906,WDJ6673,52.0,5.0,40.0,12.0,5.5,52.0,A
367776660,2024-12-26T04:12:04,21.31016,-157.86798,0.0,53.6,162.0,MOUNT BAKER,IMO9822906,WDJ6673,52.0,5.0,40.0,12.0,5.5,52.0,A
367776660,2024-12-26T22:02:21,21.31019,-157.86801,0.0,19.4,163.0,MOUNT BAKER,IMO9822906,WDJ6673,52.0,5.0,40.0,12.0,5.5,52.0,A
367776660,2024-12-26T22:17:20,21.31013,-157.868,0.0,19.4,163.0,MOUNT BAKER,IMO9822906,WDJ6673,52.0,5.0,40.0,12.0,5.5,52.0,A
367776660,2024-12-26T22:08:23,21.31013,-157.868,0.0,19.4,162.0,MOUNT BAKER,IMO9822906,WDJ6673,52.0,5.0,40.0,12.0,5.5,52.0,A
367776660,2024-12-26T22:23:22,21.3102,-157.86801,0.0,19.4,164.0,MOUNT BAKER,IMO9822906,WDJ6673,52.0,5.0,40.0,12.0,5.5,52.0,A
367776660,2024-12-26T22:26:22,21.31019,-157.86798,0.0,19.4,163.0,MOUNT BAKER,IMO9822906,WDJ6673,52.0,5.0,40.0,12.0,5.5,52.0,A
367776660,2024-12-26T22:29:21,21.31025,-157.86805,0.0,19.4,164.0,MOUNT BAKER,IMO9822906,WDJ6673,52.0,5.0,40.0,12.0,5.5,52.0,A
367776660,2024-12-26T22:32:23,21.31014,-157.86805,0.0,19.4,164.0,MOUNT BAKER,IMO9822906,WDJ6673,52.0,5.0,40.0,12.0,5.5,52.0,A
367776660,2024-12-26T22:35:21,21.31008,-157.86802,0.0,19.4,163.0,MOUNT BAKER,IMO9822906,WDJ6673,52.0,5.0,40.0,12.0,5.5,52.0,A
367776660,2024-12-26T22:38:24,21.31012,-157.86802,0.0,19.4,161.0,MOUNT BAKER,IMO9822906,WDJ6673,52.0,5.0,40.0,12.0,5.5,52.0,A
367776660,2024-12-26T22:41:19,21.31009,-157.868,0.0,19.4,164.0,MOUNT BAKER,IMO9822906,WDJ6673,52.0,5.0,40.0,12.0,5.5,52.0,A
367776660,2024-12-26T22:47:20,21.31004,-157.86809,0.0,19.4,163.0,MOUNT BAKER,IMO9822906,WDJ6673,52.0,5.0,40.0,12.0,5.5,52.0,A
367776660,2024-12-26T22:50:24,21.31012,-157.86809,0.0,19.4,163.0,MOUNT BAKER,IMO9822906,WDJ6673,52.0,5.0,40.0,12.0,5.5,52.0,A
367776660,2024-12-26T22:56:25,21.31013,-157.86799,0.0,19.4,161.0,MOUNT BAKER,IMO9822906,WDJ6673,52.0,5.0,40.0,12.0,5.5,52.0,A
367776660,2024-12-26T23:05:19,21.31019,-157.86798,0.0,19.4,162.0,MOUNT BAKER,IMO9822906,WDJ6673,52.0,5.0,40.0,12.0,5.5,52.0,A
367776660,2024-12-26T22:59:19,21.3101,-157.868,0.0,19.4,164.0,MOUNT BAKER,IMO9822906,WDJ6673,52.0,5.0,40.0,12.0,5.5,52.0,A
367776660,2024-12-26T23:08:24,21.31019,-157.86799,0.0,19.4,161.0,MOUNT BAKER,IMO9822906,WDJ6673,52.0,5.0,40.0,12.0,5.5,52.0,A
367776660,2024-12-26T23:11:18,21.31019,-157.868,0.0,19.4,162.0,MOUNT BAKER,IMO9822906,WDJ6673,52.0,5.0,40.0,12.0,5.5,52.0,A
367776660,2024-12-26T23:35:21,21.31012,-157.86803,0.0,19.4,162.0,MOUNT BAKER,IMO9822906,WDJ6673,52.0,5.0,40.0,12.0,5.5,52.0,A
367776660,2024-12-26T23:47:21,21.31013,-157.86803,0.0,19.4,161.0,MOUNT BAKER,IMO9822906,WDJ6673,52.0,5.0,40.0,12.0,5.5,52.0,A
367776660,2024-12-26T23:50:24,21.31016,-157.86795,0.0,19.4,161.0,MOUNT BAKER,IMO9822906,WDJ6673,52.0,5.0,40.0,12.0,5.5,52.0,A
367776660,2024-12-26T23:53:17,21.31017,-157.86793,0.0,19.4,162.0,MOUNT BAKER,IMO9822906,WDJ6673,52.0,5.0,40.0,12.0,5.5,52.0,A
367776660,2024-12-26T23:56:24,21.31017,-157.86795,0.0,19.4,160.0,MOUNT BAKER,IMO9822906,WDJ6673,52.0,5.0,40.0,12.0,5.5,52.0,A
367776660,2024-12-26T23:59:22,21.31019,-157.86795,0.0,19.4,161.0,MOUNT BAKER,IMO9822906,WDJ6673,52.0,5.0,40.0,12.0,5.5,52.0,A
367776660,2024-12-26T04:45:02,21.31002,-157.86808,0.0,53.6,162.0,MOUNT BAKER,IMO9822906,WDJ6673,52.0,5.0,40.0,12.0,5.5,52.0,A
367776660,2024-12-26T05:00:03,21.31017,-157.86801,0.0,53.6,163.0,MOUNT BAKER,IMO9822906,WDJ6673,52.0,5.0,40.0,12.0,5.5,52.0,A
367776660,2024-12-26T05:09:04,21.31013,-157.86799,0.0,53.6,163.0,MOUNT BAKER,IMO9822906,WDJ6673,52.0,5.0,40.0,12.0,5.5,52.0,A
367776660,2024-12-26T05:51:03,21.31011,-157.86805,0.0,53.6,161.0,MOUNT BAKER,IMO9822906,WDJ6673,52.0,5.0,40.0,12.0,5.5,52.0,A
367776660,2024-12-26T05:57:01,21.31009,-157.86802,0.0,53.6,164.0,MOUNT BAKER,IMO9822906,WDJ6673,52.0,5.0,40.0,12.0,5.5,52.0,A
367776660,2024-12-26T07:00:04,21.31008,-157.86813,0.0,53.6,163.0,MOUNT BAKER,IMO9822906,WDJ6673,52.0,5.0,40.0,12.0,5.5,52.0,A
367776660,2024-12-26T07:48:04,21.31012,-157.86801,0.0,53.6,163.0,MOUNT BAKER,IMO9822906,WDJ6673,52.0,5.0,40.0,12.0,5.5,52.0,A
367776660,2024-12-26T07:57:03,21.31017,-157.86801,0.0,53.6,163.0,MOUNT BAKER,IMO9822906,WDJ6673,52.0,5.0,40.0,12.0,5.5,52.0,A
367776660,2024-12-26T08:54:07,21.31005,-157.86803,0.0,53.6,164.0,MOUNT BAKER,IMO9822906,WDJ6673,52.0,5.0,40.0,12.0,5.5,52.0,A
367776660,2024-12-26T08:57:07,21.31007,-157.868,0.0,53.6,164.0,MOUNT BAKER,IMO9822906,WDJ6673,52.0,5.0,40.0,12.0,5.5,52.0,A
367776660,2024-12-26T09:15:03,21.31009,-157.86798,0.0,53.6,163.0,MOUNT BAKER,IMO9822906,WDJ6673,52.0,5.0,40.0,12.0,5.5,52.0,A
367776660,2024-12-26T09:42:08,21.31009,-157.86802,0.0,53.6,164.0,MOUNT BAKER,IMO9822906,WDJ6673,52.0,5.0,40.0,12.0,5.5,52.0,A
367776660,2024-12-26T09:54:06,21.31009,-157.86804,0.0,53.6,164.0,MOUNT BAKER,IMO9822906,WDJ6673,52.0,5.0,40.0,12.0,5.5,52.0,A
367776660,2024-12-26T10:33:09,21.31012,-157.86802,0.0,53.6,165.0,MOUNT BAKER,IMO9822906,WDJ6673,52.0,5.0,40.0,12.0,5.5,52.0,A
367776660,2024-12-26T10:36:10,21.31009,-157.86801,0.0,53.6,164.0,MOUNT BAKER,IMO9822906,WDJ6673,52.0,5.0,40.0,12.0,5.5,52.0,A
367776660,2024-12-26T10:48:04,21.31009,-157.86801,0.0,53.6,164.0,MOUNT BAKER,IMO9822906,WDJ6673,52.0,5.0,40.0,12.0,5.5,52.0,A
367776660,2024-12-26T11:21:08,21.3101,-157.86799,0.0,53.6,164.0,MOUNT BAKER,IMO9822906,WDJ6673,52.0,5.0,40.0,12.0,5.5,52.0,A
367776660,2024-12-26T11:33:07,21.31012,-157.86791,0.0,53.6,164.0,MOUNT BAKER,IMO9822906,WDJ6673,52.0,5.0,40.0,12.0,5.5,52.0,A
367776660,2024-12-26T12:03:07,21.31011,-157.86801,0.0,53.6,163.0,MOUNT BAKER,IMO9822906,WDJ6673,52.0,5.0,40.0,12.0,5.5,52.0,A
367776660,2024-12-26T12:48:03,21.31006,-157.86801,0.0,53.6,164.0,MOUNT BAKER,IMO9822906,WDJ6673,52.0,5.0,40.0,12.0,5.5,52.0,A
367776660,2024-12-26T13:18:06,21.31008,-157.868,0.0,53.6,163.0,MOUNT BAKER,IMO9822906,WDJ6673,52.0,5.0,40.0,12.0,5.5,52.0,A
367776660,2024-12-26T13:24:05,21.31005,-157.868,0.0,53.6,164.0,MOUNT BAKER,IMO9822906,WDJ6673,52.0,5.0,40.0,12.0,5.5,52.0,A
367776660,2024-12-26T13:45:05,21.31011,-157.86799,0.0,53.6,164.0,MOUNT BAKER,IMO9822906,WDJ6673,52.0,5.0,40.0,12.0,5.5,52.0,A
367776660,2024-12-26T15:21:07,21.31007,-157.86804,0.0,53.6,163.0,MOUNT BAKER,IMO9822906,WDJ6673,52.0,5.0,40.0,12.0,5.5,52.0,A
367776660,2024-12-26T16:21:10,21.31011,-157.86799,0.0,53.6,162.0,MOUNT BAKER,IMO9822906,WDJ6673,52.0,5.0,40.0,12.0,5.5,52.0,A
367776660,2024-12-26T16:44:32,21.3113,-157.87434,0.0,355.8,124.0,MOUNT BAKER,IMO9822906,WDJ6673,52.0,0.0,40.0,12.0,5.5,52.0,A
367776660,2024-12-26T16:56:03,21.31133,-157.87435,0.0,355.8,123.0,MOUNT BAKER,IMO9822906,WDJ6673,52.0,0.0,40.0,12.0,5.5,52.0,A
367776660,2024-12-26T16:57:21,21.31132,-157.87433,0.0,355.8,124.0,MOUNT BAKER,IMO9822906,WDJ6673,52.0,0.0,40.0,12.0,5.5,52.0,A
367776660,2024-12-26T17:06:01,21.31134,-157.87447,0.0,355.8,124.0,MOUNT BAKER,IMO9822906,WDJ6673,52.0,0.0,40.0,12.0,5.5,52.0,A
367776660,2024-12-26T17:18:42,21.31139,-157.87428,0.0,355.8,123.0,MOUNT BAKER,IMO9822906,WDJ6673,52.0,0.0,40.0,12.0,5.5,52.0,A
367776660,2024-12-26T17:19:51,21.31135,-157.87432,0.0,355.8,123.0,MOUNT BAKER,IMO9822906,WDJ6673,52.0,0.0,40.0,12.0,5.5,52.0,A
367776660,2024-12-26T17:22:42,21.31135,-157.87433,0.0,355.8,123.0,MOUNT BAKER,IMO9822906,WDJ6673,52.0,0.0,40.0,12.0,5.5,52.0,A
367776660,2024-12-26T17:38:31,21.31139,-157.8744,0.0,355.8,124.0,MOUNT BAKER,IMO9822906,WDJ6673,52.0,0.0,40.0,12.0,5.5,52.0,A
367776660,2024-12-26T18:02:23,21.31141,-157.87428,0.0,355.8,124.0,MOUNT BAKER,IMO9822906,WDJ6673,52.0,0.0,40.0,12.0,5.5,52.0,A
367776660,2024-12-26T18:13:42,21.31139,-157.87433,0.0,355.8,125.0,MOUNT BAKER,IMO9822906,WDJ6673,52.0,0.0,40.0,12.0,5.5,52.0,A
367776660,2024-12-26T18:17:32,21.31132,-157.8743,0.0,355.8,125.0,MOUNT BAKER,IMO9822906,WDJ6673,52.0,0.0,40.0,12.0,5.5,52.0,A
367776660,2024-12-26T18:37:02,21.31138,-157.87429,0.0,355.8,125.0,MOUNT BAKER,IMO9822906,WDJ6673,52.0,0.0,40.0,12.0,5.5,52.0,A
367776660,2024-12-26T18:59:32,21.31139,-157.87436,0.0,355.8,125.0,MOUNT BAKER,IMO9822906,WDJ6673,52.0,0.0,40.0,12.0,5.5,52.0,A
367776660,2024-12-26T19:00:01,21.31138,-157.87435,0.0,355.8,125.0,MOUNT BAKER,IMO9822906,WDJ6673,52.0,0.0,40.0,12.0,5.5,52.0,A
367776660,2024-12-26T19:04:53,21.31141,-157.87434,0.0,355.8,124.0,MOUNT BAKER,IMO9822906,WDJ6673,52.0,0.0,40.0,12.0,5.5,52.0,A
367776660,2024-12-26T19:09:31,21.31144,-157.8743,0.0,355.8,125.0,MOUNT BAKER,IMO9822906,WDJ6673,52.0,0.0,40.0,12.0,5.5,52.0,A
367776660,2024-12-26T19:26:43,21.31139,-157.87431,0.0,355.8,125.0,MOUNT BAKER,IMO9822906,WDJ6673,52.0,0.0,40.0,12.0,5.5,52.0,A
367776660,2024-12-26T19:32:32,21.31145,-157.87432,0.0,355.8,124.0,MOUNT BAKER,IMO9822906,WDJ6673,52.0,0.0,40.0,12.0,5.5,52.0,A
367776660,2024-12-26T19:37:21,21.3114,-157.87433,0.0,355.8,125.0,MOUNT BAKER,IMO9822906,WDJ6673,52.0,0.0,40.0,12.0,5.5,52.0,A
367776660,2024-12-26T19:43:52,21.3114,-157.87436,0.0,355.8,124.0,MOUNT BAKER,IMO9822906,WDJ6673,52.0,0.0,40.0,12.0,5.5,52.0,A
367776660,2024-12-26T19:46:02,21.31147,-157.87436,0.0,355.8,125.0,MOUNT BAKER,IMO9822906,WDJ6673,52.0,0.0,40.0,12.0,5.5,52.0,A
367776660,2024-12-26T22:05:22,21.31012,-157.86801,0.0,19.4,161.0,MOUNT BAKER,IMO9822906,WDJ6673,52.0,5.0,40.0,12.0,5.5,52.0,A
367776660,2024-12-26T22:44:26,21.31017,-157.86799,0.0,19.4,164.0,MOUNT BAKER,IMO9822906,WDJ6673,52.0,5.0,40.0,12.0,5.5,52.0,A
367776660,2024-12-26T22:53:19,21.31011,-157.86799,0.0,19.4,161.0,MOUNT BAKER,IMO9822906,WDJ6673,52.0,5.0,40.0,12.0,5.5,52.0,A
367776660,2024-12-26T23:02:24,21.31014,-157.86795,0.0,19.4,161.0,MOUNT BAKER,IMO9822906,WDJ6673,52.0,5.0,40.0,12.0,5.5,52.0,A
367776660,2024-12-26T23:32:24,21.31018,-157.86797,0.0,19.4,161.0,MOUNT BAKER,IMO9822906,WDJ6673,52.0,5.0,40.0,12.0,5.5,52.0,A
367776660,2024-12-26T23:44:22,21.31018,-157.86789,0.0,19.4,160.0,MOUNT BAKER,IMO9822906,WDJ6673,52.0,5.0,40.0,12.0,5.5,52.0,A
367776660,2024-12-27T00:02:25,21.31018,-157.86793,0.0,19.4,161.0,MOUNT BAKER,IMO9822906,WDJ6673,52.0,5.0,40.0,12.0,5.5,52.0,A
367776660,2024-12-27T00:03:50,21.31018,-157.86793,0.0,19.4,161.0,MOUNT BAKER,IMO9822906,WDJ6673,52.0,5.0,40.0,12.0,5.5,52.0,A
367776660,2024-12-27T00:09:50,21.31016,-157.86797,0.0,19.4,161.0,MOUNT BAKER,IMO9822906,WDJ6673,52.0,5.0,40.0,12.0,5.5,52.0,A
367776660,2024-12-27T00:12:51,21.31014,-157.86795,0.0,19.4,161.0,MOUNT BAKER,IMO9822906,WDJ6673,52.0,5.0,40.0,12.0,5.5,52.0,A
367776660,2024-12-27T00:15:50,21.31015,-157.86797,0.0,19.4,162.0,MOUNT BAKER,IMO9822906,WDJ6673,52.0,5.0,40.0,12.0,5.5,52.0,A
367776660,2024-12-27T00:18:50,21.31019,-157.86789,0.0,19.4,162.0,MOUNT BAKER,IMO9822906,WDJ6673,52.0,5.0,40.0,12.0,5.5,52.0,A
367776660,2024-12-27T00:21:49,21.3102,-157.86786,0.0,19.4,161.0,MOUNT BAKER,IMO9822906,WDJ6673,52.0,5.0,40.0,12.0,5.5,52.0,A
367776660,2024-12-27T00:24:50,21.31017,-157.86789,0.0,19.4,164.0,MOUNT BAKER,IMO9822906,WDJ6673,52.0,5.0,40.0,12.0,5.5,52.0,A
367776660,2024-12-27T00:30:51,21.31017,-157.86793,0.0,19.4,160.0,MOUNT BAKER,IMO9822906,WDJ6673,52.0,5.0,40.0,12.0,5.5,52.0,A
367776660,2024-12-27T00:27:51,21.31017,-157.8679,0.0,19.4,161.0,MOUNT BAKER,IMO9822906,WDJ6673,52.0,5.0,40.0,12.0,5.5,52.0,A
367776660,2024-12-27T00:42:52,21.31019,-157.8679,0.0,19.4,161.0,MOUNT BAKER,IMO9822906,WDJ6673,52.0,5.0,40.0,12.0,5.5,52.0,A
367776660,2024-12-27T00:36:50,21.31016,-157.86791,0.0,19.4,161.0,MOUNT BAKER,IMO9822906,WDJ6673,52.0,5.0,40.0,12.0,5.5,52.0,A
367776660,2024-12-27T00:54:53,21.31017,-157.86795,0.0,19.4,161.0,MOUNT BAKER,IMO9822906,WDJ6673,52.0,5.0,40.0,12.0,5.5,52.0,A
367776660,2024-12-27T00:57:49,21.31024,-157.86787,0.0,19.4,161.0,MOUNT BAKER,IMO9822906,WDJ6673,52.0,5.0,40.0,12.0,5.5,52.0,A
367776660,2024-12-27T00:51:50,21.31016,-157.8679,0.0,19.4,162.0,MOUNT BAKER,IMO9822906,WDJ6673,52.0,5.0,40.0,12.0,5.5,52.0,A
367776660,2024-12-27T01:09:50,21.31016,-157.86793,0.0,19.4,160.0,MOUNT BAKER,IMO9822906,WDJ6673,52.0,5.0,40.0,12.0,5.5,52.0,A
367776660,2024-12-27T01:03:49,21.31018,-157.86787,0.0,19.4,161.0,MOUNT BAKER,IMO9822906,WDJ6673,52.0,5.0,40.0,12.0,5.5,52.0,A
367776660,2024-12-27T01:06:56,21.31017,-157.8679,0.0,19.4,161.0,MOUNT BAKER,IMO9822906,WDJ6673,52.0,5.0,40.0,12.0,5.5,52.0,A
367776660,2024-12-27T01:12:57,21.31019,-157.86792,0.0,19.4,161.0,MOUNT BAKER,IMO9822906,WDJ6673,52.0,5.0,40.0,12.0,5.5,52.0,A
367776660,2024-12-27T01:18:57,21.31018,-157.86787,0.0,19.4,161.0,MOUNT BAKER,IMO9822906,WDJ6673,52.0,5.0,40.0,12.0,5.5,52.0,A
367776660,2024-12-27T01:21:52,21.31021,-157.86793,0.0,19.4,161.0,MOUNT BAKER,IMO9822906,WDJ6673,52.0,5.0,40.0,12.0,5.5,52.0,A
367776660,2024-12-27T01:24:56,21.31016,-157.86795,0.0,19.4,161.0,MOUNT BAKER,IMO9822906,WDJ6673,52.0,5.0,40.0,12.0,5.5,52.0,A
367776660,2024-12-27T01:15:52,21.31016,-157.86794,0.0,19.4,161.0,MOUNT BAKER,IMO9822906,WDJ6673,52.0,5.0,40.0,12.0,5.5,52.0,A
367776660,2024-12-27T01:27:54,21.31017,-157.86793,0.0,19.4,161.0,MOUNT BAKER,IMO9822906,WDJ6673,52.0,5.0,40.0,12.0,5.5,52.0,A
367776660,2024-12-27T01:51:53,21.31013,-157.86795,0.0,19.4,162.0,MOUNT BAKER,IMO9822906,WDJ6673,52.0,5.0,40.0,12.0,5.5,52.0,A
367776660,2024-12-27T01:36:50,21.31013,-157.86792,0.0,19.4,162.0,MOUNT BAKER,IMO9822906,WDJ6673,52.0,5.0,40.0,12.0,5.5,52.0,A
367776660,2024-12-27T02:03:53,21.31012,-157.86795,0.0,19.4,163.0,MOUNT BAKER,IMO9822906,WDJ6673,52.0,5.0,40.0,12.0,5.5,52.0,A
367776660,2024-12-27T02:09:54,21.31012,-157.86794,0.0,19.4,161.0,MOUNT BAKER,IMO9822906,WDJ6673,52.0,5.0,40.0,12.0,5.5,52.0,A
367776660,2024-12-27T02:06:52,21.31015,-157.86796,0.0,19.4,163.0,MOUNT BAKER,IMO9822906,WDJ6673,52.0,5.0,40.0,12.0,5.5,52.0,A
367776660,2024-12-27T02:15:54,21.31015,-157.86796,0.0,19.4,162.0,MOUNT BAKER,IMO9822906,WDJ6673,52.0,5.0,40.0,12.0,5.5,52.0,A
367776660,2024-12-27T02:21:53,21.31012,-157.86793,0.0,19.4,161.0,MOUNT BAKER,IMO9822906,WDJ6673,52.0,5.0,40.0,12.0,5.5,52.0,A
367776660,2024-12-27T02:30:54,21.31016,-157.86799,0.0,19.4,164.0,MOUNT BAKER,IMO9822906,WDJ6673,52.0,5.0,40.0,12.0,5.5,52.0,A
367776660,2024-12-27T02:36:56,21.31016,-157.86804,0.0,19.4,163.0,MOUNT BAKER,IMO9822906,WDJ6673,52.0,5.0,40.0,12.0,5.5,52.0,A
367776660,2024-12-27T02:45:53,21.31014,-157.86799,0.0,19.4,162.0,MOUNT BAKER,IMO9822906,WDJ6673,52.0,5.0,40.0,12.0,5.5,52.0,A
367776660,2024-12-27T02:48:55,21.31014,-157.86801,0.0,19.4,162.0,MOUNT BAKER,IMO9822906,WDJ6673,52.0,5.0,40.0,12.0,5.5,52.0,A
367776660,2024-12-27T02:51:52,21.31018,-157.86795,0.0,19.4,163.0,MOUNT BAKER,IMO9822906,WDJ6673,52.0,5.0,40.0,12.0,5.5,52.0,A
367776660,2024-12-27T02:57:51,21.31014,-157.86797,0.0,19.4,164.0,MOUNT BAKER,IMO9822906,WDJ6673,52.0,5.0,40.0,12.0,5.5,52.0,A
367776660,2024-12-27T02:54:56,21.31011,-157.868,0.0,19.4,163.0,MOUNT BAKER,IMO9822906,WDJ6673,52.0,5.0,40.0,12.0,5.5,52.0,A
367776660,2024-12-27T03:00:54,21.31013,-157.86795,0.0,19.4,165.0,MOUNT BAKER,IMO9822906,WDJ6673,52.0,5.0,40.0,12.0,5.5,52.0,A
367776660,2024-12-27T03:51:54,21.31007,-157.86815,0.0,19.4,162.0,MOUNT BAKER,IMO9822906,WDJ6673,52.0,5.0,40.0,12.0,5.5,52.0,A
367776660,2024-12-27T03:03:49,21.31012,-157.86796,0.0,19.4,162.0,MOUNT BAKER,IMO9822906,WDJ6673,52.0,5.0,40.0,12.0,5.5,52.0,A
367776660,2024-12-27T03:57:55,21.31006,-157.86797,0.0,19.4,163.0,MOUNT BAKER,IMO9822906,WDJ6673,52.0,5.0,40.0,12.0,5.5,52.0,A
367776660,2024-12-27T03:54:56,21.31012,-157.86802,0.0,19.4,165.0,MOUNT BAKER,IMO9822906,WDJ6673,52.0,5.0,40.0,12.0,5.5,52.0,A
367776660,2024-12-27T04:00:56,21.31027,-157.86791,0.0,19.4,163.0,MOUNT BAKER,IMO9822906,WDJ6673,52.0,5.0,40.0,12.0,5.5,52.0,A
367776660,2024-12-27T04:06:55,21.31013,-157.86797,0.0,19.4,164.0,MOUNT BAKER,IMO9822906,WDJ6673,52.0,5.0,40.0,12.0,5.5,52.0,A
367776660,2024-12-27T04:12:56,21.31016,-157.868,0.0,19.4,163.0,MOUNT BAKER,IMO9822906,WDJ6673,52.0,5.0,40.0,12.0,5.5,52.0,A
367776660,2024-12-27T04:15:57,21.3102,-157.86801,0.0,19.4,165.0,MOUNT BAKER,IMO9822906,WDJ6673,52.0,5.0,40.0,12.0,5.5,52.0,A
367776660,2024-12-27T04:09:57,21.31013,-157.86798,0.0,19.4,164.0,MOUNT BAKER,IMO9822906,WDJ6673,52.0,5.0,40.0,12.0,5.5,52.0,A
367776660,2024-12-27T04:24:47,21.31009,-157.86799,0.0,19.4,164.0,MOUNT BAKER,IMO9822906,WDJ6673,52.0,5.0,40.0,12.0,5.5,52.0,A
367776660,2024-12-27T04:18:57,21.31026,-157.86794,0.0,19.4,163.0,MOUNT BAKER,IMO9822906,WDJ6673,52.0,5.0,40.0,12.0,5.5,52.0,A
367776660,2024-12-27T04:27:50,21.31002,-157.86801,0.0,19.4,163.0,MOUNT BAKER,IMO9822906,WDJ6673,52.0,5.0,40.0,12.0,5.5,52.0,A
367776660,2024-12-27T04:36:51,21.31018,-157.86798,0.0,19.4,165.0,MOUNT BAKER,IMO9822906,WDJ6673,52.0,5.0,40.0,12.0,5.5,52.0,A
367776660,2024-12-27T04:39:53,21.31008,-157.86796,0.0,19.4,163.0,MOUNT BAKER,IMO9822906,WDJ6673,52.0,5.0,40.0,12.0,5.5,52.0,A
367776660,2024-12-27T04:42:48,21.31018,-157.86796,0.0,19.4,163.0,MOUNT BAKER,IMO9822906,WDJ6673,52.0,5.0,40.0,12.0,5.5,52.0,A
367776660,2024-12-27T04:48:52,21.31013,-157.86797,0.0,19.4,164.0,MOUNT BAKER,IMO9822906,WDJ6673,52.0,5.0,40.0,12.0,5.5,52.0,A
367776660,2024-12-27T04:51:53,21.31014,-157.86797,0.0,19.4,162.0,MOUNT BAKER,IMO9822906,WDJ6673,52.0,5.0,40.0,12.0,5.5,52.0,A
367776660,2024-12-27T04:45:54,21.31012,-157.86797,0.0,19.4,164.0,MOUNT BAKER,IMO9822906,WDJ6673,52.0,5.0,40.0,12.0,5.5,52.0,A
367776660,2024-12-27T05:00:49,21.31016,-157.868,0.0,19.4,162.0,MOUNT BAKER,IMO9822906,WDJ6673,52.0,5.0,40.0,12.0,5.5,52.0,A
367776660,2024-12-27T04:54:51,21.3101,-157.868,0.0,19.4,163.0,MOUNT BAKER,IMO9822906,WDJ6673,52.0,5.0,40.0,12.0,5.5,52.0,A
367776660,2024-12-27T04:57:52,21.31012,-157.86803,0.0,19.4,165.0,MOUNT BAKER,IMO9822906,WDJ6673,52.0,5.0,40.0,12.0,5.5,52.0,A
367776660,2024-12-27T05:03:50,21.31016,-157.86797,0.0,19.4,164.0,MOUNT BAKER,IMO9822906,WDJ6673,52.0,5.0,40.0,12.0,5.5,52.0,A
367776660,2024-12-27T05:06:50,21.31017,-157.86798,0.0,19.4,163.0,MOUNT BAKER,IMO9822906,WDJ6673,52.0,5.0,40.0,12.0,5.5,52.0,A
367776660,2024-12-27T05:09:51,21.31016,-157.86799,0.0,19.4,164.0,MOUNT BAKER,IMO9822906,WDJ6673,52.0,5.0,40.0,12.0,5.5,52.0,A
367776660,2024-12-27T05:21:53,21.31011,-157.86799,0.0,19.4,163.0,MOUNT BAKER,IMO9822906,WDJ6673,52.0,5.0,40.0,12.0,5.5,52.0,A
367776660,2024-12-27T05:27:53,21.31013,-157.86798,0.0,19.4,164.0,MOUNT BAKER,IMO9822906,WDJ6673,52.0,5.0,40.0,12.0,5.5,52.0,A
367776660,2024-12-27T05:33:53,21.31013,-157.86799,0.0,19.4,163.0,MOUNT BAKER,IMO9822906,WDJ6673,52.0,5.0,40.0,12.0,5.5,52.0,A
367776660,2024-12-27T05:48:55,21.31022,-157.86799,0.0,19.4,164.0,MOUNT BAKER,IMO9822906,WDJ6673,52.0,5.0,40.0,12.0,5.5,52.0,A
367776660,2024-12-27T05:39:52,21.31012,-157.86794,0.0,19.4,163.0,MOUNT BAKER,IMO9822906,WDJ6673,52.0,5.0,40.0,12.0,5.5,52.0,A
367776660,2024-12-27T05:57:53,21.31005,-157.86811,0.0,19.4,163.0,MOUNT BAKER,IMO9822906,WDJ6673,52.0,5.0,40.0,12.0,5.5,52.0,A
367776660,2024-12-27T05:51:53,21.31013,-157.868,0.0,19.4,164.0,MOUNT BAKER,IMO9822906,WDJ6673,52.0,5.0,40.0,12.0,5.5,52.0,A
367776660,2024-12-27T06:00:56,21.31012,-157.86803,0.0,19.4,164.0,MOUNT BAKER,IMO9822906,WDJ6673,52.0,5.0,40.0,12.0,5.5,52.0,A
367776660,2024-12-27T06:06:48,21.31011,-157.86801,0.0,19.4,161.0,MOUNT BAKER,IMO9822906,WDJ6673,52.0,5.0,40.0,12.0,5.5,52.0,A
367776660,2024-12-27T06:03:51,21.31015,-157.86799,0.0,19.4,163.0,MOUNT BAKER,IMO9822906,WDJ6673,52.0,5.0,40.0,12.0,5.5,52.0,A
367776660,2024-12-27T06:09:50,21.31012,-157.86801,0.0,19.4,162.0,MOUNT BAKER,IMO9822906,WDJ6673,52.0,5.0,40.0,12.0,5.5,52.0,A
367776660,2024-12-27T06:12:52,21.31008,-157.86808,0.0,19.4,164.0,MOUNT BAKER,IMO9822906,WDJ6673,52.0,5.0,40.0,12.0,5.5,52.0,A
367776660,2024-12-27T06:15:50,21.31016,-157.86796,0.0,19.4,162.0,MOUNT BAKER,IMO9822906,WDJ6673,52.0,5.0,40.0,12.0,5.5,52.0,A
367776660,2024-12-27T06:18:52,21.31014,-157.86797,0.0,19.4,163.0,MOUNT BAKER,IMO9822906,WDJ6673,52.0,5.0,40.0,12.0,5.5,52.0,A
367776660,2024-12-27T06:24:53,21.31012,-157.86799,0.0,19.4,164.0,MOUNT BAKER,IMO9822906,WDJ6673,52.0,5.0,40.0,12.0,5.5,52.0,A
367776660,2024-12-27T06:33:51,21.31026,-157.868,0.0,19.4,163.0,MOUNT BAKER,IMO9822906,WDJ6673,52.0,5.0,40.0,12.0,5.5,52.0,A
367776660,2024-12-27T06:30:53,21.31016,-157.86796,0.0,19.4,162.0,MOUNT BAKER,IMO9822906,WDJ6673,52.0,5.0,40.0,12.0,5.5,52.0,A
367776660,2024-12-27T06:39:52,21.31015,-157.8679,0.0,19.4,162.0,MOUNT BAKER,IMO9822906,WDJ6673,52.0,5.0,40.0,12.0,5.5,52.0,A
367776660,2024-12-27T06:51:52,21.31016,-157.86804,0.0,19.4,164.0,MOUNT BAKER,IMO9822906,WDJ6673,52.0,5.0,40.0,12.0,5.5,52.0,A
367776660,2024-12-27T06:45:52,21.31019,-157.86801,0.0,19.4,164.0,MOUNT BAKER,IMO9822906,WDJ6673,52.0,5.0,40.0,12.0,5.5,52.0,A
367776660,2024-12-27T06:54:51,21.31016,-157.86809,0.0,19.4,164.0,MOUNT BAKER,IMO9822906,WDJ6673,52.0,5.0,40.0,12.0,5.5,52.0,A
367776660,2024-12-27T06:48:52,21.31016,-157.86803,0.0,19.4,163.0,MOUNT BAKER,IMO9822906,WDJ6673,52.0,5.0,40.0,12.0,5.5,52.0,A
367776660,2024-12-27T06:42:53,21.31014,-157.86803,0.0,19.4,162.0,MOUNT BAKER,IMO9822906,WDJ6673,52.0,5.0,40.0,12.0,5.5,52.0,A
367776660,2024-12-27T06:57:50,21.3102,-157.86801,0.0,19.4,163.0,MOUNT BAKER,IMO9822906,WDJ6673,52.0,5.0,40.0,12.0,5.5,52.0,A
367776660,2024-12-27T07:06:54,21.3102,-157.86801,0.0,19.4,164.0,MOUNT BAKER,IMO9822906,WDJ6673,52.0,5.0,40.0,12.0,5.5,52.0,A
367776660,2024-12-27T07:03:52,21.3102,-157.86801,0.0,19.4,164.0,MOUNT BAKER,IMO9822906,WDJ6673,52.0,5.0,40.0,12.0,5.5,52.0,A
367776660,2024-12-27T07:09:54,21.31016,-157.86801,0.0,19.4,164.0,MOUNT BAKER,IMO9822906,WDJ6673,52.0,5.0,40.0,12.0,5.5,52.0,A
367776660,2024-12-27T07:12:52,21.31021,-157.868,0.0,19.4,163.0,MOUNT BAKER,IMO9822906,WDJ6673,52.0,5.0,40.0,12.0,5.5,52.0,A
367776660,2024-12-27T07:15:55,21.31018,-157.86804,0.0,19.4,163.0,MOUNT BAKER,IMO9822906,WDJ6673,52.0,5.0,40.0,12.0,5.5,52.0,A
367776660,2024-12-27T07:18:50,21.31018,-157.86797,0.0,19.4,163.0,MOUNT BAKER,IMO9822906,WDJ6673,52.0,5.0,40.0,12.0,5.5,52.0,A
367776660,2024-12-27T07:21:56,21.31016,-157.86799,0.0,19.4,163.0,MOUNT BAKER,IMO9822906,WDJ6673,52.0,5.0,40.0,12.0,5.5,52.0,A
367776660,2024-12-27T07:24:53,21.31013,-157.86799,0.0,19.4,162.0,MOUNT BAKER,IMO9822906,WDJ6673,52.0,5.0,40.0,12.0,5.5,52.0,A
367776660,2024-12-27T00:45:46,21.31017,-157.8679,0.0,19.4,161.0,MOUNT BAKER,IMO9822906,WDJ6673,52.0,5.0,40.0,12.0,5.5,52.0,A
367776660,2024-12-27T07:30:52,21.3101,-157.86795,0.0,19.4,163.0,MOUNT BAKER,IMO9822906,WDJ6673,52.0,5.0,40.0,12.0,5.5,52.0,A
367776660,2024-12-27T07:33:53,21.31015,-157.86797,0.0,19.4,163.0,MOUNT BAKER,IMO9822906,WDJ6673,52.0,5.0,40.0,12.0,5.5,52.0,A
367776660,2024-12-27T07:36:54,21.31015,-157.86796,0.0,19.4,164.0,MOUNT BAKER,IMO9822906,WDJ6673,52.0,5.0,40.0,12.0,5.5,52.0,A
367776660,2024-12-27T07:42:56,21.31014,-157.86794,0.0,19.4,161.0,MOUNT BAKER,IMO9822906,WDJ6673,52.0,5.0,40.0,12.0,5.5,52.0,A
367776660,2024-12-27T07:45:54,21.31014,-157.86791,0.0,19.4,162.0,MOUNT BAKER,IMO9822906,WDJ6673,52.0,5.0,40.0,12.0,5.5,52.0,A
367776660,2024-12-27T07:54:56,21.31018,-157.86794,0.0,19.4,163.0,MOUNT BAKER,IMO9822906,WDJ6673,52.0,5.0,40.0,12.0,5.5,52.0,A
367776660,2024-12-27T07:57:53,21.31014,-157.86796,0.0,19.4,164.0,MOUNT BAKER,IMO9822906,WDJ6673,52.0,5.0,40.0,12.0,5.5,52.0,A
367776660,2024-12-27T08:03:54,21.31015,-157.86801,0.0,19.4,163.0,MOUNT BAKER,IMO9822906,WDJ6673,52.0,5.0,40.0,12.0,5.5,52.0,A
367776660,2024-12-27T08:00:54,21.31013,-157.86794,0.0,19.4,162.0,MOUNT BAKER,IMO9822906,WDJ6673,52.0,5.0,40.0,12.0,5.5,52.0,A
367776660,2024-12-27T00:48:52,21.31016,-157.86792,0.0,19.4,161.0,MOUNT BAKER,IMO9822906,WDJ6673,52.0,5.0,40.0,12.0,5.5,52.0,A
367776660,2024-12-27T08:12:49,21.31011,-157.86811,0.0,19.4,162.0,MOUNT BAKER,IMO9822906,WDJ6673,52.0,5.0,40.0,12.0,5.5,52.0,A
367776660,2024-12-27T08:15:55,21.31018,-157.86803,0.0,19.4,162.0,MOUNT BAKER,IMO9822906,WDJ6673,52.0,5.0,40.0,12.0,5.5,52.0,A
367776660,2024-12-27T08:21:57,21.31015,-157.86801,0.0,19.4,165.0,MOUNT BAKER,IMO9822906,WDJ6673,52.0,5.0,40.0,12.0,5.5,52.0,A
367776660,2024-12-27T08:27:57,21.31016,-157.86803,0.0,19.4,163.0,MOUNT BAKER,IMO9822906,WDJ6673,52.0,5.0,40.0,12.0,5.5,52.0,A
367776660,2024-12-27T08:24:52,21.31018,-157.86803,0.0,19.4,162.0,MOUNT BAKER,IMO9822906,WDJ6673,52.0,5.0,40.0,12.0,5.5,52.0,A
367776660,2024-12-27T08:30:52,21.31015,-157.86805,0.0,19.4,165.0,MOUNT BAKER,IMO9822906,WDJ6673,52.0,5.0,40.0,12.0,5.5,52.0,A
367776660,2024-12-27T08:33:57,21.31014,-157.86805,0.0,19.4,164.0,MOUNT BAKER,IMO9822906,WDJ6673,52.0,5.0,40.0,12.0,5.5,52.0,A
367776660,2024-12-27T08:42:55,21.31006,-157.86804,0.0,19.4,164.0,MOUNT BAKER,IMO9822906,WDJ6673,52.0,5.0,40.0,12.0,5.5,52.0,A
367776660,2024-12-27T08:45:57,21.31014,-157.86803,0.0,19.4,163.0,MOUNT BAKER,IMO9822906,WDJ6673,52.0,5.0,40.0,12.0,5.5,52.0,A
367776660,2024-12-27T08:39:56,21.31012,-157.86802,0.0,19.4,162.0,MOUNT BAKER,IMO9822906,WDJ6673,52.0,5.0,40.0,12.0,5.5,52.0,A
367776660,2024-12-27T08:48:56,21.31012,-157.86799,0.0,19.4,163.0,MOUNT BAKER,IMO9822906,WDJ6673,52.0,5.0,40.0,12.0,5.5,52.0,A
367776660,2024-12-27T08:51:57,21.31011,-157.868,0.0,19.4,162.0,MOUNT BAKER,IMO9822906,WDJ6673,52.0,5.0,40.0,12.0,5.5,52.0,A
367776660,2024-12-27T08:57:56,21.31012,-157.86799,0.0,19.4,164.0,MOUNT BAKER,IMO9822906,WDJ6673,52.0,5.0,40.0,12.0,5.5,52.0,A
367776660,2024-12-27T09:03:55,21.31003,-157.86802,0.0,19.4,163.0,MOUNT BAKER,IMO9822906,WDJ6673,52.0,5.0,40.0,12.0,5.5,52.0,A
367776660,2024-12-27T09:00:58,21.31012,-157.86801,0.0,19.4,162.0,MOUNT BAKER,IMO9822906,WDJ6673,52.0,5.0,40.0,12.0,5.5,52.0,A
367776660,2024-12-27T09:09:55,21.31011,-157.86797,0.0,19.4,164.0,MOUNT BAKER,IMO9822906,WDJ6673,52.0,5.0,40.0,12.0,5.5,52.0,A
367776660,2024-12-27T09:06:59,21.31008,-157.86794,0.0,19.4,164.0,MOUNT BAKER,IMO9822906,WDJ6673,52.0,5.0,40.0,12.0,5.5,52.0,A
367776660,2024-12-27T09:12:57,21.31007,-157.86797,0.0,19.4,163.0,MOUNT BAKER,IMO9822906,WDJ6673,52.0,5.0,40.0,12.0,5.5,52.0,A
367776660,2024-12-27T09:15:54,21.31011,-157.86798,0.0,19.4,163.0,MOUNT BAKER,IMO9822906,WDJ6673,52.0,5.0,40.0,12.0,5.5,52.0,A
367776660,2024-12-27T09:18:56,21.31007,-157.86802,0.1,19.4,165.0,MOUNT BAKER,IMO9822906,WDJ6673,52.0,5.0,40.0,12.0,5.5,52.0,A
367776660,2024-12-27T09:21:55,21.31013,-157.86798,0.0,19.4,164.0,MOUNT BAKER,IMO9822906,WDJ6673,52.0,5.0,40.0,12.0,5.5,52.0,A
367776660,2024-12-27T09:24:54,21.3101,-157.86805,0.0,19.4,163.0,MOUNT BAKER,IMO9822906,WDJ6673,52.0,5.0,40.0,12.0,5.5,52.0,A
367776660,2024-12-27T09:27:55,21.31013,-157.86805,0.0,19.4,164.0,MOUNT BAKER,IMO9822906,WDJ6673,52.0,5.0,40.0,12.0,5.5,52.0,A
367776660,2024-12-27T09:33:57,21.31011,-157.86798,0.0,19.4,163.0,MOUNT BAKER,IMO9822906,WDJ6673,52.0,5.0,40.0,12.0,5.5,52.0,A
367776660,2024-12-27T09:36:55,21.31014,-157.86803,0.0,19.4,164.0,MOUNT BAKER,IMO9822906,WDJ6673,52.0,5.0,40.0,12.0,5.5,52.0,A
367776660,2024-12-27T09:39:55,21.31015,-157.86805,0.0,19.4,165.0,MOUNT BAKER,IMO9822906,WDJ6673,52.0,5.0,40.0,12.0,5.5,52.0,A
367776660,2024-12-27T09:42:55,21.31013,-157.86805,0.0,19.4,163.0,MOUNT BAKER,IMO9822906,WDJ6673,52.0,5.0,40.0,12.0,5.5,52.0,A
367776660,2024-12-27T09:51:56,21.31011,-157.86801,0.0,19.4,163.0,MOUNT BAKER,IMO9822906,WDJ6673,52.0,5.0,40.0,12.0,5.5,52.0,A
367776660,2024-12-27T09:45:57,21.31012,-157.868,0.0,19.4,164.0,MOUNT BAKER,IMO9822906,WDJ6673,52.0,5.0,40.0,12.0,5.5,52.0,A
367776660,2024-12-27T09:48:56,21.31011,-157.86806,0.0,19.4,166.0,MOUNT BAKER,IMO9822906,WDJ6673,52.0,5.0,40.0,12.0,5.5,52.0,A
367776660,2024-12-27T09:57:54,21.31021,-157.86806,0.0,19.4,163.0,MOUNT BAKER,IMO9822906,WDJ6673,52.0,5.0,40.0,12.0,5.5,52.0,A
367776660,2024-12-27T10:00:55,21.31018,-157.86807,0.0,19.4,165.0,MOUNT BAKER,IMO9822906,WDJ6673,52.0,5.0,40.0,12.0,5.5,52.0,A
367776660,2024-12-27T10:30:54,21.31017,-157.86798,0.0,19.4,165.0,MOUNT BAKER,IMO9822906,WDJ6673,52.0,5.0,40.0,12.0,5.5,52.0,A
367776660,2024-12-27T10:36:54,21.31014,-157.86799,0.0,19.4,164.0,MOUNT BAKER,IMO9822906,WDJ6673,52.0,5.0,40.0,12.0,5.5,52.0,A
367776660,2024-12-27T10:39:53,21.31019,-157.86801,0.0,19.4,165.0,MOUNT BAKER,IMO9822906,WDJ6673,52.0,5.0,40.0,12.0,5.5,52.0,A
367776660,2024-12-27T10:45:54,21.31012,-157.86803,0.0,19.4,163.0,MOUNT BAKER,IMO9822906,WDJ6673,52.0,5.0,40.0,12.0,5.5,52.0,A
367776660,2024-12-27T10:42:52,21.31017,-157.86807,0.0,19.4,165.0,MOUNT BAKER,IMO9822906,WDJ6673,52.0,5.0,40.0,12.0,5.5,52.0,A
367776660,2024-12-27T10:48:55,21.31001,-157.86829,0.0,19.4,164.0,MOUNT BAKER,IMO9822906,WDJ6673,52.0,5.0,40.0,12.0,5.5,52.0,A
367776660,2024-12-27T10:54:53,21.3101,-157.86799,0.0,19.4,166.0,MOUNT BAKER,IMO9822906,WDJ6673,52.0,5.0,40.0,12.0,5.5,52.0,A
367776660,2024-12-27T10:57:55,21.31008,-157.86801,0.0,19.4,163.0,MOUNT BAKER,IMO9822906,WDJ6673,52.0,5.0,40.0,12.0,5.5,52.0,A
367776660,2024-12-27T11:00:53,21.31012,-157.86803,0.0,19.4,164.0,MOUNT BAKER,IMO9822906,WDJ6673,52.0,5.0,40.0,12.0,5.5,52.0,A
367776660,2024-12-27T11:03:54,21.31009,-157.86801,0.0,19.4,166.0,MOUNT BAKER,IMO9822906,WDJ6673,52.0,5.0,40.0,12.0,5.5,52.0,A
367776660,2024-12-27T11:09:52,21.31011,-157.868,0.0,19.4,164.0,MOUNT BAKER,IMO9822906,WDJ6673,52.0,5.0,40.0,12.0,5.5,52.0,A
367776660,2024-12-27T11:18:57,21.31006,-157.86797,0.0,19.4,165.0,MOUNT BAKER,IMO9822906,WDJ6673,52.0,5.0,40.0,12.0,5.5,52.0,A
367776660,2024-12-27T11:21:51,21.31009,-157.86795,0.0,19.4,165.0,MOUNT BAKER,IMO9822906,WDJ6673,52.0,5.0,40.0,12.0,5.5,52.0,A
367776660,2024-12-27T11:24:59,21.31011,-157.86793,0.0,19.4,165.0,MOUNT BAKER,IMO9822906,WDJ6673,52.0,5.0,40.0,12.0,5.5,52.0,A
367776660,2024-12-27T11:27:55,21.31005,-157.86803,0.0,19.4,165.0,MOUNT BAKER,IMO9822906,WDJ6673,52.0,5.0,40.0,12.0,5.5,52.0,A
367776660,2024-12-27T11:30:59,21.31006,-157.868,0.0,19.4,166.0,MOUNT BAKER,IMO9822906,WDJ6673,52.0,5.0,40.0,12.0,5.5,52.0,A
367776660,2024-12-27T11:33:55,21.31012,-157.86798,0.0,19.4,166.0,MOUNT BAKER,IMO9822906,WDJ6673,52.0,5.0,40.0,12.0,5.5,52.0,A
367776660,2024-12-27T11:36:58,21.3101,-157.86795,0.0,19.4,164.0,MOUNT BAKER,IMO9822906,WDJ6673,52.0,5.0,40.0,12.0,5.5,52.0,A
367776660,2024-12-27T11:39:55,21.31013,-157.86792,0.0,19.4,164.0,MOUNT BAKER,IMO9822906,WDJ6673,52.0,5.0,40.0,12.0,5.5,52.0,A
367776660,2024-12-27T11:42:58,21.31011,-157.86801,0.0,19.4,166.0,MOUNT BAKER,IMO9822906,WDJ6673,52.0,5.0,40.0,12.0,5.5,52.0,A
367776660,2024-12-27T11:45:53,21.3101,-157.86794,0.0,19.4,164.0,MOUNT BAKER,IMO9822906,WDJ6673,52.0,5.0,40.0,12.0,5.5,52.0,A
367776660,2024-12-27T11:48:58,21.31009,-157.86793,0.0,19.4,165.0,MOUNT BAKER,IMO9822906,WDJ6673,52.0,5.0,40.0,12.0,5.5,52.0,A
367776660,2024-12-27T11:55:00,21.3101,-157.86799,0.0,19.4,165.0,MOUNT BAKER,IMO9822906,WDJ6673,52.0,5.0,40.0,12.0,5.5,52.0,A
367776660,2024-12-27T11:57:57,21.31014,-157.86806,0.0,19.4,165.0,MOUNT BAKER,IMO9822906,WDJ6673,52.0,5.0,40.0,12.0,5.5,52.0,A
367776660,2024-12-27T12:00:49,21.31013,-157.86805,0.0,19.4,166.0,MOUNT BAKER,IMO9822906,WDJ6673,52.0,5.0,40.0,12.0,5.5,52.0,A
367776660,2024-12-27T12:03:56,21.31016,-157.86804,0.0,19.4,164.0,MOUNT BAKER,IMO9822906,WDJ6673,52.0,5.0,40.0,12.0,5.5,52.0,A
367776660,2024-12-27T12:06:50,21.31016,-157.86799,0.0,19.4,165.0,MOUNT BAKER,IMO9822906,WDJ6673,52.0,5.0,40.0,12.0,5.5,52.0,A
367776660,2024-12-27T12:09:55,21.31013,-157.86802,0.0,19.4,166.0,MOUNT BAKER,IMO9822906,WDJ6673,52.0,5.0,40.0,12.0,5.5,52.0,A
367776660,2024-12-27T12:12:50,21.3101,-157.86807,0.0,19.4,165.0,MOUNT BAKER,IMO9822906,WDJ6673,52.0,5.0,40.0,12.0,5.5,52.0,A
367776660,2024-12-27T12:15:56,21.31008,-157.86802,0.0,19.4,165.0,MOUNT BAKER,IMO9822906,WDJ6673,52.0,5.0,40.0,12.0,5.5,52.0,A
367776660,2024-12-27T12:18:54,21.31004,-157.86801,0.0,19.4,164.0,MOUNT BAKER,IMO9822906,WDJ6673,52.0,5.0,40.0,12.0,5.5,52.0,A
367776660,2024-12-27T12:21:56,21.31002,-157.86801,0.0,19.4,165.0,MOUNT BAKER,IMO9822906,WDJ6673,52.0,5.0,40.0,12.0,5.5,52.0,A
367776660,2024-12-27T12:24:54,21.3101,-157.86797,0.0,19.4,165.0,MOUNT BAKER,IMO9822906,WDJ6673,52.0,5.0,40.0,12.0,5.5,52.0,A
367776660,2024-12-27T12:30:55,21.31007,-157.86799,0.0,19.4,162.0,MOUNT BAKER,IMO9822906,WDJ6673,52.0,5.0,40.0,12.0,5.5,52.0,A
367776660,2024-12-27T12:27:58,21.3101,-157.86797,0.0,19.4,164.0,MOUNT BAKER,IMO9822906,WDJ6673,52.0,5.0,40.0,12.0,5.5,52.0,A
367776660,2024-12-27T12:36:56,21.3101,-157.86795,0.0,19.4,165.0,MOUNT BAKER,IMO9822906,WDJ6673,52.0,5.0,40.0,12.0,5.5,52.0,A
367776660,2024-12-27T12:42:55,21.31013,-157.86807,0.0,19.4,164.0,MOUNT BAKER,IMO9822906,WDJ6673,52.0,5.0,40.0,12.0,5.5,52.0,A
367776660,2024-12-27T12:45:59,21.31002,-157.86808,0.0,19.4,165.0,MOUNT BAKER,IMO9822906,WDJ6673,52.0,5.0,40.0,12.0,5.5,52.0,A
367776660,2024-12-27T12:48:55,21.31004,-157.86815,0.0,19.4,164.0,MOUNT BAKER,IMO9822906,WDJ6673,52.0,5.0,40.0,12.0,5.5,52.0,A
367776660,2024-12-27T12:51:57,21.31009,-157.86802,0.0,19.4,165.0,MOUNT BAKER,IMO9822906,WDJ6673,52.0,5.0,40.0,12.0,5.5,52.0,A
367776660,2024-12-27T12:54:55,21.31004,-157.86803,0.0,19.4,165.0,MOUNT BAKER,IMO9822906,WDJ6673,52.0,5.0,40.0,12.0,5.5,52.0,A
367776660,2024-12-27T13:00:54,21.31009,-157.86802,0.0,19.4,165.0,MOUNT BAKER,IMO9822906,WDJ6673,52.0,5.0,40.0,12.0,5.5,52.0,A
367776660,2024-12-27T13:03:58,21.3101,-157.868,0.0,19.4,165.0,MOUNT BAKER,IMO9822906,WDJ6673,52.0,5.0,40.0,12.0,5.5,52.0,A
367776660,2024-12-27T13:09:56,21.31008,-157.86801,0.0,19.4,164.0,MOUNT BAKER,IMO9822906,WDJ6673,52.0,5.0,40.0,12.0,5.5,52.0,A
367776660,2024-12-27T13:12:56,21.31007,-157.86799,0.0,19.4,164.0,MOUNT BAKER,IMO9822906,WDJ6673,52.0,5.0,40.0,12.0,5.5,52.0,A
367776660,2024-12-27T13:18:54,21.31014,-157.86799,0.0,19.4,164.0,MOUNT BAKER,IMO9822906,WDJ6673,52.0,5.0,40.0,12.0,5.5,52.0,A
367776660,2024-12-27T13:24:53,21.31018,-157.8681,0.0,19.4,163.0,MOUNT BAKER,IMO9822906,WDJ6673,52.0,5.0,40.0,12.0,5.5,52.0,A
367776660,2024-12-27T13:27:57,21.31016,-157.86808,0.0,19.4,164.0,MOUNT BAKER,IMO9822906,WDJ6673,52.0,5.0,40.0,12.0,5.5,52.0,A
367776660,2024-12-27T13:33:55,21.31011,-157.86799,0.0,19.4,164.0,MOUNT BAKER,IMO9822906,WDJ6673,52.0,5.0,40.0,12.0,5.5,52.0,A
367776660,2024-12-27T13:30:53,21.31009,-157.86799,0.0,19.4,164.0,MOUNT BAKER,IMO9822906,WDJ6673,52.0,5.0,40.0,12.0,5.5,52.0,A
367776660,2024-12-27T13:36:52,21.3101,-157.86796,0.0,19.4,165.0,MOUNT BAKER,IMO9822906,WDJ6673,52.0,5.0,40.0,12.0,5.5,52.0,A
367776660,2024-12-27T13:39:55,21.31012,-157.868,0.0,19.4,165.0,MOUNT BAKER,IMO9822906,WDJ6673,52.0,5.0,40.0,12.0,5.5,52.0,A
367776660,2024-12-27T13:42:55,21.3101,-157.86796,0.0,19.4,164.0,MOUNT BAKER,IMO9822906,WDJ6673,52.0,5.0,40.0,12.0,5.5,52.0,A
367776660,2024-12-27T13:48:54,21.31007,-157.86798,0.0,19.4,165.0,MOUNT BAKER,IMO9822906,WDJ6673,52.0,5.0,40.0,12.0,5.5,52.0,A
367776660,2024-12-27T13:51:54,21.31008,-157.86799,0.0,19.4,165.0,MOUNT BAKER,IMO9822906,WDJ6673,52.0,5.0,40.0,12.0,5.5,52.0,A
367776660,2024-12-27T13:45:54,21.31008,-157.86797,0.0,19.4,163.0,MOUNT BAKER,IMO9822906,WDJ6673,52.0,5.0,40.0,12.0,5.5,52.0,A
367776660,2024-12-27T13:54:52,21.31008,-157.86801,0.0,19.4,164.0,MOUNT BAKER,IMO9822906,WDJ6673,52.0,5.0,40.0,12.0,5.5,52.0,A
367776660,2024-12-27T14:00:52,21.31008,-157.86798,0.0,19.4,164.0,MOUNT BAKER,IMO9822906,WDJ6673,52.0,5.0,40.0,12.0,5.5,52.0,A
367776660,2024-12-27T13:57:55,21.31006,-157.86799,0.0,19.4,163.0,MOUNT BAKER,IMO9822906,WDJ6673,52.0,5.0,40.0,12.0,5.5,52.0,A
367776660,2024-12-27T14:06:54,21.31006,-157.8681,0.0,19.4,164.0,MOUNT BAKER,IMO9822906,WDJ6673,52.0,5.0,40.0,12.0,5.5,52.0,A
367776660,2024-12-27T01:48:51,21.31012,-157.86792,0.0,19.4,161.0,MOUNT BAKER,IMO9822906,WDJ6673,52.0,5.0,40.0,12.0,5.5,52.0,A
367776660,2024-12-27T14:09:52,21.31012,-157.86803,0.0,19.4,163.0,MOUNT BAKER,IMO9822906,WDJ6673,52.0,5.0,40.0,12.0,5.5,52.0,A
367776660,2024-12-27T14:15:56,21.31011,-157.86808,0.0,19.4,165.0,MOUNT BAKER,IMO9822906,WDJ6673,52.0,5.0,40.0,12.0,5.5,52.0,A
367776660,2024-12-27T14:12:55,21.31011,-157.86802,0.0,19.4,164.0,MOUNT BAKER,IMO9822906,WDJ6673,52.0,5.0,40.0,12.0,5.5,52.0,A
367776660,2024-12-27T14:18:55,21.31008,-157.86803,0.0,19.4,163.0,MOUNT BAKER,IMO9822906,WDJ6673,52.0,5.0,40.0,12.0,5.5,52.0,A
367776660,2024-12-27T14:21:58,21.31008,-157.868,0.0,19.4,163.0,MOUNT BAKER,IMO9822906,WDJ6673,52.0,5.0,40.0,12.0,5.5,52.0,A
367776660,2024-12-27T14:27:58,21.3101,-157.868,0.0,19.4,165.0,MOUNT BAKER,IMO9822906,WDJ6673,52.0,5.0,40.0,12.0,5.5,52.0,A
367776660,2024-12-27T14:24:54,21.31009,-157.86801,0.0,19.4,164.0,MOUNT BAKER,IMO9822906,WDJ6673,52.0,5.0,40.0,12.0,5.5,52.0,A
367776660,2024-12-27T14:33:59,21.31007,-157.86799,0.0,19.4,162.0,MOUNT BAKER,IMO9822906,WDJ6673,52.0,5.0,40.0,12.0,5.5,52.0,A
367776660,2024-12-27T14:36:55,21.31011,-157.86797,0.0,19.4,165.0,MOUNT BAKER,IMO9822906,WDJ6673,52.0,5.0,40.0,12.0,5.5,52.0,A
367776660,2024-12-27T14:42:57,21.31004,-157.86802,0.0,19.4,163.0,MOUNT BAKER,IMO9822906,WDJ6673,52.0,5.0,40.0,12.0,5.5,52.0,A
367776660,2024-12-27T14:48:56,21.31009,-157.86796,0.0,19.4,164.0,MOUNT BAKER,IMO9822906,WDJ6673,52.0,5.0,40.0,12.0,5.5,52.0,A
367776660,2024-12-27T14:45:57,21.31009,-157.868,0.0,19.4,163.0,MOUNT BAKER,IMO9822906,WDJ6673,52.0,5.0,40.0,12.0,5.5,52.0,A
367776660,2024-12-27T14:39:57,21.31005,-157.86808,0.0,19.4,165.0,MOUNT BAKER,IMO9822906,WDJ6673,52.0,5.0,40.0,12.0,5.5,52.0,A
367776660,2024-12-27T14:57:59,21.31011,-157.86801,0.0,19.4,165.0,MOUNT BAKER,IMO9822906,WDJ6673,52.0,5.0,40.0,12.0,5.5,52.0,A
367776660,2024-12-27T14:54:55,21.31007,-157.868,0.0,19.4,164.0,MOUNT BAKER,IMO9822906,WDJ6673,52.0,5.0,40.0,12.0,5.5,52.0,A
367776660,2024-12-27T15:00:56,21.31005,-157.868,0.0,19.4,164.0,MOUNT BAKER,IMO9822906,WDJ6673,52.0,5.0,40.0,12.0,5.5,52.0,A
367776660,2024-12-27T15:03:58,21.31003,-157.86805,0.0,19.4,165.0,MOUNT BAKER,IMO9822906,WDJ6673,52.0,5.0,40.0,12.0,5.5,52.0,A
367776660,2024-12-27T15:06:55,21.31005,-157.86806,0.0,19.4,164.0,MOUNT BAKER,IMO9822906,WDJ6673,52.0,5.0,40.0,12.0,5.5,52.0,A
367776660,2024-12-27T15:09:57,21.31008,-157.86803,0.0,19.4,164.0,MOUNT BAKER,IMO9822906,WDJ6673,52.0,5.0,40.0,12.0,5.5,52.0,A
367776660,2024-12-27T15:12:55,21.31013,-157.86804,0.0,19.4,165.0,MOUNT BAKER,IMO9822906,WDJ6673,52.0,5.0,40.0,12.0,5.5,52.0,A
367776660,2024-12-27T15:15:55,21.31005,-157.86803,0.0,19.4,164.0,MOUNT BAKER,IMO9822906,WDJ6673,52.0,5.0,40.0,12.0,5.5,52.0,A
367776660,2024-12-27T15:24:56,21.31006,-157.86799,0.0,19.4,162.0,MOUNT BAKER,IMO9822906,WDJ6673,52.0,5.0,40.0,12.0,5.5,52.0,A
367776660,2024-12-27T15:27:55,21.31001,-157.86809,0.0,19.4,162.0,MOUNT BAKER,IMO9822906,WDJ6673,52.0,5.0,40.0,12.0,5.5,52.0,A
367776660,2024-12-27T15:30:54,21.31003,-157.86807,0.0,19.4,166.0,MOUNT BAKER,IMO9822906,WDJ6673,52.0,5.0,40.0,12.0,5.5,52.0,A
367776660,2024-12-27T01:57:53,21.31015,-157.86797,0.0,19.4,163.0,MOUNT BAKER,IMO9822906,WDJ6673,52.0,5.0,40.0,12.0,5.5,52.0,A
367776660,2024-12-27T15:33:55,21.3101,-157.86796,0.0,19.4,163.0,MOUNT BAKER,IMO9822906,WDJ6673,52.0,5.0,40.0,12.0,5.5,52.0,A
367776660,2024-12-27T15:42:56,21.31008,-157.86799,0.0,19.4,163.0,MOUNT BAKER,IMO9822906,WDJ6673,52.0,5.0,40.0,12.0,5.5,52.0,A
367776660,2024-12-27T15:51:53,21.31005,-157.86796,0.0,19.4,164.0,MOUNT BAKER,IMO9822906,WDJ6673,52.0,5.0,40.0,12.0,5.5,52.0,A
367776660,2024-12-27T15:45:55,21.31005,-157.86801,0.0,19.4,164.0,MOUNT BAKER,IMO9822906,WDJ6673,52.0,5.0,40.0,12.0,5.5,52.0,A
367776660,2024-12-27T15:54:57,21.31021,-157.86798,0.0,19.4,165.0,MOUNT BAKER,IMO9822906,WDJ6673,52.0,5.0,40.0,12.0,5.5,52.0,A
367776660,2024-12-27T16:00:55,21.31009,-157.86798,0.0,19.4,164.0,MOUNT BAKER,IMO9822906,WDJ6673,52.0,5.0,40.0,12.0,5.5,52.0,A
367776660,2024-12-27T15:48:56,21.31003,-157.86798,0.0,19.4,163.0,MOUNT BAKER,IMO9822906,WDJ6673,52.0,5.0,40.0,12.0,5.5,52.0,A
367776660,2024-12-27T16:03:51,21.31011,-157.86804,0.0,19.4,163.0,MOUNT BAKER,IMO9822906,WDJ6673,52.0,5.0,40.0,12.0,5.5,52.0,A
367776660,2024-12-27T16:06:56,21.3101,-157.86797,0.0,19.4,163.0,MOUNT BAKER,IMO9822906,WDJ6673,52.0,5.0,40.0,12.0,5.5,52.0,A
367776660,2024-12-27T16:09:53,21.31012,-157.868,0.0,19.4,166.0,MOUNT BAKER,IMO9822906,WDJ6673,52.0,5.0,40.0,12.0,5.5,52.0,A
367776660,2024-12-27T16:15:53,21.31013,-157.868,0.0,19.4,164.0,MOUNT BAKER,IMO9822906,WDJ6673,52.0,5.0,40.0,12.0,5.5,52.0,A
367776660,2024-12-27T16:21:55,21.3101,-157.86797,0.0,19.4,165.0,MOUNT BAKER,IMO9822906,WDJ6673,52.0,5.0,40.0,12.0,5.5,52.0,A
367776660,2024-12-27T16:27:56,21.31009,-157.86799,0.0,19.4,164.0,MOUNT BAKER,IMO9822906,WDJ6673,52.0,5.0,40.0,12.0,5.5,52.0,A
367776660,2024-12-27T16:30:59,21.31009,-157.86797,0.0,19.4,163.0,MOUNT BAKER,IMO9822906,WDJ6673,52.0,5.0,40.0,12.0,5.5,52.0,A
367776660,2024-12-27T16:48:59,21.31008,-157.86799,0.0,19.4,164.0,MOUNT BAKER,IMO9822906,WDJ6673,52.0,5.0,40.0,12.0,5.5,52.0,A
367776660,2024-12-27T16:45:55,21.31008,-157.86799,0.0,19.4,163.0,MOUNT BAKER,IMO9822906,WDJ6673,52.0,5.0,40.0,12.0,5.5,52.0,A
367776660,2024-12-27T16:42:59,21.31012,-157.86799,0.0,19.4,164.0,MOUNT BAKER,IMO9822906,WDJ6673,52.0,5.0,40.0,12.0,5.5,52.0,A
367776660,2024-12-27T16:57:54,21.31026,-157.868,0.0,19.4,164.0,MOUNT BAKER,IMO9822906,WDJ6673,52.0,5.0,40.0,12.0,5.5,52.0,A
367776660,2024-12-27T16:55:01,21.31017,-157.868,0.0,19.4,164.0,MOUNT BAKER,IMO9822906,WDJ6673,52.0,5.0,40.0,12.0,5.5,52.0,A
367776660,2024-12-27T16:51:56,21.31008,-157.86798,0.0,19.4,164.0,MOUNT BAKER,IMO9822906,WDJ6673,52.0,5.0,40.0,12.0,5.5,52.0,A
367776660,2024-12-27T17:00:59,21.31014,-157.86799,0.0,19.4,164.0,MOUNT BAKER,IMO9822906,WDJ6673,52.0,5.0,40.0,12.0,5.5,52.0,A
367776660,2024-12-27T16:37:01,21.31013,-157.86799,0.0,19.4,163.0,MOUNT BAKER,IMO9822906,WDJ6673,52.0,5.0,40.0,12.0,5.5,52.0,A
367776660,2024-12-27T17:09:57,21.31007,-157.868,0.0,19.4,162.0,MOUNT BAKER,IMO9822906,WDJ6673,52.0,5.0,40.0,12.0,5.5,52.0,A
367776660,2024-12-27T17:07:00,21.31005,-157.86803,0.0,19.4,163.0,MOUNT BAKER,IMO9822906,WDJ6673,52.0,5.0,40.0,12.0,5.5,52.0,A
367776660,2024-12-27T17:13:00,21.31007,-157.86798,0.0,19.4,163.0,MOUNT BAKER,IMO9822906,WDJ6673,52.0,5.0,40.0,12.0,5.5,52.0,A
367776660,2024-12-27T17:18:59,21.31014,-157.86799,0.0,19.4,164.0,MOUNT BAKER,IMO9822906,WDJ6673,52.0,5.0,40.0,12.0,5.5,52.0,A
367776660,2024-12-27T17:25:00,21.31009,-157.86799,0.0,19.4,163.0,MOUNT BAKER,IMO9822906,WDJ6673,52.0,5.0,40.0,12.0,5.5,52.0,A
367776660,2024-12-27T17:28:00,21.31009,-157.86801,0.0,19.4,164.0,MOUNT BAKER,IMO9822906,WDJ6673,52.0,5.0,40.0,12.0,5.5,52.0,A
367776660,2024-12-27T17:34:00,21.31014,-157.86801,0.0,19.4,162.0,MOUNT BAKER,IMO9822906,WDJ6673,52.0,5.0,40.0,12.0,5.5,52.0,A
367776660,2024-12-27T17:21:59,21.31015,-157.86803,0.0,19.4,163.0,MOUNT BAKER,IMO9822906,WDJ6673,52.0,5.0,40.0,12.0,5.5,52.0,A
367776660,2024-12-27T17:37:00,21.31006,-157.868,0.0,19.4,164.0,MOUNT BAKER,IMO9822906,WDJ6673,52.0,5.0,40.0,12.0,5.5,52.0,A
367776660,2024-12-27T17:39:58,21.31007,-157.868,0.0,19.4,165.0,MOUNT BAKER,IMO9822906,WDJ6673,52.0,5.0,40.0,12.0,5.5,52.0,A
367776660,2024-12-27T17:43:00,21.31008,-157.86799,0.0,19.4,164.0,MOUNT BAKER,IMO9822906,WDJ6673,52.0,5.0,40.0,12.0,5.5,52.0,A
367776660,2024-12-27T17:52:00,21.31005,-157.86797,0.0,19.4,165.0,MOUNT BAKER,IMO9822906,WDJ6673,52.0,5.0,40.0,12.0,5.5,52.0,A
367776660,2024-12-27T17:30:59,21.31009,-157.86799,0.0,19.4,164.0,MOUNT BAKER,IMO9822906,WDJ6673,52.0,5.0,40.0,12.0,5.5,52.0,A
367776660,2024-12-27T17:57:59,21.31005,-157.86806,0.0,19.4,162.0,MOUNT BAKER,IMO9822906,WDJ6673,52.0,5.0,40.0,12.0,5.5,52.0,A
367776660,2024-12-27T18:00:56,21.31009,-157.86798,0.0,19.4,165.0,MOUNT BAKER,IMO9822906,WDJ6673,52.0,5.0,40.0,12.0,5.5,52.0,A
367776660,2024-12-27T18:04:01,21.31007,-157.86799,0.0,19.4,164.0,MOUNT BAKER,IMO9822906,WDJ6673,52.0,5.0,40.0,12.0,5.5,52.0,A
367776660,2024-12-27T17:45:58,21.31011,-157.86799,0.0,19.4,163.0,MOUNT BAKER,IMO9822906,WDJ6673,52.0,5.0,40.0,12.0,5.5,52.0,A
367776660,2024-12-27T17:54:57,21.31009,-157.86798,0.0,19.4,163.0,MOUNT BAKER,IMO9822906,WDJ6673,52.0,5.0,40.0,12.0,5.5,52.0,A
367776660,2024-12-27T18:09:51,21.31003,-157.86795,0.0,19.4,164.0,MOUNT BAKER,IMO9822906,WDJ6673,52.0,5.0,40.0,12.0,5.5,52.0,A
367776660,2024-12-27T18:18:57,21.31005,-157.86793,0.0,19.4,163.0,MOUNT BAKER,IMO9822906,WDJ6673,52.0,5.0,40.0,12.0,5.5,52.0,A
367776660,2024-12-27T18:06:56,21.31003,-157.86801,0.0,19.4,161.0,MOUNT BAKER,IMO9822906,WDJ6673,52.0,5.0,40.0,12.0,5.5,52.0,A
367776660,2024-12-27T02:12:51,21.31014,-157.86795,0.0,19.4,161.0,MOUNT BAKER,IMO9822906,WDJ6673,52.0,5.0,40.0,12.0,5.5,52.0,A
367776660,2024-12-27T18:12:57,21.30998,-157.86793,0.0,19.4,164.0,MOUNT BAKER,IMO9822906,WDJ6673,52.0,5.0,40.0,12.0,5.5,52.0,A
367776660,2024-12-27T18:24:56,21.31005,-157.86786,0.0,19.4,164.0,MOUNT BAKER,IMO9822906,WDJ6673,52.0,5.0,40.0,12.0,5.5,52.0,A
367776660,2024-12-27T18:15:55,21.31002,-157.86788,0.0,19.4,162.0,MOUNT BAKER,IMO9822906,WDJ6673,52.0,5.0,40.0,12.0,5.5,52.0,A
367776660,2024-12-27T18:30:58,21.31009,-157.86792,0.0,19.4,162.0,MOUNT BAKER,IMO9822906,WDJ6673,52.0,5.0,40.0,12.0,5.5,52.0,A
367776660,2024-12-27T18:21:53,21.31009,-157.86796,0.0,19.4,166.0,MOUNT BAKER,IMO9822906,WDJ6673,52.0,5.0,40.0,12.0,5.5,52.0,A
367776660,2024-12-27T18:33:53,21.31006,-157.86796,0.0,19.4,166.0,MOUNT BAKER,IMO9822906,WDJ6673,52.0,5.0,40.0,12.0,5.5,52.0,A
367776660,2024-12-27T18:27:53,21.31009,-157.86793,0.0,19.4,162.0,MOUNT BAKER,IMO9822906,WDJ6673,52.0,5.0,40.0,12.0,5.5,52.0,A
367776660,2024-12-27T18:39:53,21.3101,-157.86797,0.0,19.4,161.0,MOUNT BAKER,IMO9822906,WDJ6673,52.0,5.0,40.0,12.0,5.5,52.0,A
367776660,2024-12-27T18:42:58,21.31007,-157.86798,0.0,19.4,163.0,MOUNT BAKER,IMO9822906,WDJ6673,52.0,5.0,40.0,12.0,5.5,52.0,A
367776660,2024-12-27T18:45:53,21.31011,-157.868,0.0,19.4,166.0,MOUNT BAKER,IMO9822906,WDJ6673,52.0,5.0,40.0,12.0,5.5,52.0,A
367776660,2024-12-27T18:48:58,21.31011,-157.86798,0.0,19.4,163.0,MOUNT BAKER,IMO9822906,WDJ6673,52.0,5.0,40.0,12.0,5.5,52.0,A
367776660,2024-12-27T18:51:55,21.31007,-157.86798,0.0,19.4,162.0,MOUNT BAKER,IMO9822906,WDJ6673,52.0,5.0,40.0,12.0,5.5,52.0,A
367776660,2024-12-27T18:57:55,21.31016,-157.86801,0.0,19.4,165.0,MOUNT BAKER,IMO9822906,WDJ6673,52.0,5.0,40.0,12.0,5.5,52.0,A
367776660,2024-12-27T18:54:59,21.31012,-157.86801,0.0,19.4,163.0,MOUNT BAKER,IMO9822906,WDJ6673,52.0,5.0,40.0,12.0,5.5,52.0,A
367776660,2024-12-27T19:01:00,21.31016,-157.86801,0.0,19.4,164.0,MOUNT BAKER,IMO9822906,WDJ6673,52.0,5.0,40.0,12.0,5.5,52.0,A
367776660,2024-12-27T19:07:01,21.3101,-157.86803,0.0,19.4,164.0,MOUNT BAKER,IMO9822906,WDJ6673,52.0,5.0,40.0,12.0,5.5,52.0,A
367776660,2024-12-27T19:03:57,21.3101,-157.86799,0.0,19.4,164.0,MOUNT BAKER,IMO9822906,WDJ6673,52.0,5.0,40.0,12.0,5.5,52.0,A
367776660,2024-12-27T19:15:57,21.3101,-157.86796,0.0,19.4,163.0,MOUNT BAKER,IMO9822906,WDJ6673,52.0,5.0,40.0,12.0,5.5,52.0,A
367776660,2024-12-27T19:13:01,21.31007,-157.86799,0.0,19.4,163.0,MOUNT BAKER,IMO9822906,WDJ6673,52.0,5.0,40.0,12.0,5.5,52.0,A
367776660,2024-12-27T19:21:55,21.31012,-157.86802,0.0,19.4,162.0,MOUNT BAKER,IMO9822906,WDJ6673,52.0,5.0,40.0,12.0,5.5,52.0,A
367776660,2024-12-27T19:19:00,21.31009,-157.868,0.0,19.4,165.0,MOUNT BAKER,IMO9822906,WDJ6673,52.0,5.0,40.0,12.0,5.5,52.0,A
367776660,2024-12-27T19:25:00,21.31013,-157.86799,0.0,19.4,164.0,MOUNT BAKER,IMO9822906,WDJ6673,52.0,5.0,40.0,12.0,5.5,52.0,A
367776660,2024-12-27T19:27:55,21.31011,-157.86799,0.0,19.4,165.0,MOUNT BAKER,IMO9822906,WDJ6673,52.0,5.0,40.0,12.0,5.5,52.0,A
367776660,2024-12-27T19:37:00,21.3101,-157.86797,0.0,19.4,164.0,MOUNT BAKER,IMO9822906,WDJ6673,52.0,5.0,40.0,12.0,5.5,52.0,A
367776660,2024-12-27T19:39:54,21.31016,-157.86798,0.0,19.4,165.0,MOUNT BAKER,IMO9822906,WDJ6673,52.0,5.0,40.0,12.0,5.5,52.0,A
367776660,2024-12-27T19:45:56,21.3101,-157.86794,0.0,19.4,162.0,MOUNT BAKER,IMO9822906,WDJ6673,52.0,5.0,40.0,12.0,5.5,52.0,A
367776660,2024-12-27T19:43:01,21.31014,-157.86793,0.0,19.4,163.0,MOUNT BAKER,IMO9822906,WDJ6673,52.0,5.0,40.0,12.0,5.5,52.0,A
367776660,2024-12-27T19:55:01,21.31011,-157.86797,0.0,19.4,162.0,MOUNT BAKER,IMO9822906,WDJ6673,52.0,5.0,40.0,12.0,5.5,52.0,A
367776660,2024-12-27T20:01:00,21.31006,-157.86799,0.0,19.4,164.0,MOUNT BAKER,IMO9822906,WDJ6673,52.0,5.0,40.0,12.0,5.5,52.0,A
367776660,2024-12-27T20:09:56,21.31015,-157.86796,0.0,19.4,163.0,MOUNT BAKER,IMO9822906,WDJ6673,52.0,5.0,40.0,12.0,5.5,52.0,A
367776660,2024-12-27T20:12:59,21.31018,-157.86795,0.0,19.4,165.0,MOUNT BAKER,IMO9822906,WDJ6673,52.0,5.0,40.0,12.0,5.5,52.0,A
367776660,2024-12-27T20:15:57,21.31012,-157.868,0.0,19.4,162.0,MOUNT BAKER,IMO9822906,WDJ6673,52.0,5.0,40.0,12.0,5.5,52.0,A
367776660,2024-12-27T20:21:58,21.31011,-157.86802,0.0,19.4,164.0,MOUNT BAKER,IMO9822906,WDJ6673,52.0,5.0,40.0,12.0,5.5,52.0,A
367776660,2024-12-27T20:24:59,21.31012,-157.86804,0.0,19.4,162.0,MOUNT BAKER,IMO9822906,WDJ6673,52.0,5.0,40.0,12.0,5.5,52.0,A
367776660,2024-12-27T20:30:58,21.31009,-157.86798,0.0,19.4,162.0,MOUNT BAKER,IMO9822906,WDJ6673,52.0,5.0,40.0,12.0,5.5,52.0,A
367776660,2024-12-27T20:36:57,21.31012,-157.86798,0.0,19.4,164.0,MOUNT BAKER,IMO9822906,WDJ6673,52.0,5.0,40.0,12.0,5.5,52.0,A
367776660,2024-12-27T20:33:57,21.3101,-157.86799,0.0,19.4,162.0,MOUNT BAKER,IMO9822906,WDJ6673,52.0,5.0,40.0,12.0,5.5,52.0,A
367776660,2024-12-27T20:42:56,21.3101,-157.86799,0.0,19.4,162.0,MOUNT BAKER,IMO9822906,WDJ6673,52.0,5.0,40.0,12.0,5.5,52.0,A
367776660,2024-12-27T20:39:57,21.31009,-157.868,0.0,19.4,164.0,MOUNT BAKER,IMO9822906,WDJ6673,52.0,5.0,40.0,12.0,5.5,52.0,A
367776660,2024-12-27T20:45:59,21.31014,-157.86798,0.0,19.4,161.0,MOUNT BAKER,IMO9822906,WDJ6673,52.0,5.0,40.0,12.0,5.5,52.0,A
367776660,2024-12-27T20:48:57,21.31015,-157.86797,0.0,19.4,161.0,MOUNT BAKER,IMO9822906,WDJ6673,52.0,5.0,40.0,12.0,5.5,52.0,A
367776660,2024-12-27T20:58:00,21.31008,-157.86802,0.0,19.4,163.0,MOUNT BAKER,IMO9822906,WDJ6673,52.0,5.0,40.0,12.0,5.5,52.0,A
367776660,2024-12-27T21:00:58,21.31003,-157.86809,0.0,19.4,163.0,MOUNT BAKER,IMO9822906,WDJ6673,52.0,5.0,40.0,12.0,5.5,52.0,A
367776660,2024-12-27T21:04:01,21.31013,-157.868,0.0,19.4,162.0,MOUNT BAKER,IMO9822906,WDJ6673,52.0,5.0,40.0,12.0,5.5,52.0,A
367776660,2024-12-27T21:09:52,21.3101,-157.86801,0.0,19.4,163.0,MOUNT BAKER,IMO9822906,WDJ6673,52.0,5.0,40.0,12.0,5.5,52.0,A
367776660,2024-12-27T21:06:57,21.31011,-157.86797,0.0,19.4,161.0,MOUNT BAKER,IMO9822906,WDJ6673,52.0,5.0,40.0,12.0,5.5,52.0,A
367776660,2024-12-27T21:12:58,21.3101,-157.86794,0.0,19.4,160.0,MOUNT BAKER,IMO9822906,WDJ6673,52.0,5.0,40.0,12.0,5.5,52.0,A
367776660,2024-12-27T21:19:00,21.31008,-157.86803,0.0,19.4,162.0,MOUNT BAKER,IMO9822906,WDJ6673,52.0,5.0,40.0,12.0,5.5,52.0,A
367776660,2024-12-27T21:21:56,21.31007,-157.86799,0.0,19.4,165.0,MOUNT BAKER,IMO9822906,WDJ6673,52.0,5.0,40.0,12.0,5.5,52.0,A
367776660,2024-12-27T21:25:01,21.31009,-157.86799,0.0,19.4,163.0,MOUNT BAKER,IMO9822906,WDJ6673,52.0,5.0,40.0,12.0,5.5,52.0,A
367776660,2024-12-27T21:33:54,21.31012,-157.868,0.0,19.4,162.0,MOUNT BAKER,IMO9822906,WDJ6673,52.0,5.0,40.0,12.0,5.5,52.0,A
367776660,2024-12-27T21:36:52,21.31012,-157.86799,0.0,19.4,162.0,MOUNT BAKER,IMO9822906,WDJ6673,52.0,5.0,40.0,12.0,5.5,52.0,A
367776660,2024-12-27T21:31:02,21.31009,-157.86799,0.0,19.4,164.0,MOUNT BAKER,IMO9822906,WDJ6673,52.0,5.0,40.0,12.0,5.5,52.0,A
367776660,2024-12-27T21:39:57,21.31012,-157.86799,0.0,19.4,161.0,MOUNT BAKER,IMO9822906,WDJ6673,52.0,5.0,40.0,12.0,5.5,52.0,A
367776660,2024-12-27T21:42:57,21.31011,-157.868,0.0,19.4,161.0,MOUNT BAKER,IMO9822906,WDJ6673,52.0,5.0,40.0,12.0,5.5,52.0,A
367776660,2024-12-27T21:45:58,21.31014,-157.86797,0.0,19.4,162.0,MOUNT BAKER,IMO9822906,WDJ6673,52.0,5.0,40.0,12.0,5.5,52.0,A
367776660,2024-12-27T21:51:56,21.31012,-157.86801,0.0,19.4,162.0,MOUNT BAKER,IMO9822906,WDJ6673,52.0,5.0,40.0,12.0,5.5,52.0,A
367776660,2024-12-27T21:55:00,21.31011,-157.86805,0.0,19.4,162.0,MOUNT BAKER,IMO9822906,WDJ6673,52.0,5.0,40.0,12.0,5.5,52.0,A
367776660,2024-12-27T21:48:58,21.31011,-157.86801,0.0,19.4,161.0,MOUNT BAKER,IMO9822906,WDJ6673,52.0,5.0,40.0,12.0,5.5,52.0,A
367776660,2024-12-27T21:57:57,21.31015,-157.86799,0.0,19.4,163.0,MOUNT BAKER,IMO9822906,WDJ6673,52.0,5.0,40.0,12.0,5.5,52.0,A
367776660,2024-12-27T22:01:00,21.3101,-157.86804,0.0,19.4,162.0,MOUNT BAKER,IMO9822906,WDJ6673,52.0,5.0,40.0,12.0,5.5,52.0,A
367776660,2024-12-27T22:03:58,21.31011,-157.86807,0.0,19.4,162.0,MOUNT BAKER,IMO9822906,WDJ6673,52.0,5.0,40.0,12.0,5.5,52.0,A
367776660,2024-12-27T22:07:00,21.31012,-157.86798,0.0,19.4,162.0,MOUNT BAKER,IMO9822906,WDJ6673,52.0,5.0,40.0,12.0,5.5,52.0,A
367776660,2024-12-27T22:12:59,21.31005,-157.86803,0.0,19.4,165.0,MOUNT BAKER,IMO9822906,WDJ6673,52.0,5.0,40.0,12.0,5.5,52.0,A
367776660,2024-12-27T22:09:59,21.31015,-157.86801,0.0,19.4,163.0,MOUNT BAKER,IMO9822906,WDJ6673,52.0,5.0,40.0,12.0,5.5,52.0,A
367776660,2024-12-27T22:16:00,21.31013,-157.86803,0.0,19.4,161.0,MOUNT BAKER,IMO9822906,WDJ6673,52.0,5.0,40.0,12.0,5.5,52.0,A
367776660,2024-12-27T22:22:00,21.31017,-157.86797,0.0,19.4,163.0,MOUNT BAKER,IMO9822906,WDJ6673,52.0,5.0,40.0,12.0,5.5,52.0,A
367776660,2024-12-27T22:28:02,21.31015,-157.86803,0.0,19.4,163.0,MOUNT BAKER,IMO9822906,WDJ6673,52.0,5.0,40.0,12.0,5.5,52.0,A
367776660,2024-12-27T22:24:57,21.3102,-157.86798,0.0,19.4,161.0,MOUNT BAKER,IMO9822906,WDJ6673,52.0,5.0,40.0,12.0,5.5,52.0,A
367776660,2024-12-27T22:30:58,21.31016,-157.86798,0.0,19.4,163.0,MOUNT BAKER,IMO9822906,WDJ6673,52.0,5.0,40.0,12.0,5.5,52.0,A
367776660,2024-12-27T22:34:02,21.31007,-157.868,0.0,19.4,160.0,MOUNT BAKER,IMO9822906,WDJ6673,52.0,5.0,40.0,12.0,5.5,52.0,A
367776660,2024-12-27T22:40:02,21.31021,-157.86799,0.0,19.4,161.0,MOUNT BAKER,IMO9822906,WDJ6673,52.0,5.0,40.0,12.0,5.5,52.0,A
367776660,2024-12-27T22:37:00,21.31008,-157.86799,0.0,19.4,165.0,MOUNT BAKER,IMO9822906,WDJ6673,52.0,5.0,40.0,12.0,5.5,52.0,A
367776660,2024-12-27T22:49:01,21.31008,-157.86799,0.0,19.4,162.0,MOUNT BAKER,IMO9822906,WDJ6673,52.0,5.0,40.0,12.0,5.5,52.0,A
367776660,2024-12-27T22:45:52,21.3102,-157.86814,0.0,19.4,162.0,MOUNT BAKER,IMO9822906,WDJ6673,52.0,5.0,40.0,12.0,5.5,52.0,A
367776660,2024-12-27T22:43:00,21.31018,-157.86803,0.0,19.4,162.0,MOUNT BAKER,IMO9822906,WDJ6673,52.0,5.0,40.0,12.0,5.5,52.0,A
367776660,2024-12-27T23:00:58,21.31025,-157.86799,0.0,19.4,161.0,MOUNT BAKER,IMO9822906,WDJ6673,52.0,5.0,40.0,12.0,5.5,52.0,A
367776660,2024-12-27T22:51:55,21.31011,-157.86795,0.0,19.4,161.0,MOUNT BAKER,IMO9822906,WDJ6673,52.0,5.0,40.0,12.0,5.5,52.0,A
367776660,2024-12-27T22:54:59,21.31014,-157.868,0.0,19.4,162.0,MOUNT BAKER,IMO9822906,WDJ6673,52.0,5.0,40.0,12.0,5.5,52.0,A
367776660,2024-12-27T23:09:56,21.31017,-157.868,0.0,19.4,161.0,MOUNT BAKER,IMO9822906,WDJ6673,52.0,5.0,40.0,12.0,5.5,52.0,A
367776660,2024-12-27T23:30:57,21.31015,-157.86798,0.0,19.4,160.0,MOUNT BAKER,IMO9822906,WDJ6673,52.0,5.0,40.0,12.0,5.5,52.0,A
367776660,2024-12-27T23:03:56,21.31023,-157.86798,0.0,19.4,162.0,MOUNT BAKER,IMO9822906,WDJ6673,52.0,5.0,40.0,12.0,5.5,52.0,A
367776660,2024-12-27T23:27:58,21.31017,-157.86801,0.0,19.4,165.0,MOUNT BAKER,IMO9822906,WDJ6673,52.0,5.0,40.0,12.0,5.5,52.0,A
367776660,2024-12-27T23:06:57,21.3102,-157.86799,0.0,19.4,161.0,MOUNT BAKER,IMO9822906,WDJ6673,52.0,5.0,40.0,12.0,5.5,52.0,A
367776660,2024-12-27T23:48:59,21.31015,-157.86793,0.0,19.4,164.0,MOUNT BAKER,IMO9822906,WDJ6673,52.0,5.0,40.0,12.0,5.5,52.0,A
367776660,2024-12-27T23:51:59,21.31017,-157.86796,0.0,19.4,166.0,MOUNT BAKER,IMO9822906,WDJ6673,52.0,5.0,40.0,12.0,5.5,52.0,A
367776660,2024-12-27T23:54:58,21.31015,-157.86799,0.0,19.4,161.0,MOUNT BAKER,IMO9822906,WDJ6673,52.0,5.0,40.0,12.0,5.5,52.0,A
367776660,2024-12-27T23:57:58,21.31016,-157.86792,0.0,19.4,163.0,MOUNT BAKER,IMO9822906,WDJ6673,52.0,5.0,40.0,12.0,5.5,52.0,A
367776660,2024-12-27T05:42:53,21.31021,-157.86794,0.0,19.4,163.0,MOUNT BAKER,IMO9822906,WDJ6673,52.0,5.0,40.0,12.0,5.5,52.0,A
367776660,2024-12-27T05:45:53,21.31018,-157.86798,0.0,19.4,164.0,MOUNT BAKER,IMO9822906,WDJ6673,52.0,5.0,40.0,12.0,5.5,52.0,A
367776660,2024-12-27T05:54:55,21.3101,-157.86803,0.0,19.4,161.0,MOUNT BAKER,IMO9822906,WDJ6673,52.0,5.0,40.0,12.0,5.5,52.0,A
367776660,2024-12-27T06:21:53,21.31014,-157.86799,0.0,19.4,161.0,MOUNT BAKER,IMO9822906,WDJ6673,52.0,5.0,40.0,12.0,5.5,52.0,A
367776660,2024-12-27T07:00:51,21.3102,-157.86801,0.0,19.4,163.0,MOUNT BAKER,IMO9822906,WDJ6673,52.0,5.0,40.0,12.0,5.5,52.0,A
367776660,2024-12-27T07:39:54,21.31014,-157.86793,0.0,19.4,163.0,MOUNT BAKER,IMO9822906,WDJ6673,52.0,5.0,40.0,12.0,5.5,52.0,A
367776660,2024-12-27T07:48:55,21.31017,-157.86795,0.0,19.4,163.0,MOUNT BAKER,IMO9822906,WDJ6673,52.0,5.0,40.0,12.0,5.5,52.0,A
367776660,2024-12-27T08:06:54,21.31013,-157.86801,0.0,19.4,165.0,MOUNT BAKER,IMO9822906,WDJ6673,52.0,5.0,40.0,12.0,5.5,52.0,A
367776660,2024-12-27T08:09:53,21.31006,-157.86809,0.0,19.4,164.0,MOUNT BAKER,IMO9822906,WDJ6673,52.0,5.0,40.0,12.0,5.5,52.0,A
367776660,2024-12-27T08:36:53,21.3101,-157.86807,0.0,19.4,164.0,MOUNT BAKER,IMO9822906,WDJ6673,52.0,5.0,40.0,12.0,5.5,52.0,A
367776660,2024-12-27T08:54:58,21.31011,-157.86804,0.0,19.4,163.0,MOUNT BAKER,IMO9822906,WDJ6673,52.0,5.0,40.0,12.0,5.5,52.0,A
367776660,2024-12-27T09:30:54,21.31014,-157.86809,0.0,19.4,165.0,MOUNT BAKER,IMO9822906,WDJ6673,52.0,5.0,40.0,12.0,5.5,52.0,A
367776660,2024-12-27T09:54:55,21.31013,-157.86801,0.0,19.4,163.0,MOUNT BAKER,IMO9822906,WDJ6673,52.0,5.0,40.0,12.0,5.5,52.0,A
367776660,2024-12-27T10:33:54,21.31019,-157.868,0.0,19.4,163.0,MOUNT BAKER,IMO9822906,WDJ6673,52.0,5.0,40.0,12.0,5.5,52.0,A
367776660,2024-12-27T10:51:55,21.3098,-157.86835,0.0,19.4,165.0,MOUNT BAKER,IMO9822906,WDJ6673,52.0,5.0,40.0,12.0,5.5,52.0,A
367776660,2024-12-27T11:06:54,21.31012,-157.86798,0.0,19.4,163.0,MOUNT BAKER,IMO9822906,WDJ6673,52.0,5.0,40.0,12.0,5.5,52.0,A
367776660,2024-12-27T11:15:53,21.31009,-157.86796,0.0,19.4,165.0,MOUNT BAKER,IMO9822906,WDJ6673,52.0,5.0,40.0,12.0,5.5,52.0,A
367776660,2024-12-27T11:51:55,21.3101,-157.86791,0.0,19.4,164.0,MOUNT BAKER,IMO9822906,WDJ6673,52.0,5.0,40.0,12.0,5.5,52.0,A
367776660,2024-12-27T12:33:59,21.31008,-157.86799,0.0,19.4,164.0,MOUNT BAKER,IMO9822906,WDJ6673,52.0,5.0,40.0,12.0,5.5,52.0,A
367776660,2024-12-27T12:39:58,21.31012,-157.86801,0.0,19.4,164.0,MOUNT BAKER,IMO9822906,WDJ6673,52.0,5.0,40.0,12.0,5.5,52.0,A
367776660,2024-12-27T12:57:58,21.31011,-157.868,0.0,19.4,164.0,MOUNT BAKER,IMO9822906,WDJ6673,52.0,5.0,40.0,12.0,5.5,52.0,A
367776660,2024-12-27T13:15:58,21.3101,-157.86804,0.0,19.4,165.0,MOUNT BAKER,IMO9822906,WDJ6673,52.0,5.0,40.0,12.0,5.5,52.0,A
367776660,2024-12-27T14:30:53,21.31012,-157.86802,0.0,19.4,165.0,MOUNT BAKER,IMO9822906,WDJ6673,52.0,5.0,40.0,12.0,5.5,52.0,A
367776660,2024-12-27T14:51:58,21.31008,-157.86799,0.0,19.4,166.0,MOUNT BAKER,IMO9822906,WDJ6673,52.0,5.0,40.0,12.0,5.5,52.0,A
367776660,2024-12-27T15:18:56,21.31006,-157.86801,0.0,19.4,163.0,MOUNT BAKER,IMO9822906,WDJ6673,52.0,5.0,40.0,12.0,5.5,52.0,A
367776660,2024-12-27T15:21:54,21.31005,-157.868,0.0,19.4,164.0,MOUNT BAKER,IMO9822906,WDJ6673,52.0,5.0,40.0,12.0,5.5,52.0,A
367776660,2024-12-27T16:12:56,21.31012,-157.86802,0.0,19.4,163.0,MOUNT BAKER,IMO9822906,WDJ6673,52.0,5.0,40.0,12.0,5.5,52.0,A
367776660,2024-12-27T16:18:58,21.31012,-157.86802,0.0,19.4,164.0,MOUNT BAKER,IMO9822906,WDJ6673,52.0,5.0,40.0,12.0,5.5,52.0,A
367776660,2024-12-27T16:24:58,21.31009,-157.86802,0.0,19.4,162.0,MOUNT BAKER,IMO9822906,WDJ6673,52.0,5.0,40.0,12.0,5.5,52.0,A
367776660,2024-12-27T18:36:57,21.31009,-157.86797,0.0,19.4,165.0,MOUNT BAKER,IMO9822906,WDJ6673,52.0,5.0,40.0,12.0,5.5,52.0,A
367776660,2024-12-27T19:31:01,21.31011,-157.86798,0.0,19.4,165.0,MOUNT BAKER,IMO9822906,WDJ6673,52.0,5.0,40.0,12.0,5.5,52.0,A
367776660,2024-12-27T19:49:01,21.31013,-157.86794,0.0,19.4,165.0,MOUNT BAKER,IMO9822906,WDJ6673,52.0,5.0,40.0,12.0,5.5,52.0,A
367776660,2024-12-27T19:57:57,21.31011,-157.868,0.0,19.4,162.0,MOUNT BAKER,IMO9822906,WDJ6673,52.0,5.0,40.0,12.0,5.5,52.0,A
367776660,2024-12-27T20:03:56,21.31003,-157.86803,0.0,19.4,165.0,MOUNT BAKER,IMO9822906,WDJ6673,52.0,5.0,40.0,12.0,5.5,52.0,A
367776660,2024-12-27T20:07:00,21.31013,-157.86797,0.0,19.4,162.0,MOUNT BAKER,IMO9822906,WDJ6673,52.0,5.0,40.0,12.0,5.5,52.0,A
367776660,2024-12-27T20:27:57,21.31011,-157.86803,0.0,19.4,163.0,MOUNT BAKER,IMO9822906,WDJ6673,52.0,5.0,40.0,12.0,5.5,52.0,A
367776660,2024-12-27T20:51:58,21.31013,-157.868,0.0,19.4,161.0,MOUNT BAKER,IMO9822906,WDJ6673,52.0,5.0,40.0,12.0,5.5,52.0,A
367776660,2024-12-27T20:54:57,21.31008,-157.86802,0.0,19.4,161.0,MOUNT BAKER,IMO9822906,WDJ6673,52.0,5.0,40.0,12.0,5.5,52.0,A
367776660,2024-12-27T21:15:55,21.31008,-157.86795,0.0,19.4,161.0,MOUNT BAKER,IMO9822906,WDJ6673,52.0,5.0,40.0,12.0,5.5,52.0,A
367776660,2024-12-27T22:18:58,21.31016,-157.868,0.0,19.4,162.0,MOUNT BAKER,IMO9822906,WDJ6673,52.0,5.0,40.0,12.0,5.5,52.0,A
367776660,2024-12-27T23:42:58,21.31013,-157.86798,0.0,19.4,162.0,MOUNT BAKER,IMO9822906,WDJ6673,52.0,5.0,40.0,12.0,5.5,52.0,A
367776660,2024-12-28T00:00:57,21.31016,-157.86795,0.0,19.4,163.0,MOUNT BAKER,IMO9822906,WDJ6673,52.0,5.0,40.0,12.0,5.5,52.0,A
367776660,2024-12-28T00:06:56,21.31012,-157.86801,0.0,19.4,163.0,MOUNT BAKER,IMO9822906,WDJ6673,52.0,5.0,40.0,12.0,5.5,52.0,A
367776660,2024-12-28T00:03:59,21.31012,-157.868,0.0,19.4,166.0,MOUNT BAKER,IMO9822906,WDJ6673,52.0,5.0,40.0,12.0,5.5,52.0,A
367776660,2024-12-28T00:10:00,21.31013,-157.86802,0.0,19.4,163.0,MOUNT BAKER,IMO9822906,WDJ6673,52.0,5.0,40.0,12.0,5.5,52.0,A
367776660,2024-12-28T00:16:00,21.31017,-157.86791,0.0,19.4,163.0,MOUNT BAKER,IMO9822906,WDJ6673,52.0,5.0,40.0,12.0,5.5,52.0,A
367776660,2024-12-28T00:12:55,21.31013,-157.86798,0.0,19.4,162.0,MOUNT BAKER,IMO9822906,WDJ6673,52.0,5.0,40.0,12.0,5.5,52.0,A
367776660,2024-12-28T00:18:58,21.31016,-157.86794,0.0,19.4,162.0,MOUNT BAKER,IMO9822906,WDJ6673,52.0,5.0,40.0,12.0,5.5,52.0,A
367776660,2024-12-28T00:21:59,21.31012,-157.8679,0.0,19.4,162.0,MOUNT BAKER,IMO9822906,WDJ6673,52.0,5.0,40.0,12.0,5.5,52.0,A
367776660,2024-12-28T00:27:59,21.31014,-157.86798,0.0,19.4,164.0,MOUNT BAKER,IMO9822906,WDJ6673,52.0,5.0,40.0,12.0,5.5,52.0,A
367776660,2024-12-28T00:24:58,21.31017,-157.86795,0.0,19.4,161.0,MOUNT BAKER,IMO9822906,WDJ6673,52.0,5.0,40.0,12.0,5.5,52.0,A
367776660,2024-12-28T00:30:58,21.31013,-157.86794,0.0,19.4,161.0,MOUNT BAKER,IMO9822906,WDJ6673,52.0,5.0,40.0,12.0,5.5,52.0,A
367776660,2024-12-28T00:39:58,21.31017,-157.86795,0.0,19.4,161.0,MOUNT BAKER,IMO9822906,WDJ6673,52.0,5.0,40.0,12.0,5.5,52.0,A
367776660,2024-12-28T00:43:00,21.31014,-157.868,0.0,19.4,162.0,MOUNT BAKER,IMO9822906,WDJ6673,52.0,5.0,40.0,12.0,5.5,52.0,A
367776660,2024-12-28T00:49:00,21.31011,-157.86802,0.0,19.4,165.0,MOUNT BAKER,IMO9822906,WDJ6673,52.0,5.0,40.0,12.0,5.5,52.0,A
367776660,2024-12-28T00:55:01,21.31013,-157.86797,0.0,19.4,165.0,MOUNT BAKER,IMO9822906,WDJ6673,52.0,5.0,40.0,12.0,5.5,52.0,A
367776660,2024-12-28T00:51:58,21.31013,-157.86798,0.0,19.4,164.0,MOUNT BAKER,IMO9822906,WDJ6673,52.0,5.0,40.0,12.0,5.5,52.0,A
367776660,2024-12-28T00:45:58,21.31016,-157.86796,0.0,19.4,164.0,MOUNT BAKER,IMO9822906,WDJ6673,52.0,5.0,40.0,12.0,5.5,52.0,A
367776660,2024-12-28T01:01:00,21.31012,-157.86796,0.0,19.4,164.0,MOUNT BAKER,IMO9822906,WDJ6673,52.0,5.0,40.0,12.0,5.5,52.0,A
367776660,2024-12-28T00:57:57,21.31009,-157.868,0.0,19.4,165.0,MOUNT BAKER,IMO9822906,WDJ6673,52.0,5.0,40.0,12.0,5.5,52.0,A
367776660,2024-12-28T01:09:55,21.31016,-157.86796,0.0,19.4,165.0,MOUNT BAKER,IMO9822906,WDJ6673,52.0,5.0,40.0,12.0,5.5,52.0,A
367776660,2024-12-28T01:07:00,21.31017,-157.86791,0.0,19.4,162.0,MOUNT BAKER,IMO9822906,WDJ6673,52.0,5.0,40.0,12.0,5.5,52.0,A
367776660,2024-12-28T01:13:01,21.31021,-157.86796,0.0,19.4,167.0,MOUNT BAKER,IMO9822906,WDJ6673,52.0,5.0,40.0,12.0,5.5,52.0,A
367776660,2024-12-28T01:15:55,21.31014,-157.86795,0.0,19.4,164.0,MOUNT BAKER,IMO9822906,WDJ6673,52.0,5.0,40.0,12.0,5.5,52.0,A
367776660,2024-12-28T01:19:00,21.3102,-157.8679,0.0,19.4,162.0,MOUNT BAKER,IMO9822906,WDJ6673,52.0,5.0,40.0,12.0,5.5,52.0,A
367776660,2024-12-28T01:25:01,21.31016,-157.86798,0.0,19.4,163.0,MOUNT BAKER,IMO9822906,WDJ6673,52.0,5.0,40.0,12.0,5.5,52.0,A
367776660,2024-12-28T01:21:55,21.31012,-157.86799,0.0,19.4,165.0,MOUNT BAKER,IMO9822906,WDJ6673,52.0,5.0,40.0,12.0,5.5,52.0,A
367776660,2024-12-28T01:27:56,21.31018,-157.86797,0.0,19.4,162.0,MOUNT BAKER,IMO9822906,WDJ6673,52.0,5.0,40.0,12.0,5.5,52.0,A
367776660,2024-12-28T01:33:57,21.31025,-157.86782,0.0,19.4,161.0,MOUNT BAKER,IMO9822906,WDJ6673,52.0,5.0,40.0,12.0,5.5,52.0,A
367776660,2024-12-28T01:36:58,21.31014,-157.86794,0.0,19.4,165.0,MOUNT BAKER,IMO9822906,WDJ6673,52.0,5.0,40.0,12.0,5.5,52.0,A
367776660,2024-12-28T01:42:59,21.31013,-157.86796,0.0,19.4,163.0,MOUNT BAKER,IMO9822906,WDJ6673,52.0,5.0,40.0,12.0,5.5,52.0,A
367776660,2024-12-28T01:52:00,21.31011,-157.86794,0.0,19.4,162.0,MOUNT BAKER,IMO9822906,WDJ6673,52.0,5.0,40.0,12.0,5.5,52.0,A
367776660,2024-12-28T01:49:01,21.31013,-157.868,0.0,19.4,163.0,MOUNT BAKER,IMO9822906,WDJ6673,52.0,5.0,40.0,12.0,5.5,52.0,A
367776660,2024-12-28T01:55:00,21.31012,-157.868,0.0,19.4,165.0,MOUNT BAKER,IMO9822906,WDJ6673,52.0,5.0,40.0,12.0,5.5,52.0,A
367776660,2024-12-28T01:45:58,21.31011,-157.86793,0.0,19.4,163.0,MOUNT BAKER,IMO9822906,WDJ6673,52.0,5.0,40.0,12.0,5.5,52.0,A
367776660,2024-12-28T01:57:59,21.31012,-157.86804,0.0,19.4,166.0,MOUNT BAKER,IMO9822906,WDJ6673,52.0,5.0,40.0,12.0,5.5,52.0,A
367776660,2024-12-28T02:09:59,21.31014,-157.86799,0.0,19.4,165.0,MOUNT BAKER,IMO9822906,WDJ6673,52.0,5.0,40.0,12.0,5.5,52.0,A
367776660,2024-12-28T02:00:59,21.31011,-157.86798,0.0,19.4,165.0,MOUNT BAKER,IMO9822906,WDJ6673,52.0,5.0,40.0,12.0,5.5,52.0,A
367776660,2024-12-28T02:12:59,21.31015,-157.86797,0.0,19.4,163.0,MOUNT BAKER,IMO9822906,WDJ6673,52.0,5.0,40.0,12.0,5.5,52.0,A
367776660,2024-12-28T02:15:59,21.31017,-157.86801,0.0,19.4,162.0,MOUNT BAKER,IMO9822906,WDJ6673,52.0,5.0,40.0,12.0,5.5,52.0,A
367776660,2024-12-28T02:07:01,21.31014,-157.86801,0.0,19.4,163.0,MOUNT BAKER,IMO9822906,WDJ6673,52.0,5.0,40.0,12.0,5.5,52.0,A
367776660,2024-12-28T02:19:01,21.3102,-157.86805,0.0,19.4,164.0,MOUNT BAKER,IMO9822906,WDJ6673,52.0,5.0,40.0,12.0,5.5,52.0,A
367776660,2024-12-28T02:25:01,21.31018,-157.86799,0.0,19.4,164.0,MOUNT BAKER,IMO9822906,WDJ6673,52.0,5.0,40.0,12.0,5.5,52.0,A
367776660,2024-12-28T02:28:02,21.31015,-157.86802,0.0,19.4,164.0,MOUNT BAKER,IMO9822906,WDJ6673,52.0,5.0,40.0,12.0,5.5,52.0,A
367776660,2024-12-28T02:30:59,21.31015,-157.86801,0.0,19.4,166.0,MOUNT BAKER,IMO9822906,WDJ6673,52.0,5.0,40.0,12.0,5.5,52.0,A
367776660,2024-12-28T02:40:03,21.31022,-157.86819,0.0,19.4,161.0,MOUNT BAKER,IMO9822906,WDJ6673,52.0,5.0,40.0,12.0,5.5,52.0,A
367776660,2024-12-28T02:34:04,21.31018,-157.868,0.0,19.4,166.0,MOUNT BAKER,IMO9822906,WDJ6673,52.0,5.0,40.0,12.0,5.5,52.0,A
367776660,2024-12-28T03:00:58,21.3101,-157.86799,0.0,19.4,162.0,MOUNT BAKER,IMO9822906,WDJ6673,52.0,5.0,40.0,12.0,5.5,52.0,A
367776660,2024-12-28T02:57:56,21.31012,-157.868,0.0,19.4,165.0,MOUNT BAKER,IMO9822906,WDJ6673,52.0,5.0,40.0,12.0,5.5,52.0,A
367776660,2024-12-28T03:05:02,21.31011,-157.86797,0.0,19.4,164.0,MOUNT BAKER,IMO9822906,WDJ6673,52.0,0.0,40.0,12.0,5.5,52.0,A
367776660,2024-12-28T03:06:12,21.31013,-157.86801,0.0,19.4,165.0,MOUNT BAKER,IMO9822906,WDJ6673,52.0,0.0,40.0,12.0,5.5,52.0,A
367776660,2024-12-28T03:07:22,21.31014,-157.86801,0.0,19.4,164.0,MOUNT BAKER,IMO9822906,WDJ6673,52.0,0.0,40.0,12.0,5.5,52.0,A
367776660,2024-12-28T03:03:55,21.31011,-157.86798,0.0,19.4,164.0,MOUNT BAKER,IMO9822906,WDJ6673,52.0,5.0,40.0,12.0,5.5,52.0,A
367776660,2024-12-28T02:42:59,21.31015,-157.86796,0.0,19.4,164.0,MOUNT BAKER,IMO9822906,WDJ6673,52.0,5.0,40.0,12.0,5.5,52.0,A
367776660,2024-12-28T03:09:41,21.31012,-157.86801,0.0,19.4,162.0,MOUNT BAKER,IMO9822906,WDJ6673,52.0,0.0,40.0,12.0,5.5,52.0,A
367776660,2024-12-28T03:08:32,21.31015,-157.868,0.0,19.4,163.0,MOUNT BAKER,IMO9822906,WDJ6673,52.0,0.0,40.0,12.0,5.5,52.0,A
367776660,2024-12-28T03:12:02,21.31012,-157.868,0.0,19.4,164.0,MOUNT BAKER,IMO9822906,WDJ6673,52.0,0.0,40.0,12.0,5.5,52.0,A
367776660,2024-12-28T03:15:31,21.31011,-157.86811,0.0,19.4,163.0,MOUNT BAKER,IMO9822906,WDJ6673,52.0,0.0,40.0,12.0,5.5,52.0,A
367776660,2024-12-28T03:16:53,21.31012,-157.868,0.0,19.4,165.0,MOUNT BAKER,IMO9822906,WDJ6673,52.0,0.0,40.0,12.0,5.5,52.0,A
367776660,2024-12-28T03:19:12,21.31013,-157.86801,0.0,19.4,164.0,MOUNT BAKER,IMO9822906,WDJ6673,52.0,0.0,40.0,12.0,5.5,52.0,A
367776660,2024-12-28T03:20:21,21.31011,-157.86801,0.0,19.4,164.0,MOUNT BAKER,IMO9822906,WDJ6673,52.0,0.0,40.0,12.0,5.5,52.0,A
367776660,2024-12-28T03:21:33,21.31012,-157.86801,0.0,19.4,164.0,MOUNT BAKER,IMO9822906,WDJ6673,52.0,0.0,40.0,12.0,5.5,52.0,A
367776660,2024-12-28T03:24:12,21.31008,-157.868,0.0,19.4,165.0,MOUNT BAKER,IMO9822906,WDJ6673,52.0,0.0,40.0,12.0,5.5,52.0,A
367776660,2024-12-28T03:27:52,21.31001,-157.86801,0.0,19.4,163.0,MOUNT BAKER,IMO9822906,WDJ6673,52.0,0.0,40.0,12.0,5.5,52.0,A
367776660,2024-12-28T03:23:03,21.31012,-157.86799,0.0,19.4,164.0,MOUNT BAKER,IMO9822906,WDJ6673,52.0,0.0,40.0,12.0,5.5,52.0,A
367776660,2024-12-28T03:30:12,21.31012,-157.86792,0.0,19.4,166.0,MOUNT BAKER,IMO9822906,WDJ6673,52.0,0.0,40.0,12.0,5.5,52.0,A
367776660,2024-12-28T03:32:42,21.31008,-157.86799,0.0,19.4,162.0,MOUNT BAKER,IMO9822906,WDJ6673,52.0,0.0,40.0,12.0,5.5,52.0,A
367776660,2024-12-28T03:35:12,21.3101,-157.86797,0.0,19.4,163.0,MOUNT BAKER,IMO9822906,WDJ6673,52.0,0.0,40.0,12.0,5.5,52.0,A
367776660,2024-12-28T03:39:22,21.31008,-157.86788,0.0,19.4,163.0,MOUNT BAKER,IMO9822906,WDJ6673,52.0,0.0,40.0,12.0,5.5,52.0,A
367776660,2024-12-28T03:46:12,21.31005,-157.86803,0.0,19.4,165.0,MOUNT BAKER,IMO9822906,WDJ6673,52.0,0.0,40.0,12.0,5.5,52.0,A
367776660,2024-12-28T03:48:23,21.31006,-157.86802,0.0,19.4,163.0,MOUNT BAKER,IMO9822906,WDJ6673,52.0,0.0,40.0,12.0,5.5,52.0,A
367776660,2024-12-28T03:44:52,21.31009,-157.86797,0.0,19.4,163.0,MOUNT BAKER,IMO9822906,WDJ6673,52.0,0.0,40.0,12.0,5.5,52.0,A
367776660,2024-12-28T03:13:13,21.31011,-157.86808,0.0,19.4,164.0,MOUNT BAKER,IMO9822906,WDJ6673,52.0,0.0,40.0,12.0,5.5,52.0,A
367776660,2024-12-28T03:14:22,21.31013,-157.86802,0.0,19.4,165.0,MOUNT BAKER,IMO9822906,WDJ6673,52.0,0.0,40.0,12.0,5.5,52.0,A
367776660,2024-12-28T03:52:42,21.3101,-157.86797,0.0,19.4,164.0,MOUNT BAKER,IMO9822906,WDJ6673,52.0,0.0,40.0,12.0,5.5,52.0,A
367776660,2024-12-28T03:51:23,21.31006,-157.86802,0.0,19.4,165.0,MOUNT BAKER,IMO9822906,WDJ6673,52.0,0.0,40.0,12.0,5.5,52.0,A
367776660,2024-12-28T03:18:03,21.3101,-157.86811,0.0,19.4,164.0,MOUNT BAKER,IMO9822906,WDJ6673,52.0,0.0,40.0,12.0,5.5,52.0,A
367776660,2024-12-28T03:59:41,21.31017,-157.86798,0.0,19.4,163.0,MOUNT BAKER,IMO9822906,WDJ6673,52.0,0.0,40.0,12.0,5.5,52.0,A
367776660,2024-12-28T03:49:32,21.31008,-157.86801,0.0,19.4,165.0,MOUNT BAKER,IMO9822906,WDJ6673,52.0,0.0,40.0,12.0,5.5,52.0,A
367776660,2024-12-28T04:00:01,21.31016,-157.86798,0.0,19.4,162.0,MOUNT BAKER,IMO9822906,WDJ6673,52.0,0.0,40.0,12.0,5.5,52.0,A
367776660,2024-12-28T04:01:12,21.31013,-157.86798,0.0,19.4,163.0,MOUNT BAKER,IMO9822906,WDJ6673,52.0,0.0,40.0,12.0,5.5,52.0,A
367776660,2024-12-28T03:25:22,21.31007,-157.86797,0.0,19.4,163.0,MOUNT BAKER,IMO9822906,WDJ6673,52.0,0.0,40.0,12.0,5.5,52.0,A
367776660,2024-12-28T04:02:22,21.31014,-157.86797,0.0,19.4,164.0,MOUNT BAKER,IMO9822906,WDJ6673,52.0,0.0,40.0,12.0,5.5,52.0,A
367776660,2024-12-28T04:03:31,21.31015,-157.86799,0.0,19.4,164.0,MOUNT BAKER,IMO9822906,WDJ6673,52.0,0.0,40.0,12.0,5.5,52.0,A
367776660,2024-12-28T04:04:52,21.31014,-157.86798,0.0,19.4,163.0,MOUNT BAKER,IMO9822906,WDJ6673,52.0,0.0,40.0,12.0,5.5,52.0,A
367776660,2024-12-28T04:06:21,21.31018,-157.86806,0.0,19.4,164.0,MOUNT BAKER,IMO9822906,WDJ6673,52.0,0.0,40.0,12.0,5.5,52.0,A
367776660,2024-12-28T03:31:32,21.31012,-157.86797,0.0,19.4,163.0,MOUNT BAKER,IMO9822906,WDJ6673,52.0,0.0,40.0,12.0,5.5,52.0,A
367776660,2024-12-28T04:09:21,21.3102,-157.868,0.0,19.4,164.0,MOUNT BAKER,IMO9822906,WDJ6673,52.0,0.0,40.0,12.0,5.5,52.0,A
367776660,2024-12-28T04:10:53,21.31015,-157.86801,0.0,19.4,164.0,MOUNT BAKER,IMO9822906,WDJ6673,52.0,0.0,40.0,12.0,5.5,52.0,A
367776660,2024-12-28T04:12:02,21.31016,-157.86802,0.0,19.4,165.0,MOUNT BAKER,IMO9822906,WDJ6673,52.0,0.0,40.0,12.0,5.5,52.0,A
367776660,2024-12-28T04:14:22,21.31016,-157.86801,0.0,19.4,163.0,MOUNT BAKER,IMO9822906,WDJ6673,52.0,0.0,40.0,12.0,5.5,52.0,A
367776660,2024-12-28T04:17:43,21.31012,-157.86798,0.0,19.4,164.0,MOUNT BAKER,IMO9822906,WDJ6673,52.0,0.0,40.0,12.0,5.5,52.0,A
367776660,2024-12-28T04:07:31,21.31018,-157.868,0.0,19.4,165.0,MOUNT BAKER,IMO9822906,WDJ6673,52.0,0.0,40.0,12.0,5.5,52.0,A
367776660,2024-12-28T03:41:22,21.30981,-157.86801,0.0,19.4,164.0,MOUNT BAKER,IMO9822906,WDJ6673,52.0,0.0,40.0,12.0,5.5,52.0,A
367776660,2024-12-28T04:20:02,21.31012,-157.86801,0.0,19.4,162.0,MOUNT BAKER,IMO9822906,WDJ6673,52.0,0.0,40.0,12.0,5.5,52.0,A
367776660,2024-12-28T04:22:02,21.30979,-157.86809,0.0,19.4,164.0,MOUNT BAKER,IMO9822906,WDJ6673,52.0,0.0,40.0,12.0,5.5,52.0,A
367776660,2024-12-28T03:43:32,21.31009,-157.86791,0.0,19.4,164.0,MOUNT BAKER,IMO9822906,WDJ6673,52.0,0.0,40.0,12.0,5.5,52.0,A
367776660,2024-12-28T04:28:03,21.31009,-157.86801,0.0,19.4,163.0,MOUNT BAKER,IMO9822906,WDJ6673,52.0,0.0,40.0,12.0,5.5,52.0,A
367776660,2024-12-28T04:31:03,21.31016,-157.86797,0.0,19.4,164.0,MOUNT BAKER,IMO9822906,WDJ6673,52.0,0.0,40.0,12.0,5.5,52.0,A
367776660,2024-12-28T00:36:58,21.31014,-157.86796,0.0,19.4,164.0,MOUNT BAKER,IMO9822906,WDJ6673,52.0,5.0,40.0,12.0,5.5,52.0,A
367776660,2024-12-28T04:25:52,21.31014,-157.868,0.0,19.4,164.0,MOUNT BAKER,IMO9822906,WDJ6673,52.0,0.0,40.0,12.0,5.5,52.0,A
367776660,2024-12-28T04:44:32,21.31012,-157.86798,0.0,19.4,163.0,MOUNT BAKER,IMO9822906,WDJ6673,52.0,0.0,40.0,12.0,5.5,52.0,A
367776660,2024-12-28T04:39:32,21.31012,-157.86793,0.0,19.4,165.0,MOUNT BAKER,IMO9822906,WDJ6673,52.0,0.0,40.0,12.0,5.5,52.0,A
367776660,2024-12-28T04:43:22,21.31011,-157.86798,0.0,19.4,164.0,MOUNT BAKER,IMO9822906,WDJ6673,52.0,0.0,40.0,12.0,5.5,52.0,A
367776660,2024-12-28T04:49:31,21.31004,-157.86803,0.0,19.4,164.0,MOUNT BAKER,IMO9822906,WDJ6673,52.0,0.0,40.0,12.0,5.5,52.0,A
367776660,2024-12-28T04:51:53,21.31007,-157.86799,0.0,19.4,165.0,MOUNT BAKER,IMO9822906,WDJ6673,52.0,0.0,40.0,12.0,5.5,52.0,A
367776660,2024-12-28T04:54:31,21.3101,-157.86801,0.0,19.4,162.0,MOUNT BAKER,IMO9822906,WDJ6673,52.0,0.0,40.0,12.0,5.5,52.0,A
367776660,2024-12-28T04:58:22,21.31012,-157.86799,0.0,19.4,162.0,MOUNT BAKER,IMO9822906,WDJ6673,52.0,0.0,40.0,12.0,5.5,52.0,A
367776660,2024-12-28T05:01:13,21.31012,-157.868,0.0,19.4,164.0,MOUNT BAKER,IMO9822906,WDJ6673,52.0,0.0,40.0,12.0,5.5,52.0,A
367776660,2024-12-28T05:00:02,21.31018,-157.86801,0.0,19.4,162.0,MOUNT BAKER,IMO9822906,WDJ6673,52.0,0.0,40.0,12.0,5.5,52.0,A
367776660,2024-12-28T04:59:31,21.31017,-157.86801,0.0,19.4,162.0,MOUNT BAKER,IMO9822906,WDJ6673,52.0,0.0,40.0,12.0,5.5,52.0,A
367776660,2024-12-28T04:57:13,21.31011,-157.86799,0.0,19.4,163.0,MOUNT BAKER,IMO9822906,WDJ6673,52.0,0.0,40.0,12.0,5.5,52.0,A
367776660,2024-12-28T05:02:22,21.3101,-157.86801,0.0,19.4,164.0,MOUNT BAKER,IMO9822906,WDJ6673,52.0,0.0,40.0,12.0,5.5,52.0,A
367776660,2024-12-28T04:15:52,21.31011,-157.86801,0.0,19.4,165.0,MOUNT BAKER,IMO9822906,WDJ6673,52.0,0.0,40.0,12.0,5.5,52.0,A
367776660,2024-12-28T05:06:41,21.3101,-157.86798,0.0,19.4,162.0,MOUNT BAKER,IMO9822906,WDJ6673,52.0,0.0,40.0,12.0,5.5,52.0,A
367776660,2024-12-28T05:07:52,21.31006,-157.86796,0.0,19.4,162.0,MOUNT BAKER,IMO9822906,WDJ6673,52.0,0.0,40.0,12.0,5.5,52.0,A
367776660,2024-12-28T05:03:32,21.31011,-157.86801,0.0,19.4,163.0,MOUNT BAKER,IMO9822906,WDJ6673,52.0,0.0,40.0,12.0,5.5,52.0,A
367776660,2024-12-28T05:13:42,21.31012,-157.86801,0.0,19.4,162.0,MOUNT BAKER,IMO9822906,WDJ6673,52.0,0.0,40.0,12.0,5.5,52.0,A
367776660,2024-12-28T05:20:22,21.3101,-157.868,0.0,19.4,165.0,MOUNT BAKER,IMO9822906,WDJ6673,52.0,0.0,40.0,12.0,5.5,52.0,A
367776660,2024-12-28T05:21:42,21.31007,-157.86796,0.0,19.4,163.0,MOUNT BAKER,IMO9822906,WDJ6673,52.0,0.0,40.0,12.0,5.5,52.0,A
367776660,2024-12-28T04:32:12,21.31009,-157.86801,0.0,19.4,162.0,MOUNT BAKER,IMO9822906,WDJ6673,52.0,0.0,40.0,12.0,5.5,52.0,A
367776660,2024-12-28T04:41:32,21.31015,-157.86797,0.0,19.4,163.0,MOUNT BAKER,IMO9822906,WDJ6673,52.0,0.0,40.0,12.0,5.5,52.0,A
367776660,2024-12-28T04:56:03,21.31012,-157.86799,0.0,19.4,164.0,MOUNT BAKER,IMO9822906,WDJ6673,52.0,0.0,40.0,12.0,5.5,52.0,A
367776660,2024-12-28T05:37:43,21.31009,-157.86793,0.0,19.4,162.0,MOUNT BAKER,IMO9822906,WDJ6673,52.0,5.0,40.0,12.0,5.5,52.0,A
367776660,2024-12-28T05:46:45,21.31013,-157.86804,0.0,19.4,162.0,MOUNT BAKER,IMO9822906,WDJ6673,52.0,5.0,40.0,12.0,5.5,52.0,A
367776660,2024-12-28T05:40:44,21.31013,-157.86799,0.0,19.4,162.0,MOUNT BAKER,IMO9822906,WDJ6673,52.0,5.0,40.0,12.0,5.5,52.0,A
367776660,2024-12-28T05:57:00,21.31,-157.868,0.1,19.4,162.0,MOUNT BAKER,IMO9822906,WDJ6673,52.0,0.0,40.0,12.0,5.5,52.0,A
367776660,2024-12-28T05:43:44,21.31013,-157.868,0.0,19.4,161.0,MOUNT BAKER,IMO9822906,WDJ6673,52.0,5.0,40.0,12.0,5.5,52.0,A
367776660,2024-12-28T06:02:13,21.30965,-157.87392,7.4,310.7,310.0,MOUNT BAKER,IMO9822906,WDJ6673,52.0,0.0,40.0,12.0,5.5,52.0,A
367776660,2024-12-28T05:58:54,21.30853,-157.86848,5.2,223.3,230.0,MOUNT BAKER,IMO9822906,WDJ6673,52.0,0.0,40.0,12.0,5.5,52.0,A
367776660,2024-12-28T05:10:21,21.31001,-157.86808,0.0,19.4,163.0,MOUNT BAKER,IMO9822906,WDJ6673,52.0,0.0,40.0,12.0,5.5,52.0,A
367776660,2024-12-28T06:04:24,21.31264,-157.87745,7.4,311.9,310.0,MOUNT BAKER,IMO9822906,WDJ6673,52.0,0.0,40.0,12.0,5.5,52.0,A
367776660,2024-12-28T05:11:31,21.31009,-157.86801,0.0,19.4,164.0,MOUNT BAKER,IMO9822906,WDJ6673,52.0,0.0,40.0,12.0,5.5,52.0,A
367776660,2024-12-28T06:05:31,21.31417,-157.87931,7.4,314.9,319.0,MOUNT BAKER,IMO9822906,WDJ6673,52.0,0.0,40.0,12.0,5.5,52.0,A
367776660,2024-12-28T05:59:57,21.30761,-157.86994,5.8,251.1,270.0,MOUNT BAKER,IMO9822906,WDJ6673,52.0,0.0,40.0,12.0,5.5,52.0,A
367776660,2024-12-28T06:00:01,21.30758,-157.87006,5.9,256.2,272.0,MOUNT BAKER,IMO9822906,WDJ6673,52.0,0.0,40.0,12.0,5.5,52.0,A
367776660,2024-12-28T06:06:33,21.31592,-157.8807,7.2,327.0,333.0,MOUNT BAKER,IMO9822906,WDJ6673,52.0,0.0,40.0,12.0,5.5,52.0,A
367776660,2024-12-28T05:18:42,21.31008,-157.86798,0.0,19.4,163.0,MOUNT BAKER,IMO9822906,WDJ6673,52.0,0.0,40.0,12.0,5.5,52.0,A
367776660,2024-12-28T06:01:04,21.30816,-157.87201,7.0,302.3,306.0,MOUNT BAKER,IMO9822906,WDJ6673,52.0,0.0,40.0,12.0,5.5,52.0,A
367776660,2024-12-28T06:09:52,21.31854,-157.88112,0.7,8.9,193.0,MOUNT BAKER,IMO9822906,WDJ6673,52.0,0.0,40.0,12.0,5.5,52.0,A
367776660,2024-12-28T06:12:02,21.31883,-157.88104,0.1,344.1,183.0,MOUNT BAKER,IMO9822906,WDJ6673,52.0,0.0,40.0,12.0,5.5,52.0,A
367776660,2024-12-28T05:24:22,21.3101,-157.86799,0.0,19.4,163.0,MOUNT BAKER,IMO9822906,WDJ6673,52.0,0.0,40.0,12.0,5.5,52.0,A
367776660,2024-12-28T06:13:33,21.31863,-157.88104,0.2,38.9,187.0,MOUNT BAKER,IMO9822906,WDJ6673,52.0,0.0,40.0,12.0,5.5,52.0,A
367776660,2024-12-28T06:14:43,21.31865,-157.88102,0.0,38.9,186.0,MOUNT BAKER,IMO9822906,WDJ6673,52.0,0.0,40.0,12.0,5.5,52.0,A
367776660,2024-12-28T06:08:51,21.31854,-157.88106,1.0,8.6,57.0,MOUNT BAKER,IMO9822906,WDJ6673,52.0,0.0,40.0,12.0,5.5,52.0,A
367776660,2024-12-28T05:28:45,21.31005,-157.86801,0.0,19.4,163.0,MOUNT BAKER,IMO9822906,WDJ6673,52.0,5.0,40.0,12.0,5.5,52.0,A
367776660,2024-12-28T06:16:05,21.3186,-157.88093,0.0,38.9,184.0,MOUNT BAKER,IMO9822906,WDJ6673,52.0,0.0,40.0,12.0,5.5,52.0,A
367776660,2024-12-28T06:20:41,21.31846,-157.88076,0.0,56.6,181.0,MOUNT BAKER,IMO9822906,WDJ6673,52.0,0.0,40.0,12.0,5.5,52.0,A
367776660,2024-12-28T06:22:54,21.31847,-157.88075,0.0,56.6,178.0,MOUNT BAKER,IMO9822906,WDJ6673,52.0,0.0,40.0,12.0,5.5,52.0,A
367776660,2024-12-28T06:18:43,21.31856,-157.88084,0.0,38.9,188.0,MOUNT BAKER,IMO9822906,WDJ6673,52.0,0.0,40.0,12.0,5.5,52.0,A
367776660,2024-12-28T05:34:44,21.31011,-157.86796,0.0,19.4,163.0,MOUNT BAKER,IMO9822906,WDJ6673,52.0,5.0,40.0,12.0,5.5,52.0,A
367776660,2024-12-28T06:26:04,21.31847,-157.88073,0.0,56.6,180.0,MOUNT BAKER,IMO9822906,WDJ6673,52.0,0.0,40.0,12.0,5.5,52.0,A
367776660,2024-12-28T06:33:05,21.31846,-157.88084,0.0,56.6,180.0,MOUNT BAKER,IMO9822906,WDJ6673,52.0,0.0,40.0,12.0,5.5,52.0,A
367776660,2024-12-28T06:30:05,21.31844,-157.881,0.0,56.6,179.0,MOUNT BAKER,IMO9822906,WDJ6673,52.0,0.0,40.0,12.0,5.5,52.0,A
367776660,2024-12-28T06:24:44,21.31841,-157.88047,0.1,56.6,179.0,MOUNT BAKER,IMO9822906,WDJ6673,52.0,0.0,40.0,12.0,5.5,52.0,A
367776660,2024-12-28T06:28:34,21.31863,-157.8808,0.0,56.6,179.0,MOUNT BAKER,IMO9822906,WDJ6673,52.0,0.0,40.0,12.0,5.5,52.0,A
367776660,2024-12-28T06:34:24,21.31846,-157.88079,0.0,56.6,179.0,MOUNT BAKER,IMO9822906,WDJ6673,52.0,0.0,40.0,12.0,5.5,52.0,A
367776660,2024-12-28T06:27:15,21.31845,-157.8807,0.0,56.6,179.0,MOUNT BAKER,IMO9822906,WDJ6673,52.0,0.0,40.0,12.0,5.5,52.0,A
367776660,2024-12-28T06:36:54,21.31847,-157.88074,0.0,56.6,180.0,MOUNT BAKER,IMO9822906,WDJ6673,52.0,0.0,40.0,12.0,5.5,52.0,A
367776660,2024-12-28T06:38:54,21.31846,-157.88078,0.0,56.6,180.0,MOUNT BAKER,IMO9822906,WDJ6673,52.0,0.0,40.0,12.0,5.5,52.0,A
367776660,2024-12-28T06:40:34,21.31846,-157.8807,0.0,56.6,179.0,MOUNT BAKER,IMO9822906,WDJ6673,52.0,0.0,40.0,12.0,5.5,52.0,A
367776660,2024-12-28T06:41:44,21.31847,-157.88075,0.0,56.6,180.0,MOUNT BAKER,IMO9822906,WDJ6673,52.0,0.0,40.0,12.0,5.5,52.0,A
367776660,2024-12-28T06:35:34,21.31849,-157.88073,0.0,56.6,180.0,MOUNT BAKER,IMO9822906,WDJ6673,52.0,0.0,40.0,12.0,5.5,52.0,A
367776660,2024-12-28T06:44:44,21.31847,-157.88079,0.0,56.6,180.0,MOUNT BAKER,IMO9822906,WDJ6673,52.0,0.0,40.0,12.0,5.5,52.0,A
367776660,2024-12-28T06:45:55,21.31847,-157.88078,0.0,56.6,179.0,MOUNT BAKER,IMO9822906,WDJ6673,52.0,0.0,40.0,12.0,5.5,52.0,A
367776660,2024-12-28T06:48:54,21.31848,-157.88076,0.0,56.6,179.0,MOUNT BAKER,IMO9822906,WDJ6673,52.0,0.0,40.0,12.0,5.5,52.0,A
367776660,2024-12-28T06:50:04,21.31847,-157.88077,0.0,56.6,179.0,MOUNT BAKER,IMO9822906,WDJ6673,52.0,0.0,40.0,12.0,5.5,52.0,A
367776660,2024-12-28T06:03:14,21.31106,-157.87552,7.4,312.4,311.0,MOUNT BAKER,IMO9822906,WDJ6673,52.0,0.0,40.0,12.0,5.5,52.0,A
367776660,2024-12-28T06:42:55,21.31846,-157.88078,0.0,56.6,179.0,MOUNT BAKER,IMO9822906,WDJ6673,52.0,0.0,40.0,12.0,5.5,52.0,A
367776660,2024-12-28T06:54:44,21.31852,-157.88078,0.0,56.6,186.0,MOUNT BAKER,IMO9822906,WDJ6673,52.0,0.0,40.0,12.0,5.5,52.0,A
367776660,2024-12-28T06:57:23,21.31841,-157.88093,0.1,56.6,179.0,MOUNT BAKER,IMO9822906,WDJ6673,52.0,0.0,40.0,12.0,5.5,52.0,A
367776660,2024-12-28T06:07:43,21.31767,-157.88109,4.5,358.4,357.0,MOUNT BAKER,IMO9822906,WDJ6673,52.0,0.0,40.0,12.0,5.5,52.0,A
367776660,2024-12-28T06:59:44,21.31843,-157.88091,0.0,56.6,179.0,MOUNT BAKER,IMO9822906,WDJ6673,52.0,0.0,40.0,12.0,5.5,52.0,A
367776660,2024-12-28T06:51:54,21.31848,-157.88079,0.0,56.6,180.0,MOUNT BAKER,IMO9822906,WDJ6673,52.0,0.0,40.0,12.0,5.5,52.0,A
367776660,2024-12-28T07:01:04,21.31844,-157.88082,0.0,56.6,183.0,MOUNT BAKER,IMO9822906,WDJ6673,52.0,0.0,40.0,12.0,5.5,52.0,A
367776660,2024-12-28T06:58:33,21.31846,-157.8808,0.0,56.6,180.0,MOUNT BAKER,IMO9822906,WDJ6673,52.0,0.0,40.0,12.0,5.5,52.0,A
367776660,2024-12-28T07:02:11,21.31814,-157.88098,0.0,56.6,186.0,MOUNT BAKER,IMO9822906,WDJ6673,52.0,0.0,40.0,12.0,5.5,52.0,A
367776660,2024-12-28T06:17:23,21.31859,-157.88091,0.0,38.9,182.0,MOUNT BAKER,IMO9822906,WDJ6673,52.0,0.0,40.0,12.0,5.5,52.0,A
367776660,2024-12-28T07:00:01,21.31847,-157.88078,0.0,56.6,186.0,MOUNT BAKER,IMO9822906,WDJ6673,52.0,0.0,40.0,12.0,5.5,52.0,A
367776660,2024-12-28T06:21:43,21.31849,-157.88077,0.0,56.6,178.0,MOUNT BAKER,IMO9822906,WDJ6673,52.0,0.0,40.0,12.0,5.5,52.0,A
367776660,2024-12-28T07:07:45,21.31565,-157.88094,2.5,143.3,131.0,MOUNT BAKER,IMO9822906,WDJ6673,52.0,0.0,40.0,12.0,5.5,52.0,A
367776660,2024-12-28T07:03:24,21.31799,-157.88103,0.1,56.6,186.0,MOUNT BAKER,IMO9822906,WDJ6673,52.0,0.0,40.0,12.0,5.5,52.0,A
367776660,2024-12-28T07:13:43,21.31122,-157.87537,6.2,125.5,124.0,MOUNT BAKER,IMO9822906,WDJ6673,52.0,0.0,40.0,12.0,5.5,52.0,A
367776660,2024-12-28T07:16:34,21.30824,-157.87117,6.6,128.4,127.0,MOUNT BAKER,IMO9822906,WDJ6673,52.0,0.0,40.0,12.0,5.5,52.0,A
367776660,2024-12-28T07:12:24,21.31248,-157.87715,5.4,127.1,127.0,MOUNT BAKER,IMO9822906,WDJ6673,52.0,0.0,40.0,12.0,5.5,52.0,A
367776660,2024-12-28T07:18:21,21.306,-157.86894,6.0,150.8,154.0,MOUNT BAKER,IMO9822906,WDJ6673,52.0,0.0,40.0,12.0,5.5,52.0,A
367776660,2024-12-28T06:31:24,21.31854,-157.88062,0.0,56.6,179.0,MOUNT BAKER,IMO9822906,WDJ6673,52.0,0.0,40.0,12.0,5.5,52.0,A
367776660,2024-12-28T07:15:24,21.30951,-157.87288,6.1,128.6,127.0,MOUNT BAKER,IMO9822906,WDJ6673,52.0,0.0,40.0,12.0,5.5,52.0,A
367776660,2024-12-28T07:23:24,21.29815,-157.86974,6.1,203.6,200.0,MOUNT BAKER,IMO9822906,WDJ6673,52.0,0.0,40.0,12.0,5.5,52.0,A
367776660,2024-12-28T07:21:54,21.30047,-157.86856,5.9,199.9,202.0,MOUNT BAKER,IMO9822906,WDJ6673,52.0,0.0,40.0,12.0,5.5,52.0,A
367776660,2024-12-28T07:29:54,21.28802,-157.87715,7.1,232.0,230.0,MOUNT BAKER,IMO9822906,WDJ6673,52.0,0.0,40.0,12.0,5.5,52.0,A
367776660,2024-12-28T07:28:51,21.28937,-157.87543,7.0,226.2,228.0,MOUNT BAKER,IMO9822906,WDJ6673,52.0,0.0,40.0,12.0,5.5,52.0,A
367776660,2024-12-28T07:26:44,21.29265,-157.87276,7.0,209.4,207.0,MOUNT BAKER,IMO9822906,WDJ6673,52.0,0.0,40.0,12.0,5.5,52.0,A
367776660,2024-12-28T07:31:07,21.28667,-157.8792,7.1,234.5,234.0,MOUNT BAKER,IMO9822906,WDJ6673,52.0,0.0,40.0,12.0,5.5,52.0,A
367776660,2024-12-28T07:36:54,21.27985,-157.89036,7.2,237.1,236.0,MOUNT BAKER,IMO9822906,WDJ6673,52.0,0.0,40.0,12.0,5.5,52.0,A
367776660,2024-12-28T07:40:23,21.27616,-157.89624,7.0,236.5,237.0,MOUNT BAKER,IMO9822906,WDJ6673,52.0,0.0,40.0,12.0,5.5,52.0,A
367776660,2024-12-28T07:34:33,21.28256,-157.88592,7.9,236.4,237.0,MOUNT BAKER,IMO9822906,WDJ6673,52.0,0.0,40.0,12.0,5.5,52.0,A
367776660,2024-12-28T07:42:44,21.27367,-157.90007,7.7,236.1,237.0,MOUNT BAKER,IMO9822906,WDJ6673,52.0,0.0,40.0,12.0,5.5,52.0,A
367776660,2024-12-28T07:39:14,21.2773,-157.89435,6.9,235.9,236.0,MOUNT BAKER,IMO9822906,WDJ6673,52.0,0.0,40.0,12.0,5.5,52.0,A
367776660,2024-12-28T07:38:04,21.27858,-157.89241,7.0,235.5,237.0,MOUNT BAKER,IMO9822906,WDJ6673,52.0,0.0,40.0,12.0,5.5,52.0,A
367776660,2024-12-28T07:45:04,21.27044,-157.90538,9.6,236.8,236.0,MOUNT BAKER,IMO9822906,WDJ6673,52.0,0.0,40.0,12.0,5.5,52.0,A
367776660,2024-12-28T07:41:35,21.27493,-157.89806,6.2,235.5,236.0,MOUNT BAKER,IMO9822906,WDJ6673,52.0,0.0,40.0,12.0,5.5,52.0,A
367776660,2024-12-28T07:49:21,21.26406,-157.91565,9.7,237.2,237.0,MOUNT BAKER,IMO9822906,WDJ6673,52.0,0.0,40.0,12.0,5.5,52.0,A
367776660,2024-12-28T07:35:35,21.28137,-157.88788,7.7,236.9,237.0,MOUNT BAKER,IMO9822906,WDJ6673,52.0,0.0,40.0,12.0,5.5,52.0,A
367776660,2024-12-28T06:53:25,21.31846,-157.88076,0.0,56.6,179.0,MOUNT BAKER,IMO9822906,WDJ6673,52.0,0.0,40.0,12.0,5.5,52.0,A
367776660,2024-12-28T07:48:20,21.26559,-157.91316,9.7,236.9,236.0,MOUNT BAKER,IMO9822906,WDJ6673,52.0,0.0,40.0,12.0,5.5,52.0,A
367776660,2024-12-28T07:50:25,21.26246,-157.91817,9.7,236.4,237.0,MOUNT BAKER,IMO9822906,WDJ6673,52.0,0.0,40.0,12.0,5.5,52.0,A
367776660,2024-12-28T07:52:44,21.25889,-157.92381,9.8,235.7,236.0,MOUNT BAKER,IMO9822906,WDJ6673,52.0,0.0,40.0,12.0,5.5,52.0,A
367776660,2024-12-28T07:59:02,21.25047,-157.93993,9.9,248.8,248.0,MOUNT BAKER,IMO9822906,WDJ6673,52.0,0.0,40.0,12.0,5.5,52.0,A
367776660,2024-12-28T07:58:01,21.25159,-157.9369,9.9,245.6,248.0,MOUNT BAKER,IMO9822906,WDJ6673,52.0,0.0,40.0,12.0,5.5,52.0,A
367776660,2024-12-28T07:56:58,21.25282,-157.93426,9.9,242.8,242.0,MOUNT BAKER,IMO9822906,WDJ6673,52.0,0.0,40.0,12.0,5.5,52.0,A
367776660,2024-12-28T07:54:53,21.25564,-157.92906,9.9,236.9,236.0,MOUNT BAKER,IMO9822906,WDJ6673,52.0,0.0,40.0,12.0,5.5,52.0,A
367776660,2024-12-28T07:05:35,21.31713,-157.88117,0.1,56.6,188.0,MOUNT BAKER,IMO9822906,WDJ6673,52.0,0.0,40.0,12.0,5.5,52.0,A
367776660,2024-12-28T07:51:34,21.2607,-157.92095,9.8,235.5,236.0,MOUNT BAKER,IMO9822906,WDJ6673,52.0,0.0,40.0,12.0,5.5,52.0,A
367776660,2024-12-28T08:02:44,21.24688,-157.95011,9.9,249.5,246.0,MOUNT BAKER,IMO9822906,WDJ6673,52.0,0.0,40.0,12.0,5.5,52.0,A
367776660,2024-12-28T08:00:01,21.24947,-157.9426,9.9,248.3,249.0,MOUNT BAKER,IMO9822906,WDJ6673,52.0,0.0,40.0,12.0,5.5,52.0,A
367776660,2024-12-28T07:53:49,21.25727,-157.92639,9.8,235.9,237.0,MOUNT BAKER,IMO9822906,WDJ6673,52.0,0.0,40.0,12.0,5.5,52.0,A
367776660,2024-12-28T07:55:57,21.2541,-157.93171,10.0,241.4,243.0,MOUNT BAKER,IMO9822906,WDJ6673,52.0,0.0,40.0,12.0,5.5,52.0,A
367776660,2024-12-28T08:05:00,21.24463,-157.9562,9.8,248.4,246.0,MOUNT BAKER,IMO9822906,WDJ6673,52.0,0.0,40.0,12.0,5.5,52.0,A
367776660,2024-12-28T08:08:31,21.24132,-157.96589,9.8,249.7,247.0,MOUNT BAKER,IMO9822906,WDJ6673,52.0,0.0,40.0,12.0,5.5,52.0,A
367776660,2024-12-28T08:09:33,21.24025,-157.96872,9.8,248.5,247.0,MOUNT BAKER,IMO9822906,WDJ6673,52.0,0.0,40.0,12.0,5.5,52.0,A
367776660,2024-12-28T08:11:42,21.23813,-157.97449,9.8,248.8,247.0,MOUNT BAKER,IMO9822906,WDJ6673,52.0,0.0,40.0,12.0,5.5,52.0,A
367776660,2024-12-28T08:01:05,21.24846,-157.94554,9.9,249.5,248.0,MOUNT BAKER,IMO9822906,WDJ6673,52.0,0.0,40.0,12.0,5.5,52.0,A
367776660,2024-12-28T08:10:40,21.23918,-157.97166,9.8,248.3,247.0,MOUNT BAKER,IMO9822906,WDJ6673,52.0,0.0,40.0,12.0,5.5,52.0,A
367776660,2024-12-28T08:13:55,21.23601,-157.98051,9.7,250.2,248.0,MOUNT BAKER,IMO9822906,WDJ6673,52.0,0.0,40.0,12.0,5.5,52.0,A
367776660,2024-12-28T07:20:44,21.30223,-157.86791,5.9,185.6,194.0,MOUNT BAKER,IMO9822906,WDJ6673,52.0,0.0,40.0,12.0,5.5,52.0,A
367776660,2024-12-28T07:24:32,21.29637,-157.87061,6.6,207.5,208.0,MOUNT BAKER,IMO9822906,WDJ6673,52.0,0.0,40.0,12.0,5.5,52.0,A
367776660,2024-12-28T07:25:39,21.29449,-157.8717,6.8,208.1,206.0,MOUNT BAKER,IMO9822906,WDJ6673,52.0,0.0,40.0,12.0,5.5,52.0,A
367776660,2024-12-28T08:06:14,21.24341,-157.95957,9.9,249.6,248.0,MOUNT BAKER,IMO9822906,WDJ6673,52.0,0.0,40.0,12.0,5.5,52.0,A
367776660,2024-12-28T08:12:45,21.23713,-157.97732,9.7,249.2,248.0,MOUNT BAKER,IMO9822906,WDJ6673,52.0,0.0,40.0,12.0,5.5,52.0,A
367776660,2024-12-28T08:16:09,21.23394,-157.98645,9.7,250.0,248.0,MOUNT BAKER,IMO9822906,WDJ6673,52.0,0.0,40.0,12.0,5.5,52.0,A
367776660,2024-12-28T08:20:27,21.23012,-157.99826,9.9,256.5,254.0,MOUNT BAKER,IMO9822906,WDJ6673,52.0,0.0,40.0,12.0,5.5,52.0,A
367776660,2024-12-28T08:19:24,21.23096,-157.99532,9.8,250.5,247.0,MOUNT BAKER,IMO9822906,WDJ6673,52.0,0.0,40.0,12.0,5.5,52.0,A
367776660,2024-12-28T08:15:03,21.23497,-157.98348,9.7,249.2,247.0,MOUNT BAKER,IMO9822906,WDJ6673,52.0,0.0,40.0,12.0,5.5,52.0,A
367776660,2024-12-28T08:24:18,21.22797,-158.00927,9.8,258.9,258.0,MOUNT BAKER,IMO9822906,WDJ6673,52.0,0.0,40.0,12.0,5.5,52.0,A
367776660,2024-12-28T07:33:25,21.28394,-157.88367,8.3,236.5,236.0,MOUNT BAKER,IMO9822906,WDJ6673,52.0,0.0,40.0,12.0,5.5,52.0,A
367776660,2024-12-28T08:18:18,21.23193,-157.99237,9.7,250.9,248.0,MOUNT BAKER,IMO9822906,WDJ6673,52.0,0.0,40.0,12.0,5.5,52.0,A
367776660,2024-12-28T08:21:55,21.22924,-158.00245,9.8,258.8,256.0,MOUNT BAKER,IMO9822906,WDJ6673,52.0,0.0,40.0,12.0,5.5,52.0,A
367776660,2024-12-28T08:29:54,21.22516,-158.02517,9.7,269.0,269.0,MOUNT BAKER,IMO9822906,WDJ6673,52.0,0.0,40.0,12.0,5.5,52.0,A
367776660,2024-12-28T08:33:13,21.22559,-158.03474,9.7,271.6,271.0,MOUNT BAKER,IMO9822906,WDJ6673,52.0,0.0,40.0,12.0,5.5,52.0,A
367776660,2024-12-28T08:35:24,21.22574,-158.04108,9.8,271.9,271.0,MOUNT BAKER,IMO9822906,WDJ6673,52.0,0.0,40.0,12.0,5.5,52.0,A
367776660,2024-12-28T08:27:38,21.22618,-158.01874,9.7,258.7,257.0,MOUNT BAKER,IMO9822906,WDJ6673,52.0,0.0,40.0,12.0,5.5,52.0,A
367776660,2024-12-28T08:22:57,21.22872,-158.00542,9.8,259.4,257.0,MOUNT BAKER,IMO9822906,WDJ6673,52.0,0.0,40.0,12.0,5.5,52.0,A
367776660,2024-12-28T07:43:54,21.27214,-157.90261,9.2,236.8,237.0,MOUNT BAKER,IMO9822906,WDJ6673,52.0,0.0,40.0,12.0,5.5,52.0,A
367776660,2024-12-28T07:46:13,21.26874,-157.90812,9.7,235.6,235.0,MOUNT BAKER,IMO9822906,WDJ6673,52.0,0.0,40.0,12.0,5.5,52.0,A
367776660,2024-12-28T07:47:16,21.26717,-157.91061,9.7,236.6,238.0,MOUNT BAKER,IMO9822906,WDJ6673,52.0,0.0,40.0,12.0,5.5,52.0,A
367776660,2024-12-28T08:26:36,21.22675,-158.01582,9.7,258.2,257.0,MOUNT BAKER,IMO9822906,WDJ6673,52.0,0.0,40.0,12.0,5.5,52.0,A
367776660,2024-12-28T08:38:34,21.22583,-158.05021,9.6,270.6,270.0,MOUNT BAKER,IMO9822906,WDJ6673,52.0,0.0,40.0,12.0,5.5,52.0,A
367776660,2024-12-28T08:28:52,21.22552,-158.02218,9.7,258.4,258.0,MOUNT BAKER,IMO9822906,WDJ6673,52.0,0.0,40.0,12.0,5.5,52.0,A
367776660,2024-12-28T08:34:15,21.22566,-158.03768,9.8,271.4,269.0,MOUNT BAKER,IMO9822906,WDJ6673,52.0,0.0,40.0,12.0,5.5,52.0,A
367776660,2024-12-28T08:37:29,21.22583,-158.04709,9.7,270.3,268.0,MOUNT BAKER,IMO9822906,WDJ6673,52.0,0.0,40.0,12.0,5.5,52.0,A
367776660,2024-12-28T08:45:55,21.22596,-158.07103,9.4,270.0,270.0,MOUNT BAKER,IMO9822906,WDJ6673,52.0,0.0,40.0,12.0,5.5,52.0,A
367776660,2024-12-28T08:39:35,21.22589,-158.05308,9.7,271.6,269.0,MOUNT BAKER,IMO9822906,WDJ6673,52.0,0.0,40.0,12.0,5.5,52.0,A
367776660,2024-12-28T08:42:45,21.22594,-158.06218,9.5,269.9,268.0,MOUNT BAKER,IMO9822906,WDJ6673,52.0,0.0,40.0,12.0,5.5,52.0,A
367776660,2024-12-28T08:40:36,21.22592,-158.05599,9.7,270.3,271.0,MOUNT BAKER,IMO9822906,WDJ6673,52.0,0.0,40.0,12.0,5.5,52.0,A
367776660,2024-12-28T08:49:08,21.22582,-158.07994,9.4,269.0,270.0,MOUNT BAKER,IMO9822906,WDJ6673,52.0,0.0,40.0,12.0,5.5,52.0,A
367776660,2024-12-28T08:36:28,21.2258,-158.04416,9.7,271.0,269.0,MOUNT BAKER,IMO9822906,WDJ6673,52.0,0.0,40.0,12.0,5.5,52.0,A
367776660,2024-12-28T08:53:20,21.22558,-158.09155,9.4,268.1,268.0,MOUNT BAKER,IMO9822906,WDJ6673,52.0,0.0,40.0,12.0,5.5,52.0,A
367776660,2024-12-28T08:54:45,21.22545,-158.09549,9.4,268.2,270.0,MOUNT BAKER,IMO9822906,WDJ6673,52.0,0.0,40.0,12.0,5.5,52.0,A
367776660,2024-12-28T08:56:57,21.22571,-158.10155,9.5,274.0,274.0,MOUNT BAKER,IMO9822906,WDJ6673,52.0,0.0,40.0,12.0,5.5,52.0,A
367776660,2024-12-28T08:55:46,21.22556,-158.0983,9.4,273.6,273.0,MOUNT BAKER,IMO9822906,WDJ6673,52.0,0.0,40.0,12.0,5.5,52.0,A
367776660,2024-12-28T08:51:13,21.22568,-158.08571,9.3,269.3,269.0,MOUNT BAKER,IMO9822906,WDJ6673,52.0,0.0,40.0,12.0,5.5,52.0,A
367776660,2024-12-28T08:48:05,21.22588,-158.07705,9.3,269.0,270.0,MOUNT BAKER,IMO9822906,WDJ6673,52.0,0.0,40.0,12.0,5.5,52.0,A
367776660,2024-12-28T09:02:05,21.22648,-158.11578,9.4,274.3,281.0,MOUNT BAKER,IMO9822906,WDJ6673,52.0,0.0,40.0,12.0,5.5,52.0,A
367776660,2024-12-28T08:59:59,21.22618,-158.10993,9.4,273.9,273.0,MOUNT BAKER,IMO9822906,WDJ6673,52.0,0.0,40.0,12.0,5.5,52.0,A
367776660,2024-12-28T09:01:00,21.22629,-158.11281,9.4,273.2,274.0,MOUNT BAKER,IMO9822906,WDJ6673,52.0,0.0,40.0,12.0,5.5,52.0,A
367776660,2024-12-28T09:04:24,21.22786,-158.12209,9.4,285.9,287.0,MOUNT BAKER,IMO9822906,WDJ6673,52.0,0.0,40.0,12.0,5.5,52.0,A
367776660,2024-12-28T09:06:34,21.22979,-158.12772,9.4,299.1,300.0,MOUNT BAKER,IMO9822906,WDJ6673,52.0,0.0,40.0,12.0,5.5,52.0,A
367776660,2024-12-28T08:58:01,21.2259,-158.10453,9.4,273.7,274.0,MOUNT BAKER,IMO9822906,WDJ6673,52.0,0.0,40.0,12.0,5.5,52.0,A
367776660,2024-12-28T09:09:47,21.23407,-158.13521,9.1,302.0,303.0,MOUNT BAKER,IMO9822906,WDJ6673,52.0,0.0,40.0,12.0,5.5,52.0,A
367776660,2024-12-28T09:10:54,21.23561,-158.13776,9.3,302.0,302.0,MOUNT BAKER,IMO9822906,WDJ6673,52.0,0.0,40.0,12.0,5.5,52.0,A
367776660,2024-12-28T09:12:14,21.23749,-158.14093,9.3,302.1,302.0,MOUNT BAKER,IMO9822906,WDJ6673,52.0,0.0,40.0,12.0,5.5,52.0,A
367776660,2024-12-28T09:13:19,21.23889,-158.14349,9.3,300.2,302.0,MOUNT BAKER,IMO9822906,WDJ6673,52.0,0.0,40.0,12.0,5.5,52.0,A
367776660,2024-12-28T09:15:28,21.24193,-158.14853,9.4,302.6,302.0,MOUNT BAKER,IMO9822906,WDJ6673,52.0,0.0,40.0,12.0,5.5,52.0,A
367776660,2024-12-28T09:21:56,21.25115,-158.16364,9.4,301.5,302.0,MOUNT BAKER,IMO9822906,WDJ6673,52.0,0.0,40.0,12.0,5.5,52.0,A
367776660,2024-12-28T09:03:10,21.22702,-158.11879,9.3,284.3,286.0,MOUNT BAKER,IMO9822906,WDJ6673,52.0,0.0,40.0,12.0,5.5,52.0,A
367776660,2024-12-28T09:23:05,21.25268,-158.16641,9.6,300.0,300.0,MOUNT BAKER,IMO9822906,WDJ6673,52.0,0.0,40.0,12.0,5.5,52.0,A
367776660,2024-12-28T09:19:49,21.24811,-158.15869,9.3,303.2,303.0,MOUNT BAKER,IMO9822906,WDJ6673,52.0,0.0,40.0,12.0,5.5,52.0,A
367776660,2024-12-28T09:18:47,21.24663,-158.15623,9.3,303.0,305.0,MOUNT BAKER,IMO9822906,WDJ6673,52.0,0.0,40.0,12.0,5.5,52.0,A
367776660,2024-12-28T09:08:37,21.23251,-158.13253,9.3,301.9,302.0,MOUNT BAKER,IMO9822906,WDJ6673,52.0,0.0,40.0,12.0,5.5,52.0,A
367776660,2024-12-28T09:27:37,21.25908,-158.1774,9.5,302.9,304.0,MOUNT BAKER,IMO9822906,WDJ6673,52.0,0.0,40.0,12.0,5.5,52.0,A
367776660,2024-12-28T09:31:56,21.26518,-158.18759,9.3,300.0,299.0,MOUNT BAKER,IMO9822906,WDJ6673,52.0,0.0,40.0,12.0,5.5,52.0,A
367776660,2024-12-28T09:25:24,21.25587,-158.17211,9.6,303.3,304.0,MOUNT BAKER,IMO9822906,WDJ6673,52.0,0.0,40.0,12.0,5.5,52.0,A
367776660,2024-12-28T08:31:04,21.22525,-158.02853,9.7,272.9,271.0,MOUNT BAKER,IMO9822906,WDJ6673,52.0,0.0,40.0,12.0,5.5,52.0,A
367776660,2024-12-28T08:32:12,21.22546,-158.0318,9.7,274.6,274.0,MOUNT BAKER,IMO9822906,WDJ6673,52.0,0.0,40.0,12.0,5.5,52.0,A
367776660,2024-12-28T09:33:00,21.26653,-158.19013,9.3,300.0,300.0,MOUNT BAKER,IMO9822906,WDJ6673,52.0,0.0,40.0,12.0,5.5,52.0,A
367776660,2024-12-28T09:16:39,21.24357,-158.15127,9.4,303.1,304.0,MOUNT BAKER,IMO9822906,WDJ6673,52.0,0.0,40.0,12.0,5.5,52.0,A
367776660,2024-12-28T09:17:40,21.24502,-158.15367,9.3,302.5,304.0,MOUNT BAKER,IMO9822906,WDJ6673,52.0,0.0,40.0,12.0,5.5,52.0,A
367776660,2024-12-28T09:30:55,21.2638,-158.18512,9.2,301.4,301.0,MOUNT BAKER,IMO9822906,WDJ6673,52.0,0.0,40.0,12.0,5.5,52.0,A
367776660,2024-12-28T09:40:37,21.27626,-158.20819,9.4,299.7,300.0,MOUNT BAKER,IMO9822906,WDJ6673,52.0,0.0,40.0,12.0,5.5,52.0,A
367776660,2024-12-28T09:43:48,21.28043,-158.21593,9.2,299.6,301.0,MOUNT BAKER,IMO9822906,WDJ6673,52.0,0.0,40.0,12.0,5.5,52.0,A
367776660,2024-12-28T08:41:44,21.22594,-158.05928,9.6,270.0,268.0,MOUNT BAKER,IMO9822906,WDJ6673,52.0,0.0,40.0,12.0,5.5,52.0,A
367776660,2024-12-28T09:26:34,21.25753,-158.17486,9.4,302.6,305.0,MOUNT BAKER,IMO9822906,WDJ6673,52.0,0.0,40.0,12.0,5.5,52.0,A
367776660,2024-12-28T09:37:23,21.27212,-158.20052,9.1,299.6,302.0,MOUNT BAKER,IMO9822906,WDJ6673,52.0,0.0,40.0,12.0,5.5,52.0,A
367776660,2024-12-28T09:44:49,21.28172,-158.21832,9.0,299.3,302.0,MOUNT BAKER,IMO9822906,WDJ6673,52.0,0.0,40.0,12.0,5.5,52.0,A
367776660,2024-12-28T09:45:52,21.28309,-158.22079,9.4,300.6,301.0,MOUNT BAKER,IMO9822906,WDJ6673,52.0,0.0,40.0,12.0,5.5,52.0,A
367776660,2024-12-28T09:47:06,21.28469,-158.22372,9.3,299.8,300.0,MOUNT BAKER,IMO9822906,WDJ6673,52.0,0.0,40.0,12.0,5.5,52.0,A
367776660,2024-12-28T08:43:46,21.22596,-158.06499,9.3,270.1,268.0,MOUNT BAKER,IMO9822906,WDJ6673,52.0,0.0,40.0,12.0,5.5,52.0,A
367776660,2024-12-28T09:28:38,21.26057,-158.17978,9.5,304.1,304.0,MOUNT BAKER,IMO9822906,WDJ6673,52.0,0.0,40.0,12.0,5.5,52.0,A
367776660,2024-12-28T09:41:39,21.27761,-158.21075,9.4,299.1,301.0,MOUNT BAKER,IMO9822906,WDJ6673,52.0,0.0,40.0,12.0,5.5,52.0,A
367776660,2024-12-28T09:50:17,21.28879,-158.23134,9.5,300.3,302.0,MOUNT BAKER,IMO9822906,WDJ6673,52.0,0.0,40.0,12.0,5.5,52.0,A
367776660,2024-12-28T09:54:27,21.29429,-158.24148,9.3,298.9,302.0,MOUNT BAKER,IMO9822906,WDJ6673,52.0,0.0,40.0,12.0,5.5,52.0,A
367776660,2024-12-28T09:49:14,21.28744,-158.22883,9.3,299.3,301.0,MOUNT BAKER,IMO9822906,WDJ6673,52.0,0.0,40.0,12.0,5.5,52.0,A
367776660,2024-12-28T09:57:41,21.29849,-158.24921,9.3,299.8,300.0,MOUNT BAKER,IMO9822906,WDJ6673,52.0,0.0,40.0,12.0,5.5,52.0,A
367776660,2024-12-28T09:58:42,21.2998,-158.25165,9.2,300.1,302.0,MOUNT BAKER,IMO9822906,WDJ6673,52.0,0.0,40.0,12.0,5.5,52.0,A
367776660,2024-12-28T09:51:18,21.29018,-158.23385,9.5,300.4,301.0,MOUNT BAKER,IMO9822906,WDJ6673,52.0,0.0,40.0,12.0,5.5,52.0,A
367776660,2024-12-28T09:59:43,21.30115,-158.25404,9.5,300.5,301.0,MOUNT BAKER,IMO9822906,WDJ6673,52.0,0.0,40.0,12.0,5.5,52.0,A
367776660,2024-12-28T08:59:28,21.22612,-158.10854,9.4,273.3,274.0,MOUNT BAKER,IMO9822906,WDJ6673,52.0,0.0,40.0,12.0,5.5,52.0,A
367776660,2024-12-28T09:42:45,21.27907,-158.21337,9.4,299.8,301.0,MOUNT BAKER,IMO9822906,WDJ6673,52.0,0.0,40.0,12.0,5.5,52.0,A
367776660,2024-12-28T10:00:17,21.30192,-158.25544,9.4,300.9,300.0,MOUNT BAKER,IMO9822906,WDJ6673,52.0,0.0,40.0,12.0,5.5,52.0,A
367776660,2024-12-28T10:01:23,21.30334,-158.25813,9.3,298.6,301.0,MOUNT BAKER,IMO9822906,WDJ6673,52.0,0.0,40.0,12.0,5.5,52.0,A
367776660,2024-12-28T09:48:07,21.28598,-158.22612,9.3,299.6,300.0,MOUNT BAKER,IMO9822906,WDJ6673,52.0,0.0,40.0,12.0,5.5,52.0,A
367776660,2024-12-28T09:52:19,21.29153,-158.23629,9.5,300.1,299.0,MOUNT BAKER,IMO9822906,WDJ6673,52.0,0.0,40.0,12.0,5.5,52.0,A
367776660,2024-12-28T09:05:29,21.22865,-158.12499,9.3,287.9,288.0,MOUNT BAKER,IMO9822906,WDJ6673,52.0,0.0,40.0,12.0,5.5,52.0,A
367776660,2024-12-28T10:05:44,21.30895,-158.26866,9.3,299.3,301.0,MOUNT BAKER,IMO9822906,WDJ6673,52.0,0.0,40.0,12.0,5.5,52.0,A
367776660,2024-12-28T09:55:30,21.29565,-158.24397,9.3,300.1,301.0,MOUNT BAKER,IMO9822906,WDJ6673,52.0,0.0,40.0,12.0,5.5,52.0,A
367776660,2024-12-28T10:08:04,21.31201,-158.2742,9.4,300.9,302.0,MOUNT BAKER,IMO9822906,WDJ6673,52.0,0.0,40.0,12.0,5.5,52.0,A
367776660,2024-12-28T09:07:35,21.2311,-158.13007,9.1,300.4,302.0,MOUNT BAKER,IMO9822906,WDJ6673,52.0,0.0,40.0,12.0,5.5,52.0,A
367776660,2024-12-28T09:56:40,21.29713,-158.24674,9.1,299.9,300.0,MOUNT BAKER,IMO9822906,WDJ6673,52.0,0.0,40.0,12.0,5.5,52.0,A
367776660,2024-12-28T10:09:07,21.31353,-158.27659,9.3,302.0,302.0,MOUNT BAKER,IMO9822906,WDJ6673,52.0,0.0,40.0,12.0,5.5,52.0,A
367776660,2024-12-28T10:03:40,21.30626,-158.26368,9.5,300.1,301.0,MOUNT BAKER,IMO9822906,WDJ6673,52.0,0.0,40.0,12.0,5.5,52.0,A
367776660,2024-12-28T10:11:22,21.31666,-158.28193,9.4,302.6,303.0,MOUNT BAKER,IMO9822906,WDJ6673,52.0,0.0,40.0,12.0,5.5,52.0,A
367776660,2024-12-28T09:14:25,21.24041,-158.14606,9.2,303.2,304.0,MOUNT BAKER,IMO9822906,WDJ6673,52.0,0.0,40.0,12.0,5.5,52.0,A
367776660,2024-12-28T10:14:44,21.32137,-158.2899,9.5,302.8,305.0,MOUNT BAKER,IMO9822906,WDJ6673,52.0,0.0,40.0,12.0,5.5,52.0,A
367776660,2024-12-28T10:12:24,21.31815,-158.28442,9.5,302.2,304.0,MOUNT BAKER,IMO9822906,WDJ6673,52.0,0.0,40.0,12.0,5.5,52.0,A
367776660,2024-12-28T10:02:34,21.30487,-158.26104,9.5,299.1,301.0,MOUNT BAKER,IMO9822906,WDJ6673,52.0,0.0,40.0,12.0,5.5,52.0,A
367776660,2024-12-28T10:19:53,21.3286,-158.30205,9.5,301.8,304.0,MOUNT BAKER,IMO9822906,WDJ6673,52.0,0.0,40.0,12.0,5.5,52.0,A
367776660,2024-12-28T10:18:51,21.32716,-158.29966,9.4,302.7,305.0,MOUNT BAKER,IMO9822906,WDJ6673,52.0,0.0,40.0,12.0,5.5,52.0,A
367776660,2024-12-28T10:06:54,21.31044,-158.27137,9.3,302.3,304.0,MOUNT BAKER,IMO9822906,WDJ6673,52.0,0.0,40.0,12.0,5.5,52.0,A
367776660,2024-12-28T10:23:28,21.33366,-158.31062,9.6,301.5,304.0,MOUNT BAKER,IMO9822906,WDJ6673,52.0,0.0,40.0,12.0,5.5,52.0,A
367776660,2024-12-28T10:24:31,21.33514,-158.31306,8.9,302.0,303.0,MOUNT BAKER,IMO9822906,WDJ6673,52.0,0.0,40.0,12.0,5.5,52.0,A
367776660,2024-12-28T10:10:14,21.31509,-158.27927,9.5,302.2,303.0,MOUNT BAKER,IMO9822906,WDJ6673,52.0,0.0,40.0,12.0,5.5,52.0,A
367776660,2024-12-28T09:24:14,21.25424,-158.16927,9.5,299.5,300.0,MOUNT BAKER,IMO9822906,WDJ6673,52.0,0.0,40.0,12.0,5.5,52.0,A
367776660,2024-12-28T10:16:47,21.32428,-158.29473,9.5,302.6,303.0,MOUNT BAKER,IMO9822906,WDJ6673,52.0,0.0,40.0,12.0,5.5,52.0,A
367776660,2024-12-28T10:27:51,21.33975,-158.32083,9.4,302.3,304.0,MOUNT BAKER,IMO9822906,WDJ6673,52.0,0.0,40.0,12.0,5.5,52.0,A
367776660,2024-12-28T10:22:14,21.33197,-158.30764,9.5,302.0,304.0,MOUNT BAKER,IMO9822906,WDJ6673,52.0,0.0,40.0,12.0,5.5,52.0,A
367776660,2024-12-28T10:28:59,21.34134,-158.32344,9.3,302.4,303.0,MOUNT BAKER,IMO9822906,WDJ6673,52.0,0.0,40.0,12.0,5.5,52.0,A
367776660,2024-12-28T10:30:02,21.34284,-158.32592,9.4,303.3,305.0,MOUNT BAKER,IMO9822906,WDJ6673,52.0,0.0,40.0,12.0,5.5,52.0,A
367776660,2024-12-28T10:31:15,21.3446,-158.3288,9.5,302.6,304.0,MOUNT BAKER,IMO9822906,WDJ6673,52.0,0.0,40.0,12.0,5.5,52.0,A
367776660,2024-12-28T10:17:48,21.32566,-158.29716,9.4,302.0,303.0,MOUNT BAKER,IMO9822906,WDJ6673,52.0,0.0,40.0,12.0,5.5,52.0,A
367776660,2024-12-28T10:26:37,21.33799,-158.3179,9.4,302.6,303.0,MOUNT BAKER,IMO9822906,WDJ6673,52.0,0.0,40.0,12.0,5.5,52.0,A
367776660,2024-12-28T10:32:25,21.34621,-158.33151,9.4,302.6,303.0,MOUNT BAKER,IMO9822906,WDJ6673,52.0,0.0,40.0,12.0,5.5,52.0,A
367776660,2024-12-28T10:33:31,21.34774,-158.33408,9.4,301.9,304.0,MOUNT BAKER,IMO9822906,WDJ6673,52.0,0.0,40.0,12.0,5.5,52.0,A
367776660,2024-12-28T10:34:32,21.34915,-158.33646,9.4,301.9,303.0,MOUNT BAKER,IMO9822906,WDJ6673,52.0,0.0,40.0,12.0,5.5,52.0,A
367776660,2024-12-28T10:20:57,21.33015,-158.30462,9.3,301.6,303.0,MOUNT BAKER,IMO9822906,WDJ6673,52.0,0.0,40.0,12.0,5.5,52.0,A
367776660,2024-12-28T10:36:39,21.35207,-158.3415,9.4,302.6,304.0,MOUNT BAKER,IMO9822906,WDJ6673,52.0,0.0,40.0,12.0,5.5,52.0,A
367776660,2024-12-28T10:37:40,21.35353,-158.34386,9.3,302.0,303.0,MOUNT BAKER,IMO9822906,WDJ6673,52.0,0.0,40.0,12.0,5.5,52.0,A
367776660,2024-12-28T10:46:52,21.36614,-158.36494,9.2,303.7,306.0,MOUNT BAKER,IMO9822906,WDJ6673,52.0,0.0,40.0,12.0,5.5,52.0,A
367776660,2024-12-28T10:48:00,21.36776,-158.36749,9.2,304.6,307.0,MOUNT BAKER,IMO9822906,WDJ6673,52.0,0.0,40.0,12.0,5.5,52.0,A
367776660,2024-12-28T10:35:34,21.35058,-158.33891,9.3,302.0,303.0,MOUNT BAKER,IMO9822906,WDJ6673,52.0,0.0,40.0,12.0,5.5,52.0,A
367776660,2024-12-28T10:50:20,21.37118,-158.37278,9.2,304.7,306.0,MOUNT BAKER,IMO9822906,WDJ6673,52.0,0.0,40.0,12.0,5.5,52.0,A
367776660,2024-12-28T10:43:37,21.36168,-158.35749,9.2,301.9,304.0,MOUNT BAKER,IMO9822906,WDJ6673,52.0,0.0,40.0,12.0,5.5,52.0,A
367776660,2024-12-28T10:52:47,21.37471,-158.37814,9.1,305.2,306.0,MOUNT BAKER,IMO9822906,WDJ6673,52.0,0.0,40.0,12.0,5.5,52.0,A
367776660,2024-12-28T10:55:48,21.37906,-158.38489,9.1,304.1,306.0,MOUNT BAKER,IMO9822906,WDJ6673,52.0,0.0,40.0,12.0,5.5,52.0,A
367776660,2024-12-28T10:39:57,21.35668,-158.34902,9.1,301.8,304.0,MOUNT BAKER,IMO9822906,WDJ6673,52.0,0.0,40.0,12.0,5.5,52.0,A
367776660,2024-12-28T10:58:02,21.38225,-158.38996,9.1,303.4,306.0,MOUNT BAKER,IMO9822906,WDJ6673,52.0,0.0,40.0,12.0,5.5,52.0,A
367776660,2024-12-28T10:44:45,21.36324,-158.36008,9.2,302.6,303.0,MOUNT BAKER,IMO9822906,WDJ6673,52.0,0.0,40.0,12.0,5.5,52.0,A
367776660,2024-12-28T10:54:01,21.37651,-158.38092,9.1,304.8,306.0,MOUNT BAKER,IMO9822906,WDJ6673,52.0,0.0,40.0,12.0,5.5,52.0,A
367776660,2024-12-28T10:51:37,21.37303,-158.37563,9.0,304.2,306.0,MOUNT BAKER,IMO9822906,WDJ6673,52.0,0.0,40.0,12.0,5.5,52.0,A
367776660,2024-12-28T11:03:20,21.38979,-158.40182,9.0,304.2,305.0,MOUNT BAKER,IMO9822906,WDJ6673,52.0,0.0,40.0,12.0,5.5,52.0,A
367776660,2024-12-28T01:03:56,21.31018,-157.86794,0.0,19.4,166.0,MOUNT BAKER,IMO9822906,WDJ6673,52.0,5.0,40.0,12.0,5.5,52.0,A
367776660,2024-12-28T11:00:01,21.38508,-158.39436,9.1,303.9,306.0,MOUNT BAKER,IMO9822906,WDJ6673,52.0,0.0,40.0,12.0,5.5,52.0,A
367776660,2024-12-28T11:07:45,21.39605,-158.41164,9.0,304.4,307.0,MOUNT BAKER,IMO9822906,WDJ6673,52.0,0.0,40.0,12.0,5.5,52.0,A
367776660,2024-12-28T10:59:16,21.38396,-158.39264,9.0,304.7,306.0,MOUNT BAKER,IMO9822906,WDJ6673,52.0,0.0,40.0,12.0,5.5,52.0,A
367776660,2024-12-28T11:04:30,21.39148,-158.40446,9.0,303.6,306.0,MOUNT BAKER,IMO9822906,WDJ6673,52.0,0.0,40.0,12.0,5.5,52.0,A
367776660,2024-12-28T11:05:35,21.393,-158.40683,9.1,303.6,305.0,MOUNT BAKER,IMO9822906,WDJ6673,52.0,0.0,40.0,12.0,5.5,52.0,A
367776660,2024-12-28T11:02:11,21.38818,-158.39927,9.3,304.4,307.0,MOUNT BAKER,IMO9822906,WDJ6673,52.0,0.0,40.0,12.0,5.5,52.0,A
367776660,2024-12-28T11:09:11,21.39805,-158.4148,9.0,303.5,305.0,MOUNT BAKER,IMO9822906,WDJ6673,52.0,0.0,40.0,12.0,5.5,52.0,A
367776660,2024-12-28T11:15:12,21.40653,-158.42815,9.0,303.7,306.0,MOUNT BAKER,IMO9822906,WDJ6673,52.0,0.0,40.0,12.0,5.5,52.0,A
367776660,2024-12-28T11:17:45,21.41012,-158.43382,9.1,303.7,306.0,MOUNT BAKER,IMO9822906,WDJ6673,52.0,0.0,40.0,12.0,5.5,52.0,A
367776660,2024-12-28T11:12:28,21.40265,-158.42201,9.0,303.9,305.0,MOUNT BAKER,IMO9822906,WDJ6673,52.0,0.0,40.0,12.0,5.5,52.0,A
367776660,2024-12-28T10:13:25,21.31951,-158.28676,9.4,301.3,303.0,MOUNT BAKER,IMO9822906,WDJ6673,52.0,0.0,40.0,12.0,5.5,52.0,A
367776660,2024-12-28T11:06:43,21.3946,-158.40931,8.9,304.1,305.0,MOUNT BAKER,IMO9822906,WDJ6673,52.0,0.0,40.0,12.0,5.5,52.0,A
367776660,2024-12-28T11:13:54,21.40469,-158.42521,9.3,303.7,305.0,MOUNT BAKER,IMO9822906,WDJ6673,52.0,0.0,40.0,12.0,5.5,52.0,A
367776660,2024-12-28T11:23:27,21.41813,-158.44639,8.9,303.4,306.0,MOUNT BAKER,IMO9822906,WDJ6673,52.0,0.0,40.0,12.0,5.5,52.0,A
367776660,2024-12-28T11:24:34,21.41968,-158.44885,8.9,304.6,305.0,MOUNT BAKER,IMO9822906,WDJ6673,52.0,0.0,40.0,12.0,5.5,52.0,A
367776660,2024-12-28T11:25:38,21.42116,-158.45114,9.1,304.8,306.0,MOUNT BAKER,IMO9822906,WDJ6673,52.0,0.0,40.0,12.0,5.5,52.0,A
367776660,2024-12-28T11:20:51,21.41448,-158.44065,9.0,304.2,306.0,MOUNT BAKER,IMO9822906,WDJ6673,52.0,0.0,40.0,12.0,5.5,52.0,A
367776660,2024-12-28T11:19:24,21.41245,-158.43746,9.1,304.2,306.0,MOUNT BAKER,IMO9822906,WDJ6673,52.0,0.0,40.0,12.0,5.5,52.0,A
367776660,2024-12-28T11:31:07,21.4287,-158.46319,9.1,303.6,306.0,MOUNT BAKER,IMO9822906,WDJ6673,52.0,0.0,40.0,12.0,5.5,52.0,A
367776660,2024-12-28T11:33:44,21.43234,-158.46911,9.2,303.9,305.0,MOUNT BAKER,IMO9822906,WDJ6673,52.0,0.0,40.0,12.0,5.5,52.0,A
367776660,2024-12-28T11:34:48,21.43381,-158.47151,9.0,303.2,305.0,MOUNT BAKER,IMO9822906,WDJ6673,52.0,0.0,40.0,12.0,5.5,52.0,A
367776660,2024-12-28T11:28:52,21.4256,-158.45823,8.8,303.4,305.0,MOUNT BAKER,IMO9822906,WDJ6673,52.0,0.0,40.0,12.0,5.5,52.0,A
367776660,2024-12-28T11:22:18,21.41654,-158.44385,9.0,304.9,306.0,MOUNT BAKER,IMO9822906,WDJ6673,52.0,0.0,40.0,12.0,5.5,52.0,A
367776660,2024-12-28T10:25:33,21.33654,-158.31541,9.2,302.7,305.0,MOUNT BAKER,IMO9822906,WDJ6673,52.0,0.0,40.0,12.0,5.5,52.0,A
367776660,2024-12-28T11:41:01,21.44238,-158.48569,9.3,303.2,306.0,MOUNT BAKER,IMO9822906,WDJ6673,52.0,0.0,40.0,12.0,5.5,52.0,A
367776660,2024-12-28T11:43:27,21.44575,-158.49115,9.1,302.5,306.0,MOUNT BAKER,IMO9822906,WDJ6673,52.0,0.0,40.0,12.0,5.5,52.0,A
367776660,2024-12-28T11:40:00,21.44093,-158.48334,9.1,301.9,305.0,MOUNT BAKER,IMO9822906,WDJ6673,52.0,0.0,40.0,12.0,5.5,52.0,A
367776660,2024-12-28T11:46:38,21.45019,-158.49832,9.1,304.3,304.0,MOUNT BAKER,IMO9822906,WDJ6673,52.0,0.0,40.0,12.0,5.5,52.0,A
367776660,2024-12-28T11:36:38,21.43634,-158.47565,9.1,303.4,305.0,MOUNT BAKER,IMO9822906,WDJ6673,52.0,0.0,40.0,12.0,5.5,52.0,A
367776660,2024-12-28T10:38:45,21.355,-158.34628,9.1,302.9,304.0,MOUNT BAKER,IMO9822906,WDJ6673,52.0,0.0,40.0,12.0,5.5,52.0,A
367776660,2024-12-28T11:42:05,21.44385,-158.48809,9.0,302.9,305.0,MOUNT BAKER,IMO9822906,WDJ6673,52.0,0.0,40.0,12.0,5.5,52.0,A
367776660,2024-12-28T10:41:24,21.35864,-158.35236,9.0,301.7,303.0,MOUNT BAKER,IMO9822906,WDJ6673,52.0,0.0,40.0,12.0,5.5,52.0,A
367776660,2024-12-28T11:58:01,21.4665,-158.52424,9.3,305.0,306.0,MOUNT BAKER,IMO9822906,WDJ6673,52.0,0.0,40.0,12.0,5.5,52.0,A
367776660,2024-12-28T11:48:14,21.45242,-158.50199,9.1,304.0,306.0,MOUNT BAKER,IMO9822906,WDJ6673,52.0,0.0,40.0,12.0,5.5,52.0,A
367776660,2024-12-28T11:59:05,21.46806,-158.52665,9.2,305.5,305.0,MOUNT BAKER,IMO9822906,WDJ6673,52.0,0.0,40.0,12.0,5.5,52.0,A
367776660,2024-12-28T11:49:39,21.45443,-158.50521,9.2,303.3,305.0,MOUNT BAKER,IMO9822906,WDJ6673,52.0,0.0,40.0,12.0,5.5,52.0,A
367776660,2024-12-28T11:55:28,21.4628,-158.51842,9.3,303.5,307.0,MOUNT BAKER,IMO9822906,WDJ6673,52.0,0.0,40.0,12.0,5.5,52.0,A
367776660,2024-12-28T12:00:00,21.46944,-158.52879,9.4,305.0,305.0,MOUNT BAKER,IMO9822906,WDJ6673,52.0,0.0,40.0,12.0,5.5,52.0,A
367776660,2024-12-28T12:02:57,21.47379,-158.53538,9.3,305.3,305.0,MOUNT BAKER,IMO9822906,WDJ6673,52.0,0.0,40.0,12.0,5.5,52.0,A
367776660,2024-12-28T10:49:05,21.3693,-158.36991,9.3,304.1,306.0,MOUNT BAKER,IMO9822906,WDJ6673,52.0,0.0,40.0,12.0,5.5,52.0,A
367776660,2024-12-28T11:56:51,21.46479,-158.52156,9.3,304.2,307.0,MOUNT BAKER,IMO9822906,WDJ6673,52.0,0.0,40.0,12.0,5.5,52.0,A
367776660,2024-12-28T12:06:08,21.47852,-158.54267,9.2,305.1,307.0,MOUNT BAKER,IMO9822906,WDJ6673,52.0,0.0,40.0,12.0,5.5,52.0,A
367776660,2024-12-28T12:07:10,21.48003,-158.54496,9.5,305.5,306.0,MOUNT BAKER,IMO9822906,WDJ6673,52.0,0.0,40.0,12.0,5.5,52.0,A
367776660,2024-12-28T12:08:12,21.48166,-158.54739,9.3,305.7,305.0,MOUNT BAKER,IMO9822906,WDJ6673,52.0,0.0,40.0,12.0,5.5,52.0,A
367776660,2024-12-28T12:11:20,21.48647,-158.55461,9.5,304.8,304.0,MOUNT BAKER,IMO9822906,WDJ6673,52.0,0.0,40.0,12.0,5.5,52.0,A
367776660,2024-12-28T11:01:04,21.38658,-158.39674,9.2,304.1,305.0,MOUNT BAKER,IMO9822906,WDJ6673,52.0,0.0,40.0,12.0,5.5,52.0,A
367776660,2024-12-28T12:09:15,21.48321,-158.54977,9.5,305.3,305.0,MOUNT BAKER,IMO9822906,WDJ6673,52.0,0.0,40.0,12.0,5.5,52.0,A
367776660,2024-12-28T12:13:34,21.48987,-158.55975,9.6,305.8,306.0,MOUNT BAKER,IMO9822906,WDJ6673,52.0,0.0,40.0,12.0,5.5,52.0,A
367776660,2024-12-28T12:16:01,21.49365,-158.56538,9.6,306.7,308.0,MOUNT BAKER,IMO9822906,WDJ6673,52.0,0.0,40.0,12.0,5.5,52.0,A
367776660,2024-12-28T12:23:56,21.50599,-158.58368,9.7,305.8,305.0,MOUNT BAKER,IMO9822906,WDJ6673,52.0,0.0,40.0,12.0,5.5,52.0,A
367776660,2024-12-28T12:18:08,21.49695,-158.57031,9.5,305.4,305.0,MOUNT BAKER,IMO9822906,WDJ6673,52.0,0.0,40.0,12.0,5.5,52.0,A
367776660,2024-12-28T12:22:43,21.50413,-158.58089,9.4,306.0,305.0,MOUNT BAKER,IMO9822906,WDJ6673,52.0,0.0,40.0,12.0,5.5,52.0,A
367776660,2024-12-28T12:20:17,21.50027,-158.57525,9.3,305.8,306.0,MOUNT BAKER,IMO9822906,WDJ6673,52.0,0.0,40.0,12.0,5.5,52.0,A
367776660,2024-12-28T12:26:27,21.50993,-158.58936,9.5,306.0,305.0,MOUNT BAKER,IMO9822906,WDJ6673,52.0,0.0,40.0,12.0,5.5,52.0,A
367776660,2024-12-28T12:28:34,21.51332,-158.59428,9.6,306.3,305.0,MOUNT BAKER,IMO9822906,WDJ6673,52.0,0.0,40.0,12.0,5.5,52.0,A
367776660,2024-12-28T12:25:07,21.50786,-158.58635,9.4,305.7,304.0,MOUNT BAKER,IMO9822906,WDJ6673,52.0,0.0,40.0,12.0,5.5,52.0,A
367776660,2024-12-28T12:29:47,21.51523,-158.59704,9.5,307.0,304.0,MOUNT BAKER,IMO9822906,WDJ6673,52.0,0.0,40.0,12.0,5.5,52.0,A
367776660,2024-12-28T12:27:31,21.51161,-158.59183,9.7,306.3,306.0,MOUNT BAKER,IMO9822906,WDJ6673,52.0,0.0,40.0,12.0,5.5,52.0,A
367776660,2024-12-28T12:31:01,21.5172,-158.59984,9.6,306.5,307.0,MOUNT BAKER,IMO9822906,WDJ6673,52.0,0.0,40.0,12.0,5.5,52.0,A
367776660,2024-12-28T12:34:28,21.52267,-158.60762,9.7,303.0,301.0,MOUNT BAKER,IMO9822906,WDJ6673,52.0,0.0,40.0,12.0,5.5,52.0,A
367776660,2024-12-28T12:41:17,21.53242,-158.62427,9.7,300.0,296.0,MOUNT BAKER,IMO9822906,WDJ6673,52.0,0.0,40.0,12.0,5.5,52.0,A
367776660,2024-12-28T12:37:20,21.52679,-158.61452,9.6,302.0,301.0,MOUNT BAKER,IMO9822906,WDJ6673,52.0,0.0,40.0,12.0,5.5,52.0,A
367776660,2024-12-28T12:39:52,21.53043,-158.62074,9.8,302.6,300.0,MOUNT BAKER,IMO9822906,WDJ6673,52.0,0.0,40.0,12.0,5.5,52.0,A
367776660,2024-12-28T12:45:07,21.53763,-158.63385,9.5,299.8,299.0,MOUNT BAKER,IMO9822906,WDJ6673,52.0,0.0,40.0,12.0,5.5,52.0,A
367776660,2024-12-28T12:46:11,21.53913,-158.6365,9.7,301.4,300.0,MOUNT BAKER,IMO9822906,WDJ6673,52.0,0.0,40.0,12.0,5.5,52.0,A
367776660,2024-12-28T12:43:28,21.53542,-158.6298,9.8,299.9,299.0,MOUNT BAKER,IMO9822906,WDJ6673,52.0,0.0,40.0,12.0,5.5,52.0,A
367776660,2024-12-28T12:49:49,21.54384,-158.6457,9.7,298.3,296.0,MOUNT BAKER,IMO9822906,WDJ6673,52.0,0.0,40.0,12.0,5.5,52.0,A
367776660,2024-12-28T12:48:47,21.54252,-158.64309,9.6,298.0,294.0,MOUNT BAKER,IMO9822906,WDJ6673,52.0,0.0,40.0,12.0,5.5,52.0,A
367776660,2024-12-28T12:47:21,21.54067,-158.63942,9.7,299.1,295.0,MOUNT BAKER,IMO9822906,WDJ6673,52.0,0.0,40.0,12.0,5.5,52.0,A
367776660,2024-12-28T12:51:01,21.54532,-158.64885,9.7,298.8,295.0,MOUNT BAKER,IMO9822906,WDJ6673,52.0,0.0,40.0,12.0,5.5,52.0,A
367776660,2024-12-28T12:56:41,21.55236,-158.66314,9.6,297.1,298.0,MOUNT BAKER,IMO9822906,WDJ6673,52.0,0.0,40.0,12.0,5.5,52.0,A
367776660,2024-12-28T12:52:04,21.54666,-158.65146,9.7,297.6,298.0,MOUNT BAKER,IMO9822906,WDJ6673,52.0,0.0,40.0,12.0,5.5,52.0,A
367776660,2024-12-28T12:53:23,21.54829,-158.65482,9.6,297.6,298.0,MOUNT BAKER,IMO9822906,WDJ6673,52.0,0.0,40.0,12.0,5.5,52.0,A
367776660,2024-12-28T12:54:31,21.54969,-158.65771,9.7,298.1,295.0,MOUNT BAKER,IMO9822906,WDJ6673,52.0,0.0,40.0,12.0,5.5,52.0,A
367776660,2024-12-28T13:00:00,21.55641,-158.67147,9.5,296.1,297.0,MOUNT BAKER,IMO9822906,WDJ6673,52.0,0.0,40.0,12.0,5.5,52.0,A
367776660,2024-12-28T12:58:34,21.55468,-158.66793,9.3,295.8,297.0,MOUNT BAKER,IMO9822906,WDJ6673,52.0,0.0,40.0,12.0,5.5,52.0,A
367776660,2024-12-28T13:03:05,21.56022,-158.67932,9.6,297.1,297.0,MOUNT BAKER,IMO9822906,WDJ6673,52.0,0.0,40.0,12.0,5.5,52.0,A
367776660,2024-12-28T13:01:01,21.55767,-158.67405,9.6,296.8,295.0,MOUNT BAKER,IMO9822906,WDJ6673,52.0,0.0,40.0,12.0,5.5,52.0,A
367776660,2024-12-28T13:02:04,21.55889,-158.67678,9.5,298.0,299.0,MOUNT BAKER,IMO9822906,WDJ6673,52.0,0.0,40.0,12.0,5.5,52.0,A
367776660,2024-12-28T13:04:27,21.56187,-158.68277,9.5,297.3,295.0,MOUNT BAKER,IMO9822906,WDJ6673,52.0,0.0,40.0,12.0,5.5,52.0,A
367776660,2024-12-28T11:54:20,21.46116,-158.51583,9.3,304.1,306.0,MOUNT BAKER,IMO9822906,WDJ6673,52.0,0.0,40.0,12.0,5.5,52.0,A
367776660,2024-12-28T13:05:28,21.56313,-158.68531,9.5,297.0,299.0,MOUNT BAKER,IMO9822906,WDJ6673,52.0,0.0,40.0,12.0,5.5,52.0,A
367776660,2024-12-28T13:12:31,21.57186,-158.70286,9.5,297.2,297.0,MOUNT BAKER,IMO9822906,WDJ6673,52.0,0.0,40.0,12.0,5.5,52.0,A
367776660,2024-12-28T13:09:58,21.56882,-158.69657,9.5,298.3,299.0,MOUNT BAKER,IMO9822906,WDJ6673,52.0,0.0,40.0,12.0,5.5,52.0,A
367776660,2024-12-28T13:14:40,21.57455,-158.70827,9.4,296.2,295.0,MOUNT BAKER,IMO9822906,WDJ6673,52.0,0.0,40.0,12.0,5.5,52.0,A
367776660,2024-12-28T13:15:43,21.5758,-158.71095,9.5,296.2,294.0,MOUNT BAKER,IMO9822906,WDJ6673,52.0,0.0,40.0,12.0,5.5,52.0,A
367776660,2024-12-28T13:13:38,21.57331,-158.70564,9.6,297.8,297.0,MOUNT BAKER,IMO9822906,WDJ6673,52.0,0.0,40.0,12.0,5.5,52.0,A
367776660,2024-12-28T12:03:58,21.47529,-158.53768,9.2,305.7,306.0,MOUNT BAKER,IMO9822906,WDJ6673,52.0,0.0,40.0,12.0,5.5,52.0,A
367776660,2024-12-28T13:17:00,21.57734,-158.71411,9.3,297.4,298.0,MOUNT BAKER,IMO9822906,WDJ6673,52.0,0.0,40.0,12.0,5.5,52.0,A
367776660,2024-12-28T13:20:30,21.58154,-158.72288,9.5,298.2,297.0,MOUNT BAKER,IMO9822906,WDJ6673,52.0,0.0,40.0,12.0,5.5,52.0,A
367776660,2024-12-28T13:21:35,21.58289,-158.72561,9.7,297.0,297.0,MOUNT BAKER,IMO9822906,WDJ6673,52.0,0.0,40.0,12.0,5.5,52.0,A
367776660,2024-12-28T13:24:43,21.58671,-158.7336,9.5,297.6,297.0,MOUNT BAKER,IMO9822906,WDJ6673,52.0,0.0,40.0,12.0,5.5,52.0,A
367776660,2024-12-28T13:23:01,21.58459,-158.72928,9.5,297.3,297.0,MOUNT BAKER,IMO9822906,WDJ6673,52.0,0.0,40.0,12.0,5.5,52.0,A
367776660,2024-12-28T13:19:27,21.58025,-158.72023,9.4,297.5,297.0,MOUNT BAKER,IMO9822906,WDJ6673,52.0,0.0,40.0,12.0,5.5,52.0,A
367776660,2024-12-28T12:12:21,21.488,-158.55693,9.5,306.0,304.0,MOUNT BAKER,IMO9822906,WDJ6673,52.0,0.0,40.0,12.0,5.5,52.0,A
367776660,2024-12-28T13:28:27,21.59116,-158.74306,9.5,296.1,295.0,MOUNT BAKER,IMO9822906,WDJ6673,52.0,0.0,40.0,12.0,5.5,52.0,A
367776660,2024-12-28T13:27:01,21.58951,-158.73942,9.5,295.6,296.0,MOUNT BAKER,IMO9822906,WDJ6673,52.0,0.0,40.0,12.0,5.5,52.0,A
367776660,2024-12-28T13:29:28,21.59232,-158.74574,9.6,296.0,296.0,MOUNT BAKER,IMO9822906,WDJ6673,52.0,0.0,40.0,12.0,5.5,52.0,A
367776660,2024-12-28T12:14:50,21.49182,-158.56268,9.4,305.7,305.0,MOUNT BAKER,IMO9822906,WDJ6673,52.0,0.0,40.0,12.0,5.5,52.0,A
367776660,2024-12-28T12:17:06,21.49537,-158.56791,9.6,305.8,305.0,MOUNT BAKER,IMO9822906,WDJ6673,52.0,0.0,40.0,12.0,5.5,52.0,A
367776660,2024-12-28T13:33:36,21.5971,-158.75641,9.8,295.6,295.0,MOUNT BAKER,IMO9822906,WDJ6673,52.0,0.0,40.0,12.0,5.5,52.0,A
367776660,2024-12-28T13:32:28,21.59581,-158.75348,9.7,295.1,294.0,MOUNT BAKER,IMO9822906,WDJ6673,52.0,0.0,40.0,12.0,5.5,52.0,A
367776660,2024-12-28T13:35:00,21.59867,-158.76009,9.8,295.2,295.0,MOUNT BAKER,IMO9822906,WDJ6673,52.0,0.0,40.0,12.0,5.5,52.0,A
367776660,2024-12-28T13:44:45,21.6107,-158.78524,9.9,299.7,298.0,MOUNT BAKER,IMO9822906,WDJ6673,52.0,0.0,40.0,12.0,5.5,52.0,A
367776660,2024-12-28T13:48:00,21.61499,-158.79345,9.7,300.2,298.0,MOUNT BAKER,IMO9822906,WDJ6673,52.0,0.0,40.0,12.0,5.5,52.0,A
367776660,2024-12-28T13:42:36,21.60785,-158.77973,9.6,298.3,298.0,MOUNT BAKER,IMO9822906,WDJ6673,52.0,0.0,40.0,12.0,5.5,52.0,A
367776660,2024-12-28T13:43:41,21.60923,-158.78252,9.9,298.5,298.0,MOUNT BAKER,IMO9822906,WDJ6673,52.0,0.0,40.0,12.0,5.5,52.0,A
367776660,2024-12-28T13:50:17,21.61807,-158.79905,9.7,302.2,302.0,MOUNT BAKER,IMO9822906,WDJ6673,52.0,0.0,40.0,12.0,5.5,52.0,A
367776660,2024-12-28T13:46:50,21.61344,-158.79048,9.6,299.7,299.0,MOUNT BAKER,IMO9822906,WDJ6673,52.0,0.0,40.0,12.0,5.5,52.0,A
367776660,2024-12-28T13:45:48,21.61212,-158.78795,9.7,299.2,299.0,MOUNT BAKER,IMO9822906,WDJ6673,52.0,0.0,40.0,12.0,5.5,52.0,A
367776660,2024-12-28T13:51:19,21.61955,-158.80168,9.8,302.0,301.0,MOUNT BAKER,IMO9822906,WDJ6673,52.0,0.0,40.0,12.0,5.5,52.0,A
367776660,2024-12-28T13:52:24,21.62117,-158.80433,9.8,303.5,304.0,MOUNT BAKER,IMO9822906,WDJ6673,52.0,0.0,40.0,12.0,5.5,52.0,A
367776660,2024-12-28T13:49:15,21.61668,-158.79657,9.5,300.1,299.0,MOUNT BAKER,IMO9822906,WDJ6673,52.0,0.0,40.0,12.0,5.5,52.0,A
367776660,2024-12-28T13:54:30,21.6243,-158.8094,9.8,303.7,303.0,MOUNT BAKER,IMO9822906,WDJ6673,52.0,0.0,40.0,12.0,5.5,52.0,A
367776660,2024-12-28T12:38:24,21.52835,-158.61712,9.6,301.5,299.0,MOUNT BAKER,IMO9822906,WDJ6673,52.0,0.0,40.0,12.0,5.5,52.0,A
367776660,2024-12-28T13:53:27,21.62273,-158.80686,9.7,303.4,302.0,MOUNT BAKER,IMO9822906,WDJ6673,52.0,0.0,40.0,12.0,5.5,52.0,A
367776660,2024-12-28T13:55:33,21.6259,-158.81193,9.6,304.3,303.0,MOUNT BAKER,IMO9822906,WDJ6673,52.0,0.0,40.0,12.0,5.5,52.0,A
367776660,2024-12-28T13:58:03,21.62957,-158.81787,9.6,304.3,303.0,MOUNT BAKER,IMO9822906,WDJ6673,52.0,0.0,40.0,12.0,5.5,52.0,A
367776660,2024-12-28T13:56:51,21.62779,-158.81496,9.7,304.4,304.0,MOUNT BAKER,IMO9822906,WDJ6673,52.0,0.0,40.0,12.0,5.5,52.0,A
367776660,2024-12-28T13:59:12,21.63132,-158.82063,9.8,303.8,304.0,MOUNT BAKER,IMO9822906,WDJ6673,52.0,0.0,40.0,12.0,5.5,52.0,A
367776660,2024-12-28T14:02:08,21.63578,-158.82765,9.5,304.0,303.0,MOUNT BAKER,IMO9822906,WDJ6673,52.0,0.0,40.0,12.0,5.5,52.0,A
367776660,2024-12-28T14:01:02,21.63408,-158.825,9.7,304.2,302.0,MOUNT BAKER,IMO9822906,WDJ6673,52.0,0.0,40.0,12.0,5.5,52.0,A
367776660,2024-12-28T14:04:22,21.63911,-158.83295,9.5,304.2,304.0,MOUNT BAKER,IMO9822906,WDJ6673,52.0,0.0,40.0,12.0,5.5,52.0,A
367776660,2024-12-28T14:00:01,21.63256,-158.82261,9.9,304.0,303.0,MOUNT BAKER,IMO9822906,WDJ6673,52.0,0.0,40.0,12.0,5.5,52.0,A
367776660,2024-12-28T14:06:29,21.64239,-158.83805,9.9,304.7,303.0,MOUNT BAKER,IMO9822906,WDJ6673,52.0,0.0,40.0,12.0,5.5,52.0,A
367776660,2024-12-28T14:05:23,21.64068,-158.83535,9.7,304.3,301.0,MOUNT BAKER,IMO9822906,WDJ6673,52.0,0.0,40.0,12.0,5.5,52.0,A
367776660,2024-12-28T14:08:00,21.64473,-158.84173,9.8,303.9,302.0,MOUNT BAKER,IMO9822906,WDJ6673,52.0,0.0,40.0,12.0,5.5,52.0,A
367776660,2024-12-28T14:09:07,21.64643,-158.84436,9.8,303.8,302.0,MOUNT BAKER,IMO9822906,WDJ6673,52.0,0.0,40.0,12.0,5.5,52.0,A
367776660,2024-12-28T14:12:18,21.65122,-158.85199,9.6,305.0,303.0,MOUNT BAKER,IMO9822906,WDJ6673,52.0,0.0,40.0,12.0,5.5,52.0,A
367776660,2024-12-28T14:11:17,21.64975,-158.84961,9.5,303.2,304.0,MOUNT BAKER,IMO9822906,WDJ6673,52.0,0.0,40.0,12.0,5.5,52.0,A
367776660,2024-12-28T14:13:34,21.65319,-158.85506,9.6,304.3,302.0,MOUNT BAKER,IMO9822906,WDJ6673,52.0,0.0,40.0,12.0,5.5,52.0,A
367776660,2024-12-28T14:16:48,21.65816,-158.86274,9.8,304.4,301.0,MOUNT BAKER,IMO9822906,WDJ6673,52.0,0.0,40.0,12.0,5.5,52.0,A
367776660,2024-12-28T14:10:14,21.64813,-158.84711,9.8,304.1,300.0,MOUNT BAKER,IMO9822906,WDJ6673,52.0,0.0,40.0,12.0,5.5,52.0,A
367776660,2024-12-28T14:19:30,21.66223,-158.86917,9.6,305.2,302.0,MOUNT BAKER,IMO9822906,WDJ6673,52.0,0.0,40.0,12.0,5.5,52.0,A
367776660,2024-12-28T14:22:28,21.66677,-158.87631,9.7,304.6,303.0,MOUNT BAKER,IMO9822906,WDJ6673,52.0,0.0,40.0,12.0,5.5,52.0,A
367776660,2024-12-28T14:29:01,21.67695,-158.89212,9.8,304.3,303.0,MOUNT BAKER,IMO9822906,WDJ6673,52.0,0.0,40.0,12.0,5.5,52.0,A
367776660,2024-12-28T14:27:10,21.6741,-158.88766,9.8,304.0,302.0,MOUNT BAKER,IMO9822906,WDJ6673,52.0,0.0,40.0,12.0,5.5,52.0,A
367776660,2024-12-28T14:39:00,21.69224,-158.91587,9.6,303.8,302.0,MOUNT BAKER,IMO9822906,WDJ6673,52.0,0.0,40.0,12.0,5.5,52.0,A
367776660,2024-12-28T14:32:14,21.68186,-158.8998,9.7,305.1,303.0,MOUNT BAKER,IMO9822906,WDJ6673,52.0,0.0,40.0,12.0,5.5,52.0,A
367776660,2024-12-28T14:42:05,21.69704,-158.92324,9.9,304.9,304.0,MOUNT BAKER,IMO9822906,WDJ6673,52.0,0.0,40.0,12.0,5.5,52.0,A
367776660,2024-12-28T14:33:40,21.68407,-158.90319,9.8,304.4,303.0,MOUNT BAKER,IMO9822906,WDJ6673,52.0,0.0,40.0,12.0,5.5,52.0,A
367776660,2024-12-28T14:35:09,21.68635,-158.90675,9.7,305.2,303.0,MOUNT BAKER,IMO9822906,WDJ6673,52.0,0.0,40.0,12.0,5.5,52.0,A
367776660,2024-12-28T14:43:11,21.69877,-158.9259,10.0,303.9,303.0,MOUNT BAKER,IMO9822906,WDJ6673,52.0,0.0,40.0,12.0,5.5,52.0,A
367776660,2024-12-28T14:40:52,21.69515,-158.92034,9.8,305.1,302.0,MOUNT BAKER,IMO9822906,WDJ6673,52.0,0.0,40.0,12.0,5.5,52.0,A
367776660,2024-12-28T14:51:58,21.71263,-158.94695,9.8,305.0,304.0,MOUNT BAKER,IMO9822906,WDJ6673,52.0,0.0,40.0,12.0,5.5,52.0,A
367776660,2024-12-28T14:53:37,21.71523,-158.95091,9.9,305.1,304.0,MOUNT BAKER,IMO9822906,WDJ6673,52.0,0.0,40.0,12.0,5.5,52.0,A
367776660,2024-12-28T14:46:24,21.70388,-158.93367,9.8,305.5,302.0,MOUNT BAKER,IMO9822906,WDJ6673,52.0,0.0,40.0,12.0,5.5,52.0,A
367776660,2024-12-28T14:56:10,21.71931,-158.95696,9.9,305.5,303.0,MOUNT BAKER,IMO9822906,WDJ6673,52.0,0.0,40.0,12.0,5.5,52.0,A
367776660,2024-12-28T14:57:12,21.72097,-158.95945,9.9,305.8,304.0,MOUNT BAKER,IMO9822906,WDJ6673,52.0,0.0,40.0,12.0,5.5,52.0,A
367776660,2024-12-28T14:49:27,21.70871,-158.94096,9.8,306.0,302.0,MOUNT BAKER,IMO9822906,WDJ6673,52.0,0.0,40.0,12.0,5.5,52.0,A
367776660,2024-12-28T14:50:52,21.7109,-158.94433,9.9,304.7,302.0,MOUNT BAKER,IMO9822906,WDJ6673,52.0,0.0,40.0,12.0,5.5,52.0,A
367776660,2024-12-28T13:30:41,21.59375,-158.74885,9.6,296.2,295.0,MOUNT BAKER,IMO9822906,WDJ6673,52.0,0.0,40.0,12.0,5.5,52.0,A
367776660,2024-12-28T14:54:45,21.71705,-158.9536,9.6,306.3,303.0,MOUNT BAKER,IMO9822906,WDJ6673,52.0,0.0,40.0,12.0,5.5,52.0,A
367776660,2024-12-28T15:02:22,21.72915,-158.97167,9.8,305.4,302.0,MOUNT BAKER,IMO9822906,WDJ6673,52.0,0.0,40.0,12.0,5.5,52.0,A
367776660,2024-12-28T13:36:54,21.60092,-158.76509,9.7,295.2,294.0,MOUNT BAKER,IMO9822906,WDJ6673,52.0,0.0,40.0,12.0,5.5,52.0,A
367776660,2024-12-28T15:00:03,21.72549,-158.96619,9.7,305.2,303.0,MOUNT BAKER,IMO9822906,WDJ6673,52.0,0.0,40.0,12.0,5.5,52.0,A
367776660,2024-12-28T13:40:01,21.60456,-158.77315,9.6,297.0,298.0,MOUNT BAKER,IMO9822906,WDJ6673,52.0,0.0,40.0,12.0,5.5,52.0,A
367776660,2024-12-28T15:01:11,21.72727,-158.96887,9.7,305.8,303.0,MOUNT BAKER,IMO9822906,WDJ6673,52.0,0.0,40.0,12.0,5.5,52.0,A
367776660,2024-12-28T15:03:24,21.7308,-158.97415,10.0,305.3,302.0,MOUNT BAKER,IMO9822906,WDJ6673,52.0,0.0,40.0,12.0,5.5,52.0,A
367776660,2024-12-28T15:05:35,21.73434,-158.97938,9.8,305.0,303.0,MOUNT BAKER,IMO9822906,WDJ6673,52.0,0.0,40.0,12.0,5.5,52.0,A
367776660,2024-12-28T15:06:37,21.73598,-158.98194,10.0,306.4,302.0,MOUNT BAKER,IMO9822906,WDJ6673,52.0,0.0,40.0,12.0,5.5,52.0,A
367776660,2024-12-28T15:19:01,21.75583,-159.01211,10.1,305.0,302.0,MOUNT BAKER,IMO9822906,WDJ6673,52.0,0.0,40.0,12.0,5.5,52.0,A
367776660,2024-12-28T14:03:20,21.63759,-158.83056,9.9,303.9,303.0,MOUNT BAKER,IMO9822906,WDJ6673,52.0,0.0,40.0,12.0,5.5,52.0,A
367776660,2024-12-28T15:24:37,21.76489,-159.02577,10.0,306.2,302.0,MOUNT BAKER,IMO9822906,WDJ6673,52.0,0.0,40.0,12.0,5.5,52.0,A
367776660,2024-12-28T15:25:48,21.76678,-159.02866,10.0,305.2,301.0,MOUNT BAKER,IMO9822906,WDJ6673,52.0,0.0,40.0,12.0,5.5,52.0,A
367776660,2024-12-28T15:29:08,21.77216,-159.03678,9.8,305.6,303.0,MOUNT BAKER,IMO9822906,WDJ6673,52.0,0.0,40.0,12.0,5.5,52.0,A
367776660,2024-12-28T15:27:13,21.76906,-159.03213,10.1,305.6,303.0,MOUNT BAKER,IMO9822906,WDJ6673,52.0,0.0,40.0,12.0,5.5,52.0,A
367776660,2024-12-28T15:31:54,21.77661,-159.04343,10.0,306.1,302.0,MOUNT BAKER,IMO9822906,WDJ6673,52.0,0.0,40.0,12.0,5.5,52.0,A
367776660,2024-12-28T15:37:13,21.78521,-159.05611,9.9,305.6,302.0,MOUNT BAKER,IMO9822906,WDJ6673,52.0,0.0,40.0,12.0,5.5,52.0,A
367776660,2024-12-28T15:38:34,21.78742,-159.05937,10.0,306.1,302.0,MOUNT BAKER,IMO9822906,WDJ6673,52.0,0.0,40.0,12.0,5.5,52.0,A
367776660,2024-12-28T15:39:37,21.78909,-159.06187,9.7,306.0,302.0,MOUNT BAKER,IMO9822906,WDJ6673,52.0,0.0,40.0,12.0,5.5,52.0,A
367776660,2024-12-28T15:43:00,21.79446,-159.06997,9.8,305.8,301.0,MOUNT BAKER,IMO9822906,WDJ6673,52.0,0.0,40.0,12.0,5.5,52.0,A
367776660,2024-12-28T15:47:46,21.80205,-159.08135,9.8,305.7,302.0,MOUNT BAKER,IMO9822906,WDJ6673,52.0,0.0,40.0,12.0,5.5,52.0,A
367776660,2024-12-28T15:49:15,21.80438,-159.08488,10.0,305.6,304.0,MOUNT BAKER,IMO9822906,WDJ6673,52.0,0.0,40.0,12.0,5.5,52.0,A
367776660,2024-12-28T15:45:27,21.79835,-159.07577,9.9,305.8,301.0,MOUNT BAKER,IMO9822906,WDJ6673,52.0,0.0,40.0,12.0,5.5,52.0,A
367776660,2024-12-28T14:24:08,21.66934,-158.88027,9.9,303.9,302.0,MOUNT BAKER,IMO9822906,WDJ6673,52.0,0.0,40.0,12.0,5.5,52.0,A
367776660,2024-12-28T15:46:44,21.80038,-159.07888,9.8,305.5,304.0,MOUNT BAKER,IMO9822906,WDJ6673,52.0,0.0,40.0,12.0,5.5,52.0,A
367776660,2024-12-28T14:25:28,21.67141,-158.88352,9.8,304.0,302.0,MOUNT BAKER,IMO9822906,WDJ6673,52.0,0.0,40.0,12.0,5.5,52.0,A
367776660,2024-12-28T15:53:27,21.81127,-159.09505,10.0,305.4,301.0,MOUNT BAKER,IMO9822906,WDJ6673,52.0,0.0,40.0,12.0,5.5,52.0,A
367776660,2024-12-28T15:52:03,21.80898,-159.09162,10.0,306.5,304.0,MOUNT BAKER,IMO9822906,WDJ6673,52.0,0.0,40.0,12.0,5.5,52.0,A
367776660,2024-12-28T15:50:50,21.80697,-159.08871,10.0,305.8,304.0,MOUNT BAKER,IMO9822906,WDJ6673,52.0,0.0,40.0,12.0,5.5,52.0,A
367776660,2024-12-28T15:55:59,21.81532,-159.10106,9.8,306.1,303.0,MOUNT BAKER,IMO9822906,WDJ6673,52.0,0.0,40.0,12.0,5.5,52.0,A
367776660,2024-12-28T16:00:38,21.82287,-159.1122,9.7,307.1,304.0,MOUNT BAKER,IMO9822906,WDJ6673,52.0,0.0,40.0,12.0,5.5,52.0,A
367776660,2024-12-28T15:59:32,21.8211,-159.10962,9.9,306.4,303.0,MOUNT BAKER,IMO9822906,WDJ6673,52.0,0.0,40.0,12.0,5.5,52.0,A
367776660,2024-12-28T16:01:42,21.82461,-159.11466,9.8,307.5,302.0,MOUNT BAKER,IMO9822906,WDJ6673,52.0,0.0,40.0,12.0,5.5,52.0,A
367776660,2024-12-28T15:58:28,21.81933,-159.10702,10.0,306.1,302.0,MOUNT BAKER,IMO9822906,WDJ6673,52.0,0.0,40.0,12.0,5.5,52.0,A
367776660,2024-12-28T16:02:43,21.82627,-159.11703,9.8,306.3,301.0,MOUNT BAKER,IMO9822906,WDJ6673,52.0,0.0,40.0,12.0,5.5,52.0,A
367776660,2024-12-28T16:03:45,21.82795,-159.11947,9.9,305.8,302.0,MOUNT BAKER,IMO9822906,WDJ6673,52.0,0.0,40.0,12.0,5.5,52.0,A
367776660,2024-12-28T16:05:50,21.83138,-159.12445,9.8,306.1,302.0,MOUNT BAKER,IMO9822906,WDJ6673,52.0,0.0,40.0,12.0,5.5,52.0,A
367776660,2024-12-28T16:08:10,21.83517,-159.13002,9.9,306.1,303.0,MOUNT BAKER,IMO9822906,WDJ6673,52.0,0.0,40.0,12.0,5.5,52.0,A
367776660,2024-12-28T16:09:14,21.83691,-159.13257,10.0,306.4,303.0,MOUNT BAKER,IMO9822906,WDJ6673,52.0,0.0,40.0,12.0,5.5,52.0,A
367776660,2024-12-28T16:13:18,21.84355,-159.14235,10.0,306.5,303.0,MOUNT BAKER,IMO9822906,WDJ6673,52.0,0.0,40.0,12.0,5.5,52.0,A
367776660,2024-12-28T16:11:43,21.84093,-159.13855,10.0,306.2,301.0,MOUNT BAKER,IMO9822906,WDJ6673,52.0,0.0,40.0,12.0,5.5,52.0,A
367776660,2024-12-28T16:10:27,21.83892,-159.1355,10.0,305.4,304.0,MOUNT BAKER,IMO9822906,WDJ6673,52.0,0.0,40.0,12.0,5.5,52.0,A
367776660,2024-12-28T16:17:09,21.84979,-159.15155,9.8,305.4,302.0,MOUNT BAKER,IMO9822906,WDJ6673,52.0,0.0,40.0,12.0,5.5,52.0,A
367776660,2024-12-28T16:20:45,21.85549,-159.16019,9.9,305.3,303.0,MOUNT BAKER,IMO9822906,WDJ6673,52.0,0.0,40.0,12.0,5.5,52.0,A
367776660,2024-12-28T16:14:28,21.84542,-159.14511,10.0,306.6,302.0,MOUNT BAKER,IMO9822906,WDJ6673,52.0,0.0,40.0,12.0,5.5,52.0,A
367776660,2024-12-28T16:22:54,21.85885,-159.16533,9.9,306.3,304.0,MOUNT BAKER,IMO9822906,WDJ6673,52.0,0.0,40.0,12.0,5.5,52.0,A
367776660,2024-12-28T14:59:56,21.72534,-158.96595,9.8,305.8,303.0,MOUNT BAKER,IMO9822906,WDJ6673,52.0,0.0,40.0,12.0,5.5,52.0,A
367776660,2024-12-28T16:16:03,21.84801,-159.14891,10.0,306.4,302.0,MOUNT BAKER,IMO9822906,WDJ6673,52.0,0.0,40.0,12.0,5.5,52.0,A
367776660,2024-12-28T16:19:20,21.85326,-159.1568,9.7,305.3,302.0,MOUNT BAKER,IMO9822906,WDJ6673,52.0,0.0,40.0,12.0,5.5,52.0,A
367776660,2024-12-28T15:08:44,21.73941,-158.98704,10.0,305.3,302.0,MOUNT BAKER,IMO9822906,WDJ6673,52.0,0.0,40.0,12.0,5.5,52.0,A
367776660,2024-12-28T15:10:13,21.74181,-158.99066,10.0,305.5,302.0,MOUNT BAKER,IMO9822906,WDJ6673,52.0,0.0,40.0,12.0,5.5,52.0,A
367776660,2024-12-28T16:24:37,21.86162,-159.16953,9.9,306.0,304.0,MOUNT BAKER,IMO9822906,WDJ6673,52.0,0.0,40.0,12.0,5.5,52.0,A
367776660,2024-12-28T16:29:24,21.86915,-159.18123,10.1,303.6,303.0,MOUNT BAKER,IMO9822906,WDJ6673,52.0,0.0,40.0,12.0,5.5,52.0,A
367776660,2024-12-28T16:32:18,21.8737,-159.18838,10.0,303.7,301.0,MOUNT BAKER,IMO9822906,WDJ6673,52.0,0.0,40.0,12.0,5.5,52.0,A
367776660,2024-12-28T16:33:19,21.87525,-159.19083,9.9,303.7,301.0,MOUNT BAKER,IMO9822906,WDJ6673,52.0,0.0,40.0,12.0,5.5,52.0,A
367776660,2024-12-28T16:30:25,21.87073,-159.18368,10.1,304.9,302.0,MOUNT BAKER,IMO9822906,WDJ6673,52.0,0.0,40.0,12.0,5.5,52.0,A
367776660,2024-12-28T15:12:21,21.74524,-158.99585,10.0,305.1,301.0,MOUNT BAKER,IMO9822906,WDJ6673,52.0,0.0,40.0,12.0,5.5,52.0,A
367776660,2024-12-28T16:34:48,21.87758,-159.1945,9.9,304.7,304.0,MOUNT BAKER,IMO9822906,WDJ6673,52.0,0.0,40.0,12.0,5.5,52.0,A
367776660,2024-12-28T15:14:26,21.7485,-159.00086,9.9,305.0,302.0,MOUNT BAKER,IMO9822906,WDJ6673,52.0,0.0,40.0,12.0,5.5,52.0,A
367776660,2024-12-28T16:37:54,21.88238,-159.20199,9.8,305.2,303.0,MOUNT BAKER,IMO9822906,WDJ6673,52.0,0.0,40.0,12.0,5.5,52.0,A
367776660,2024-12-28T16:36:51,21.88074,-159.19947,10.0,305.0,302.0,MOUNT BAKER,IMO9822906,WDJ6673,52.0,0.0,40.0,12.0,5.5,52.0,A
367776660,2024-12-28T16:35:50,21.87917,-159.19698,9.8,303.4,303.0,MOUNT BAKER,IMO9822906,WDJ6673,52.0,0.0,40.0,12.0,5.5,52.0,A
367776660,2024-12-28T16:28:20,21.86741,-159.17855,10.0,304.3,303.0,MOUNT BAKER,IMO9822906,WDJ6673,52.0,0.0,40.0,12.0,5.5,52.0,A
367776660,2024-12-28T16:39:56,21.88561,-159.20688,10.0,304.9,300.0,MOUNT BAKER,IMO9822906,WDJ6673,52.0,0.0,40.0,12.0,5.5,52.0,A
367776660,2024-12-28T15:16:39,21.75208,-159.00633,10.1,305.1,304.0,MOUNT BAKER,IMO9822906,WDJ6673,52.0,0.0,40.0,12.0,5.5,52.0,A
367776660,2024-12-28T16:42:05,21.88906,-159.21209,9.8,304.8,302.0,MOUNT BAKER,IMO9822906,WDJ6673,52.0,0.0,40.0,12.0,5.5,52.0,A
367776660,2024-12-28T15:22:20,21.76116,-159.02026,10.0,305.0,304.0,MOUNT BAKER,IMO9822906,WDJ6673,52.0,0.0,40.0,12.0,5.5,52.0,A
367776660,2024-12-28T16:40:57,21.88726,-159.20935,10.0,305.2,302.0,MOUNT BAKER,IMO9822906,WDJ6673,52.0,0.0,40.0,12.0,5.5,52.0,A
367776660,2024-12-28T16:38:55,21.88401,-159.20442,9.8,305.4,304.0,MOUNT BAKER,IMO9822906,WDJ6673,52.0,0.0,40.0,12.0,5.5,52.0,A
367776660,2024-12-28T16:45:44,21.89484,-159.22088,9.8,305.2,304.0,MOUNT BAKER,IMO9822906,WDJ6673,52.0,0.0,40.0,12.0,5.5,52.0,A
367776660,2024-12-28T16:48:51,21.89976,-159.22841,9.9,305.0,301.0,MOUNT BAKER,IMO9822906,WDJ6673,52.0,0.0,40.0,12.0,5.5,52.0,A
367776660,2024-12-28T16:49:53,21.9014,-159.23095,9.9,304.2,302.0,MOUNT BAKER,IMO9822906,WDJ6673,52.0,0.0,40.0,12.0,5.5,52.0,A
367776660,2024-12-28T01:39:58,21.31015,-157.86795,0.0,19.4,166.0,MOUNT BAKER,IMO9822906,WDJ6673,52.0,5.0,40.0,12.0,5.5,52.0,A
367776660,2024-12-28T16:47:28,21.89758,-159.22508,9.8,304.9,303.0,MOUNT BAKER,IMO9822906,WDJ6673,52.0,0.0,40.0,12.0,5.5,52.0,A
367776660,2024-12-28T17:03:23,21.91755,-159.2626,7.9,298.5,295.0,MOUNT BAKER,IMO9822906,WDJ6673,52.0,0.0,40.0,12.0,5.5,52.0,A
367776660,2024-12-28T16:52:57,21.90549,-159.23854,9.3,298.6,296.0,MOUNT BAKER,IMO9822906,WDJ6673,52.0,0.0,40.0,12.0,5.5,52.0,A
367776660,2024-12-28T15:41:31,21.79213,-159.06641,10.0,305.8,303.0,MOUNT BAKER,IMO9822906,WDJ6673,52.0,0.0,40.0,12.0,5.5,52.0,A
367776660,2024-12-28T17:01:47,21.9159,-159.25926,8.0,298.4,294.0,MOUNT BAKER,IMO9822906,WDJ6673,52.0,0.0,40.0,12.0,5.5,52.0,A
367776660,2024-12-28T17:06:45,21.92108,-159.26961,7.9,299.1,295.0,MOUNT BAKER,IMO9822906,WDJ6673,52.0,0.0,40.0,12.0,5.5,52.0,A
367776660,2024-12-28T15:44:23,21.79666,-159.0733,10.0,305.3,302.0,MOUNT BAKER,IMO9822906,WDJ6673,52.0,0.0,40.0,12.0,5.5,52.0,A
367776660,2024-12-28T17:07:51,21.92221,-159.27187,7.8,298.7,297.0,MOUNT BAKER,IMO9822906,WDJ6673,52.0,0.0,40.0,12.0,5.5,52.0,A
367776660,2024-12-28T17:05:04,21.91935,-159.26613,7.9,298.6,296.0,MOUNT BAKER,IMO9822906,WDJ6673,52.0,0.0,40.0,12.0,5.5,52.0,A
367776660,2024-12-28T15:54:58,21.8137,-159.09866,9.9,305.4,303.0,MOUNT BAKER,IMO9822906,WDJ6673,52.0,0.0,40.0,12.0,5.5,52.0,A
367776660,2024-12-28T15:57:08,21.81726,-159.10385,9.9,306.1,301.0,MOUNT BAKER,IMO9822906,WDJ6673,52.0,0.0,40.0,12.0,5.5,52.0,A
367776660,2024-12-28T17:24:27,21.9362,-159.30057,4.0,310.4,307.0,MOUNT BAKER,IMO9822906,WDJ6673,52.0,0.0,40.0,12.0,5.5,52.0,A
367776660,2024-12-28T16:06:57,21.83319,-159.1271,9.8,306.0,302.0,MOUNT BAKER,IMO9822906,WDJ6673,52.0,0.0,40.0,12.0,5.5,52.0,A
367776660,2024-12-28T16:18:18,21.85163,-159.15433,9.9,305.0,303.0,MOUNT BAKER,IMO9822906,WDJ6673,52.0,0.0,40.0,12.0,5.5,52.0,A
367776660,2024-12-28T16:25:38,21.86319,-159.1719,10.0,305.8,303.0,MOUNT BAKER,IMO9822906,WDJ6673,52.0,0.0,40.0,12.0,5.5,52.0,A
367776660,2024-12-28T16:44:21,21.89267,-159.21757,10.0,305.8,304.0,MOUNT BAKER,IMO9822906,WDJ6673,52.0,0.0,40.0,12.0,5.5,52.0,A
367776660,2024-12-28T16:57:37,21.91119,-159.24993,9.2,298.5,294.0,MOUNT BAKER,IMO9822906,WDJ6673,52.0,0.0,40.0,12.0,5.5,52.0,A
367776660,2024-12-28T02:04:01,21.31011,-157.86802,0.0,19.4,163.0,MOUNT BAKER,IMO9822906,WDJ6673,52.0,5.0,40.0,12.0,5.5,52.0,A
367776660,2024-12-28T02:22:00,21.31017,-157.86799,0.0,19.4,165.0,MOUNT BAKER,IMO9822906,WDJ6673,52.0,5.0,40.0,12.0,5.5,52.0,A
367776660,2024-12-28T02:36:59,21.3101,-157.86797,0.0,19.4,166.0,MOUNT BAKER,IMO9822906,WDJ6673,52.0,5.0,40.0,12.0,5.5,52.0,A
367776660,2024-12-28T02:51:53,21.31015,-157.86799,0.0,19.4,165.0,MOUNT BAKER,IMO9822906,WDJ6673,52.0,5.0,40.0,12.0,5.5,52.0,A
367776660,2024-12-28T03:10:51,21.31011,-157.86805,0.0,19.4,164.0,MOUNT BAKER,IMO9822906,WDJ6673,52.0,0.0,40.0,12.0,5.5,52.0,A
367776660,2024-12-28T03:26:43,21.31002,-157.86802,0.0,19.4,164.0,MOUNT BAKER,IMO9822906,WDJ6673,52.0,0.0,40.0,12.0,5.5,52.0,A
367776660,2024-12-28T03:29:03,21.31009,-157.86797,0.0,19.4,161.0,MOUNT BAKER,IMO9822906,WDJ6673,52.0,0.0,40.0,12.0,5.5,52.0,A
367776660,2024-12-28T03:36:32,21.31014,-157.86793,0.0,19.4,163.0,MOUNT BAKER,IMO9822906,WDJ6673,52.0,0.0,40.0,12.0,5.5,52.0,A
367776660,2024-12-28T04:47:32,21.31004,-157.86803,0.0,19.4,163.0,MOUNT BAKER,IMO9822906,WDJ6673,52.0,0.0,40.0,12.0,5.5,52.0,A
367776660,2024-12-28T05:04:41,21.31008,-157.868,0.0,19.4,164.0,MOUNT BAKER,IMO9822906,WDJ6673,52.0,0.0,40.0,12.0,5.5,52.0,A
367776660,2024-12-28T05:14:52,21.3101,-157.868,0.0,19.4,162.0,MOUNT BAKER,IMO9822906,WDJ6673,52.0,0.0,40.0,12.0,5.5,52.0,A
367776660,2024-12-28T05:26:42,21.31009,-157.868,0.0,19.4,163.0,MOUNT BAKER,IMO9822906,WDJ6673,52.0,5.0,40.0,12.0,5.5,52.0,A
367776660,2024-12-28T06:11:00,21.31889,-157.881,0.9,14.6,186.0,MOUNT BAKER,IMO9822906,WDJ6673,52.0,0.0,40.0,12.0,5.5,52.0,A
367776660,2024-12-28T06:47:04,21.31848,-157.88075,0.0,56.6,180.0,MOUNT BAKER,IMO9822906,WDJ6673,52.0,0.0,40.0,12.0,5.5,52.0,A
367776660,2024-12-28T07:04:34,21.3176,-157.8811,0.1,56.6,186.0,MOUNT BAKER,IMO9822906,WDJ6673,52.0,0.0,40.0,12.0,5.5,52.0,A
367776660,2024-12-28T07:06:37,21.31645,-157.88121,1.5,167.2,159.0,MOUNT BAKER,IMO9822906,WDJ6673,52.0,0.0,40.0,12.0,5.5,52.0,A
367776660,2024-12-28T07:08:55,21.31504,-157.88045,2.8,150.0,139.0,MOUNT BAKER,IMO9822906,WDJ6673,52.0,0.0,40.0,12.0,5.5,52.0,A
367776660,2024-12-28T07:10:50,21.31385,-157.87898,4.1,130.9,127.0,MOUNT BAKER,IMO9822906,WDJ6673,52.0,0.0,40.0,12.0,5.5,52.0,A
367776660,2024-12-28T07:27:47,21.29092,-157.8739,7.0,218.5,218.0,MOUNT BAKER,IMO9822906,WDJ6673,52.0,0.0,40.0,12.0,5.5,52.0,A
367776660,2024-12-28T07:32:15,21.28542,-157.88119,7.9,237.2,236.0,MOUNT BAKER,IMO9822906,WDJ6673,52.0,0.0,40.0,12.0,5.5,52.0,A
367776660,2024-12-28T08:03:45,21.24588,-157.95291,9.9,249.3,248.0,MOUNT BAKER,IMO9822906,WDJ6673,52.0,0.0,40.0,12.0,5.5,52.0,A
367776660,2024-12-28T08:07:23,21.24236,-157.96268,9.8,249.2,248.0,MOUNT BAKER,IMO9822906,WDJ6673,52.0,0.0,40.0,12.0,5.5,52.0,A
367776660,2024-12-28T08:17:15,21.2329,-157.98948,9.8,250.6,249.0,MOUNT BAKER,IMO9822906,WDJ6673,52.0,0.0,40.0,12.0,5.5,52.0,A
367776660,2024-12-28T08:25:35,21.2273,-158.0129,9.8,258.7,257.0,MOUNT BAKER,IMO9822906,WDJ6673,52.0,0.0,40.0,12.0,5.5,52.0,A
367776660,2024-12-28T08:44:48,21.22596,-158.06782,9.4,270.2,270.0,MOUNT BAKER,IMO9822906,WDJ6673,52.0,0.0,40.0,12.0,5.5,52.0,A
367776660,2024-12-28T08:47:02,21.22592,-158.07414,9.4,268.9,270.0,MOUNT BAKER,IMO9822906,WDJ6673,52.0,0.0,40.0,12.0,5.5,52.0,A
367776660,2024-12-28T08:50:12,21.22574,-158.08284,9.2,268.4,269.0,MOUNT BAKER,IMO9822906,WDJ6673,52.0,0.0,40.0,12.0,5.5,52.0,A
367776660,2024-12-28T08:52:18,21.2256,-158.08866,9.3,268.5,269.0,MOUNT BAKER,IMO9822906,WDJ6673,52.0,0.0,40.0,12.0,5.5,52.0,A
367776660,2024-12-28T09:20:55,21.24971,-158.16119,9.5,303.8,304.0,MOUNT BAKER,IMO9822906,WDJ6673,52.0,0.0,40.0,12.0,5.5,52.0,A
367776660,2024-12-28T09:29:40,21.26207,-158.18224,9.4,303.6,304.0,MOUNT BAKER,IMO9822906,WDJ6673,52.0,0.0,40.0,12.0,5.5,52.0,A
367776660,2024-12-28T09:34:02,21.26787,-158.19255,9.0,299.6,300.0,MOUNT BAKER,IMO9822906,WDJ6673,52.0,0.0,40.0,12.0,5.5,52.0,A
367776660,2024-12-28T09:35:03,21.26916,-158.19494,9.1,298.6,300.0,MOUNT BAKER,IMO9822906,WDJ6673,52.0,0.0,40.0,12.0,5.5,52.0,A
367776660,2024-12-28T09:36:04,21.27042,-158.19737,9.3,299.6,300.0,MOUNT BAKER,IMO9822906,WDJ6673,52.0,0.0,40.0,12.0,5.5,52.0,A
367776660,2024-12-28T09:38:32,21.27353,-158.20313,9.3,300.0,301.0,MOUNT BAKER,IMO9822906,WDJ6673,52.0,0.0,40.0,12.0,5.5,52.0,A
367776660,2024-12-28T09:39:34,21.27488,-158.20565,9.4,299.1,301.0,MOUNT BAKER,IMO9822906,WDJ6673,52.0,0.0,40.0,12.0,5.5,52.0,A
367776660,2024-12-28T09:53:24,21.29291,-158.23891,9.4,298.9,299.0,MOUNT BAKER,IMO9822906,WDJ6673,52.0,0.0,40.0,12.0,5.5,52.0,A
367776660,2024-12-28T10:04:41,21.30761,-158.26617,9.4,298.8,300.0,MOUNT BAKER,IMO9822906,WDJ6673,52.0,0.0,40.0,12.0,5.5,52.0,A
367776660,2024-12-28T10:15:45,21.32283,-158.29233,9.3,301.5,304.0,MOUNT BAKER,IMO9822906,WDJ6673,52.0,0.0,40.0,12.0,5.5,52.0,A
367776660,2024-12-28T10:42:33,21.36023,-158.355,9.3,302.1,302.0,MOUNT BAKER,IMO9822906,WDJ6673,52.0,0.0,40.0,12.0,5.5,52.0,A
367776660,2024-12-28T10:45:50,21.3647,-158.36259,9.3,302.3,303.0,MOUNT BAKER,IMO9822906,WDJ6673,52.0,0.0,40.0,12.0,5.5,52.0,A
367776660,2024-12-28T10:57:01,21.38078,-158.38762,9.2,303.4,305.0,MOUNT BAKER,IMO9822906,WDJ6673,52.0,0.0,40.0,12.0,5.5,52.0,A
367776660,2024-12-28T11:10:37,21.40005,-158.41793,9.0,304.3,304.0,MOUNT BAKER,IMO9822906,WDJ6673,52.0,0.0,40.0,12.0,5.5,52.0,A
367776660,2024-12-28T11:32:40,21.43081,-158.46667,9.2,303.5,304.0,MOUNT BAKER,IMO9822906,WDJ6673,52.0,0.0,40.0,12.0,5.5,52.0,A
367776660,2024-12-28T11:38:48,21.43931,-158.48057,9.0,303.4,305.0,MOUNT BAKER,IMO9822906,WDJ6673,52.0,0.0,40.0,12.0,5.5,52.0,A
367776660,2024-12-28T12:01:02,21.47094,-158.53109,9.3,304.8,307.0,MOUNT BAKER,IMO9822906,WDJ6673,52.0,0.0,40.0,12.0,5.5,52.0,A
367776660,2024-12-28T12:05:04,21.47694,-158.5402,9.3,304.7,304.0,MOUNT BAKER,IMO9822906,WDJ6673,52.0,0.0,40.0,12.0,5.5,52.0,A
367776660,2024-12-28T12:10:18,21.48481,-158.55217,9.4,305.0,304.0,MOUNT BAKER,IMO9822906,WDJ6673,52.0,0.0,40.0,12.0,5.5,52.0,A
367776660,2024-12-28T12:21:18,21.50188,-158.57762,9.6,305.7,307.0,MOUNT BAKER,IMO9822906,WDJ6673,52.0,0.0,40.0,12.0,5.5,52.0,A
367776660,2024-12-28T12:32:41,21.51985,-158.60357,9.6,306.8,304.0,MOUNT BAKER,IMO9822906,WDJ6673,52.0,0.0,40.0,12.0,5.5,52.0,A
367776660,2024-12-28T12:42:21,21.5339,-158.62697,9.8,300.3,299.0,MOUNT BAKER,IMO9822906,WDJ6673,52.0,0.0,40.0,12.0,5.5,52.0,A
367776660,2024-12-28T12:59:37,21.55591,-158.67057,9.5,296.8,297.0,MOUNT BAKER,IMO9822906,WDJ6673,52.0,0.0,40.0,12.0,5.5,52.0,A
367776660,2024-12-28T13:06:58,21.56493,-158.68907,9.5,297.9,296.0,MOUNT BAKER,IMO9822906,WDJ6673,52.0,0.0,40.0,12.0,5.5,52.0,A
367776660,2024-12-28T13:08:11,21.56646,-158.69216,9.6,298.9,297.0,MOUNT BAKER,IMO9822906,WDJ6673,52.0,0.0,40.0,12.0,5.5,52.0,A
367776660,2024-12-28T13:11:02,21.57011,-158.69916,9.3,299.2,296.0,MOUNT BAKER,IMO9822906,WDJ6673,52.0,0.0,40.0,12.0,5.5,52.0,A
367776660,2024-12-28T13:18:24,21.57905,-158.71765,9.3,297.0,296.0,MOUNT BAKER,IMO9822906,WDJ6673,52.0,0.0,40.0,12.0,5.5,52.0,A
367776660,2024-12-28T13:41:32,21.6065,-158.77704,9.8,298.1,297.0,MOUNT BAKER,IMO9822906,WDJ6673,52.0,0.0,40.0,12.0,5.5,52.0,A
367776660,2024-12-28T14:14:37,21.65482,-158.85753,9.7,305.3,301.0,MOUNT BAKER,IMO9822906,WDJ6673,52.0,0.0,40.0,12.0,5.5,52.0,A
367776660,2024-12-28T14:15:38,21.65639,-158.85994,9.7,303.8,302.0,MOUNT BAKER,IMO9822906,WDJ6673,52.0,0.0,40.0,12.0,5.5,52.0,A
367776660,2024-12-28T14:21:14,21.66487,-158.87334,9.8,303.6,303.0,MOUNT BAKER,IMO9822906,WDJ6673,52.0,0.0,40.0,12.0,5.5,52.0,A
367776660,2024-12-28T14:30:20,21.67899,-158.89534,9.7,304.7,305.0,MOUNT BAKER,IMO9822906,WDJ6673,52.0,0.0,40.0,12.0,5.5,52.0,A
367776660,2024-12-28T14:36:24,21.68828,-158.90969,9.6,305.2,302.0,MOUNT BAKER,IMO9822906,WDJ6673,52.0,0.0,40.0,12.0,5.5,52.0,A
367776660,2024-12-28T14:45:11,21.70192,-158.93072,9.9,304.9,302.0,MOUNT BAKER,IMO9822906,WDJ6673,52.0,0.0,40.0,12.0,5.5,52.0,A
367776660,2024-12-28T14:58:54,21.72368,-158.96347,9.8,305.3,303.0,MOUNT BAKER,IMO9822906,WDJ6673,52.0,0.0,40.0,12.0,5.5,52.0,A
367776660,2024-12-28T15:04:28,21.73253,-158.97671,9.8,305.0,304.0,MOUNT BAKER,IMO9822906,WDJ6673,52.0,0.0,40.0,12.0,5.5,52.0,A
367776660,2024-12-28T15:07:40,21.73769,-158.98447,9.9,305.3,303.0,MOUNT BAKER,IMO9822906,WDJ6673,52.0,0.0,40.0,12.0,5.5,52.0,A
367776660,2024-12-28T15:15:37,21.75039,-159.00376,10.0,305.0,302.0,MOUNT BAKER,IMO9822906,WDJ6673,52.0,0.0,40.0,12.0,5.5,52.0,A
367776660,2024-12-28T15:30:20,21.77408,-159.03965,9.8,305.5,304.0,MOUNT BAKER,IMO9822906,WDJ6673,52.0,0.0,40.0,12.0,5.5,52.0,A
367776660,2024-12-28T15:33:01,21.77841,-159.04609,9.7,306.3,302.0,MOUNT BAKER,IMO9822906,WDJ6673,52.0,0.0,40.0,12.0,5.5,52.0,A
367776660,2024-12-28T15:35:18,21.782,-159.05147,9.8,306.5,304.0,MOUNT BAKER,IMO9822906,WDJ6673,52.0,0.0,40.0,12.0,5.5,52.0,A
367776660,2024-12-28T16:04:48,21.82967,-159.12196,9.9,305.7,303.0,MOUNT BAKER,IMO9822906,WDJ6673,52.0,0.0,40.0,12.0,5.5,52.0,A
367776660,2024-12-28T17:00:45,21.91478,-159.25709,8.1,298.3,298.0,MOUNT BAKER,IMO9822906,WDJ6673,52.0,0.0,40.0,12.0,5.5,52.0,A
367776660,2024-12-29T03:58:25,21.94288,-159.321,4.6,97.6,93.0,MOUNT BAKER,IMO9822906,WDJ6673,52.0,0.0,40.0,12.0,5.5,52.0,A
367776660,2024-12-29T04:01:32,21.94244,-159.31642,5.1,95.7,94.0,MOUNT BAKER,IMO9822906,WDJ6673,52.0,0.0,40.0,12.0,5.5,52.0,A
367776660,2024-12-29T03:46:13,21.95006,-159.33727,5.4,127.6,127.0,MOUNT BAKER,IMO9822906,WDJ6673,52.0,0.0,40.0,12.0,5.5,52.0,A
367776660,2024-12-29T04:09:11,21.93655,-159.30144,8.5,119.1,117.0,MOUNT BAKER,IMO9822906,WDJ6673,52.0,0.0,40.0,12.0,5.5,52.0,A
367776660,2024-12-29T04:11:44,21.93356,-159.29589,8.5,119.3,118.0,MOUNT BAKER,IMO9822906,WDJ6673,52.0,0.0,40.0,12.0,5.5,52.0,A
367776660,2024-12-29T04:10:31,21.93498,-159.29858,8.4,123.2,118.0,MOUNT BAKER,IMO9822906,WDJ6673,52.0,0.0,40.0,12.0,5.5,52.0,A
367776660,2024-12-29T04:13:39,21.93134,-159.29167,8.6,119.4,117.0,MOUNT BAKER,IMO9822906,WDJ6673,52.0,0.0,40.0,12.0,5.5,52.0,A
367776660,2024-12-29T04:15:44,21.92888,-159.2869,8.8,119.7,117.0,MOUNT BAKER,IMO9822906,WDJ6673,52.0,0.0,40.0,12.0,5.5,52.0,A
367776660,2024-12-29T04:17:04,21.92732,-159.28389,8.6,114.0,113.0,MOUNT BAKER,IMO9822906,WDJ6673,52.0,0.0,40.0,12.0,5.5,52.0,A
367776660,2024-12-29T04:19:12,21.92524,-159.27887,8.6,113.2,112.0,MOUNT BAKER,IMO9822906,WDJ6673,52.0,0.0,40.0,12.0,5.5,52.0,A
367776660,2024-12-29T04:24:22,21.92011,-159.26683,8.7,113.8,112.0,MOUNT BAKER,IMO9822906,WDJ6673,52.0,0.0,40.0,12.0,5.5,52.0,A
367776660,2024-12-29T04:31:24,21.9131,-159.25056,8.6,115.1,112.0,MOUNT BAKER,IMO9822906,WDJ6673,52.0,0.0,40.0,12.0,5.5,52.0,A
367776660,2024-12-29T04:32:33,21.91196,-159.24789,8.6,114.3,112.0,MOUNT BAKER,IMO9822906,WDJ6673,52.0,0.0,40.0,12.0,5.5,52.0,A
367776660,2024-12-29T04:28:17,21.91621,-159.25779,8.6,114.3,112.0,MOUNT BAKER,IMO9822906,WDJ6673,52.0,0.0,40.0,12.0,5.5,52.0,A
367776660,2024-12-29T04:35:14,21.90924,-159.2415,8.7,113.5,114.0,MOUNT BAKER,IMO9822906,WDJ6673,52.0,0.0,40.0,12.0,5.5,52.0,A
367776660,2024-12-29T04:22:14,21.92225,-159.27186,8.5,114.0,112.0,MOUNT BAKER,IMO9822906,WDJ6673,52.0,0.0,40.0,12.0,5.5,52.0,A
367776660,2024-12-29T04:36:18,21.90815,-159.23896,8.8,113.6,112.0,MOUNT BAKER,IMO9822906,WDJ6673,52.0,0.0,40.0,12.0,5.5,52.0,A
367776660,2024-12-29T04:39:43,21.90464,-159.23093,8.8,114.0,111.0,MOUNT BAKER,IMO9822906,WDJ6673,52.0,0.0,40.0,12.0,5.5,52.0,A
367776660,2024-12-29T04:33:44,21.91074,-159.24509,8.9,114.3,113.0,MOUNT BAKER,IMO9822906,WDJ6673,52.0,0.0,40.0,12.0,5.5,52.0,A
367776660,2024-12-29T04:37:26,21.90697,-159.2363,8.9,114.3,113.0,MOUNT BAKER,IMO9822906,WDJ6673,52.0,0.0,40.0,12.0,5.5,52.0,A
367776660,2024-12-29T04:38:30,21.90585,-159.23378,8.7,114.4,113.0,MOUNT BAKER,IMO9822906,WDJ6673,52.0,0.0,40.0,12.0,5.5,52.0,A
367776660,2024-12-29T04:40:58,21.90328,-159.22787,8.9,113.9,113.0,MOUNT BAKER,IMO9822906,WDJ6673,52.0,0.0,40.0,12.0,5.5,52.0,A
367776660,2024-12-29T04:46:54,21.89721,-159.2139,8.7,116.3,113.0,MOUNT BAKER,IMO9822906,WDJ6673,52.0,0.0,40.0,12.0,5.5,52.0,A
367776660,2024-12-29T04:44:36,21.89955,-159.21934,8.8,117.1,114.0,MOUNT BAKER,IMO9822906,WDJ6673,52.0,0.0,40.0,12.0,5.5,52.0,A
367776660,2024-12-29T04:47:57,21.89612,-159.21144,8.6,115.6,112.0,MOUNT BAKER,IMO9822906,WDJ6673,52.0,0.0,40.0,12.0,5.5,52.0,A
367776660,2024-12-29T04:45:48,21.89833,-159.21651,8.7,113.5,112.0,MOUNT BAKER,IMO9822906,WDJ6673,52.0,0.0,40.0,12.0,5.5,52.0,A
367776660,2024-12-29T04:42:33,21.90164,-159.22422,8.6,116.3,114.0,MOUNT BAKER,IMO9822906,WDJ6673,52.0,0.0,40.0,12.0,5.5,52.0,A
367776660,2024-12-29T04:43:35,21.90059,-159.22177,8.8,113.8,114.0,MOUNT BAKER,IMO9822906,WDJ6673,52.0,0.0,40.0,12.0,5.5,52.0,A
367776660,2024-12-29T04:52:32,21.89142,-159.20082,8.7,114.9,112.0,MOUNT BAKER,IMO9822906,WDJ6673,52.0,0.0,40.0,12.0,5.5,52.0,A
367776660,2024-12-29T04:50:02,21.89401,-159.20669,8.8,116.9,113.0,MOUNT BAKER,IMO9822906,WDJ6673,52.0,0.0,40.0,12.0,5.5,52.0,A
367776660,2024-12-29T04:51:22,21.89261,-159.20358,8.5,115.3,112.0,MOUNT BAKER,IMO9822906,WDJ6673,52.0,0.0,40.0,12.0,5.5,52.0,A
367776660,2024-12-29T04:53:33,21.89034,-159.19841,8.9,116.3,114.0,MOUNT BAKER,IMO9822906,WDJ6673,52.0,0.0,40.0,12.0,5.5,52.0,A
367776660,2024-12-29T04:54:34,21.88927,-159.19602,8.6,115.2,113.0,MOUNT BAKER,IMO9822906,WDJ6673,52.0,0.0,40.0,12.0,5.5,52.0,A
367776660,2024-12-29T05:00:02,21.88321,-159.18355,8.7,118.4,118.0,MOUNT BAKER,IMO9822906,WDJ6673,52.0,0.0,40.0,12.0,5.5,52.0,A
367776660,2024-12-29T04:57:02,21.8867,-159.1903,8.6,118.0,116.0,MOUNT BAKER,IMO9822906,WDJ6673,52.0,0.0,40.0,12.0,5.5,52.0,A
367776660,2024-12-29T05:02:08,21.88079,-159.17879,8.6,117.6,117.0,MOUNT BAKER,IMO9822906,WDJ6673,52.0,0.0,40.0,12.0,5.5,52.0,A
367776660,2024-12-29T04:59:08,21.88425,-159.18562,8.6,119.4,118.0,MOUNT BAKER,IMO9822906,WDJ6673,52.0,0.0,40.0,12.0,5.5,52.0,A
367776660,2024-12-29T05:03:12,21.87956,-159.17645,8.5,118.3,120.0,MOUNT BAKER,IMO9822906,WDJ6673,52.0,0.0,40.0,12.0,5.5,52.0,A
367776660,2024-12-29T05:05:21,21.87702,-159.17154,8.9,118.9,117.0,MOUNT BAKER,IMO9822906,WDJ6673,52.0,0.0,40.0,12.0,5.5,52.0,A
367776660,2024-12-29T05:06:24,21.87575,-159.16911,9.0,119.9,117.0,MOUNT BAKER,IMO9822906,WDJ6673,52.0,0.0,40.0,12.0,5.5,52.0,A
367776660,2024-12-29T04:58:04,21.8855,-159.18798,8.5,118.7,116.0,MOUNT BAKER,IMO9822906,WDJ6673,52.0,0.0,40.0,12.0,5.5,52.0,A
367776660,2024-12-29T05:07:27,21.8745,-159.16666,8.8,118.6,117.0,MOUNT BAKER,IMO9822906,WDJ6673,52.0,0.0,40.0,12.0,5.5,52.0,A
367776660,2024-12-29T05:10:34,21.87081,-159.15955,8.7,119.3,117.0,MOUNT BAKER,IMO9822906,WDJ6673,52.0,0.0,40.0,12.0,5.5,52.0,A
367776660,2024-12-29T05:11:38,21.86959,-159.15712,8.6,117.8,116.0,MOUNT BAKER,IMO9822906,WDJ6673,52.0,0.0,40.0,12.0,5.5,52.0,A
367776660,2024-12-29T05:14:12,21.8666,-159.1513,8.8,119.0,117.0,MOUNT BAKER,IMO9822906,WDJ6673,52.0,0.0,40.0,12.0,5.5,52.0,A
367776660,2024-12-29T05:19:58,21.85987,-159.1382,8.8,117.9,117.0,MOUNT BAKER,IMO9822906,WDJ6673,52.0,0.0,40.0,12.0,5.5,52.0,A
367776660,2024-12-29T05:23:54,21.85523,-159.12915,8.6,119.4,116.0,MOUNT BAKER,IMO9822906,WDJ6673,52.0,0.0,40.0,12.0,5.5,52.0,A
367776660,2024-12-29T05:17:38,21.86263,-159.14349,8.5,118.7,118.0,MOUNT BAKER,IMO9822906,WDJ6673,52.0,0.0,40.0,12.0,5.5,52.0,A
367776660,2024-12-29T05:15:17,21.86535,-159.14879,8.8,118.3,117.0,MOUNT BAKER,IMO9822906,WDJ6673,52.0,0.0,40.0,12.0,5.5,52.0,A
367776660,2024-12-29T05:18:42,21.86141,-159.14115,8.6,118.4,118.0,MOUNT BAKER,IMO9822906,WDJ6673,52.0,0.0,40.0,12.0,5.5,52.0,A
367776660,2024-12-29T05:26:39,21.85201,-159.12278,8.9,118.7,119.0,MOUNT BAKER,IMO9822906,WDJ6673,52.0,0.0,40.0,12.0,5.5,52.0,A
367776660,2024-12-29T05:25:12,21.85372,-159.12616,8.8,117.4,119.0,MOUNT BAKER,IMO9822906,WDJ6673,52.0,0.0,40.0,12.0,5.5,52.0,A
367776660,2024-12-29T05:16:21,21.8641,-159.14634,8.8,118.0,118.0,MOUNT BAKER,IMO9822906,WDJ6673,52.0,0.0,40.0,12.0,5.5,52.0,A
367776660,2024-12-29T05:21:00,21.85863,-159.1358,8.9,118.0,118.0,MOUNT BAKER,IMO9822906,WDJ6673,52.0,0.0,40.0,12.0,5.5,52.0,A
367776660,2024-12-29T05:30:27,21.84748,-159.11394,8.8,121.4,118.0,MOUNT BAKER,IMO9822906,WDJ6673,52.0,0.0,40.0,12.0,5.5,52.0,A
367776660,2024-12-29T05:22:01,21.85745,-159.13351,8.7,118.9,118.0,MOUNT BAKER,IMO9822906,WDJ6673,52.0,0.0,40.0,12.0,5.5,52.0,A
367776660,2024-12-29T05:33:51,21.84332,-159.10596,8.8,119.3,118.0,MOUNT BAKER,IMO9822906,WDJ6673,52.0,0.0,40.0,12.0,5.5,52.0,A
367776660,2024-12-29T05:41:09,21.83463,-159.08901,9.0,116.9,118.0,MOUNT BAKER,IMO9822906,WDJ6673,52.0,0.0,40.0,12.0,5.5,52.0,A
367776660,2024-12-29T05:42:11,21.83342,-159.08663,8.9,118.6,118.0,MOUNT BAKER,IMO9822906,WDJ6673,52.0,0.0,40.0,12.0,5.5,52.0,A
367776660,2024-12-29T05:36:16,21.84046,-159.10037,8.9,118.2,119.0,MOUNT BAKER,IMO9822906,WDJ6673,52.0,0.0,40.0,12.0,5.5,52.0,A
367776660,2024-12-29T05:40:02,21.83595,-159.09161,8.9,116.5,116.0,MOUNT BAKER,IMO9822906,WDJ6673,52.0,0.0,40.0,12.0,5.5,52.0,A
367776660,2024-12-29T05:37:54,21.8385,-159.09657,9.0,118.6,118.0,MOUNT BAKER,IMO9822906,WDJ6673,52.0,0.0,40.0,12.0,5.5,52.0,A
367776660,2024-12-29T05:43:17,21.8321,-159.08405,8.7,117.4,118.0,MOUNT BAKER,IMO9822906,WDJ6673,52.0,0.0,40.0,12.0,5.5,52.0,A
367776660,2024-12-29T05:49:54,21.82449,-159.06923,8.4,118.7,117.0,MOUNT BAKER,IMO9822906,WDJ6673,52.0,0.0,40.0,12.0,5.5,52.0,A
367776660,2024-12-29T05:55:57,21.81739,-159.05559,8.8,118.7,120.0,MOUNT BAKER,IMO9822906,WDJ6673,52.0,0.0,40.0,12.0,5.5,52.0,A
367776660,2024-12-29T05:44:39,21.83052,-159.08093,8.8,116.9,117.0,MOUNT BAKER,IMO9822906,WDJ6673,52.0,0.0,40.0,12.0,5.5,52.0,A
367776660,2024-12-29T05:45:41,21.82933,-159.0786,8.6,120.7,116.0,MOUNT BAKER,IMO9822906,WDJ6673,52.0,0.0,40.0,12.0,5.5,52.0,A
367776660,2024-12-29T05:48:41,21.82591,-159.0719,8.5,119.7,115.0,MOUNT BAKER,IMO9822906,WDJ6673,52.0,0.0,40.0,12.0,5.5,52.0,A
367776660,2024-12-29T05:59:56,21.81285,-159.04658,8.8,119.0,118.0,MOUNT BAKER,IMO9822906,WDJ6673,52.0,0.0,40.0,12.0,5.5,52.0,A
367776660,2024-12-29T05:54:54,21.81862,-159.05798,8.7,118.4,117.0,MOUNT BAKER,IMO9822906,WDJ6673,52.0,0.0,40.0,12.0,5.5,52.0,A
367776660,2024-12-29T05:52:12,21.82181,-159.06409,8.8,119.2,120.0,MOUNT BAKER,IMO9822906,WDJ6673,52.0,0.0,40.0,12.0,5.5,52.0,A
367776660,2024-12-29T06:03:14,21.80899,-159.03925,8.5,119.2,119.0,MOUNT BAKER,IMO9822906,WDJ6673,52.0,0.0,40.0,12.0,5.5,52.0,A
367776660,2024-12-29T05:53:41,21.82007,-159.06073,8.6,117.5,117.0,MOUNT BAKER,IMO9822906,WDJ6673,52.0,0.0,40.0,12.0,5.5,52.0,A
367776660,2024-12-29T06:06:22,21.80529,-159.03232,8.4,119.5,118.0,MOUNT BAKER,IMO9822906,WDJ6673,52.0,0.0,40.0,12.0,5.5,52.0,A
367776660,2024-12-29T05:57:42,21.81543,-159.05169,8.6,117.2,117.0,MOUNT BAKER,IMO9822906,WDJ6673,52.0,0.0,40.0,12.0,5.5,52.0,A
367776660,2024-12-29T06:01:06,21.81148,-159.04395,8.6,118.4,119.0,MOUNT BAKER,IMO9822906,WDJ6673,52.0,0.0,40.0,12.0,5.5,52.0,A
367776660,2024-12-29T06:00:02,21.81271,-159.04638,8.8,118.8,119.0,MOUNT BAKER,IMO9822906,WDJ6673,52.0,0.0,40.0,12.0,5.5,52.0,A
367776660,2024-12-29T06:02:11,21.81022,-159.04156,8.5,120.4,118.0,MOUNT BAKER,IMO9822906,WDJ6673,52.0,0.0,40.0,12.0,5.5,52.0,A
367776660,2024-12-29T05:58:52,21.81407,-159.04902,8.8,118.2,118.0,MOUNT BAKER,IMO9822906,WDJ6673,52.0,0.0,40.0,12.0,5.5,52.0,A
367776660,2024-12-29T06:08:26,21.80291,-159.02776,8.3,117.6,116.0,MOUNT BAKER,IMO9822906,WDJ6673,52.0,0.0,40.0,12.0,5.5,52.0,A
367776660,2024-12-29T06:10:35,21.80038,-159.02298,8.5,119.0,116.0,MOUNT BAKER,IMO9822906,WDJ6673,52.0,0.0,40.0,12.0,5.5,52.0,A
367776660,2024-12-29T06:04:18,21.80776,-159.03685,8.7,119.1,117.0,MOUNT BAKER,IMO9822906,WDJ6673,52.0,0.0,40.0,12.0,5.5,52.0,A
367776660,2024-12-29T06:07:24,21.80409,-159.03005,8.5,118.4,116.0,MOUNT BAKER,IMO9822906,WDJ6673,52.0,0.0,40.0,12.0,5.5,52.0,A
367776660,2024-12-29T06:09:31,21.80166,-159.02535,8.4,121.4,118.0,MOUNT BAKER,IMO9822906,WDJ6673,52.0,0.0,40.0,12.0,5.5,52.0,A
367776660,2024-12-29T06:12:55,21.79762,-159.01782,8.5,119.7,119.0,MOUNT BAKER,IMO9822906,WDJ6673,52.0,0.0,40.0,12.0,5.5,52.0,A
367776660,2024-12-29T06:14:12,21.79611,-159.01495,8.7,119.3,117.0,MOUNT BAKER,IMO9822906,WDJ6673,52.0,0.0,40.0,12.0,5.5,52.0,A
367776660,2024-12-29T06:11:42,21.79908,-159.02047,8.7,117.2,117.0,MOUNT BAKER,IMO9822906,WDJ6673,52.0,0.0,40.0,12.0,5.5,52.0,A
367776660,2024-12-29T06:15:15,21.79487,-159.01256,8.8,117.7,116.0,MOUNT BAKER,IMO9822906,WDJ6673,52.0,0.0,40.0,12.0,5.5,52.0,A
367776660,2024-12-29T06:16:25,21.79353,-159.00984,8.8,119.4,117.0,MOUNT BAKER,IMO9822906,WDJ6673,52.0,0.0,40.0,12.0,5.5,52.0,A
367776660,2024-12-29T06:18:09,21.79152,-159.00591,8.5,117.9,118.0,MOUNT BAKER,IMO9822906,WDJ6673,52.0,0.0,40.0,12.0,5.5,52.0,A
367776660,2024-12-29T06:23:54,21.78491,-158.9927,8.7,117.6,118.0,MOUNT BAKER,IMO9822906,WDJ6673,52.0,0.0,40.0,12.0,5.5,52.0,A
367776660,2024-12-29T06:20:49,21.78848,-158.9998,8.8,117.7,117.0,MOUNT BAKER,IMO9822906,WDJ6673,52.0,0.0,40.0,12.0,5.5,52.0,A
367776660,2024-12-29T06:19:14,21.7903,-159.00343,8.8,117.5,118.0,MOUNT BAKER,IMO9822906,WDJ6673,52.0,0.0,40.0,12.0,5.5,52.0,A
367776660,2024-12-29T06:24:55,21.78375,-158.99039,8.6,117.5,117.0,MOUNT BAKER,IMO9822906,WDJ6673,52.0,0.0,40.0,12.0,5.5,52.0,A
367776660,2024-12-29T06:26:48,21.78163,-158.98612,8.5,118.1,118.0,MOUNT BAKER,IMO9822906,WDJ6673,52.0,0.0,40.0,12.0,5.5,52.0,A
367776660,2024-12-29T06:22:47,21.78621,-158.99526,9.0,118.7,119.0,MOUNT BAKER,IMO9822906,WDJ6673,52.0,0.0,40.0,12.0,5.5,52.0,A
367776660,2024-12-29T06:33:17,21.77414,-158.97137,8.6,118.5,117.0,MOUNT BAKER,IMO9822906,WDJ6673,52.0,0.0,40.0,12.0,5.5,52.0,A
367776660,2024-12-29T06:29:54,21.77805,-158.97899,8.6,118.3,119.0,MOUNT BAKER,IMO9822906,WDJ6673,52.0,0.0,40.0,12.0,5.5,52.0,A
367776660,2024-12-29T06:35:55,21.7711,-158.96541,8.5,118.8,117.0,MOUNT BAKER,IMO9822906,WDJ6673,52.0,0.0,40.0,12.0,5.5,52.0,A
367776660,2024-12-29T06:30:58,21.77685,-158.97661,8.7,117.8,118.0,MOUNT BAKER,IMO9822906,WDJ6673,52.0,0.0,40.0,12.0,5.5,52.0,A
367776660,2024-12-29T06:34:39,21.77259,-158.96825,8.6,118.5,117.0,MOUNT BAKER,IMO9822906,WDJ6673,52.0,0.0,40.0,12.0,5.5,52.0,A
367776660,2024-12-29T06:37:05,21.76973,-158.96277,8.9,118.9,120.0,MOUNT BAKER,IMO9822906,WDJ6673,52.0,0.0,40.0,12.0,5.5,52.0,A
367776660,2024-12-29T06:43:21,21.76215,-158.94848,8.9,120.5,118.0,MOUNT BAKER,IMO9822906,WDJ6673,52.0,0.0,40.0,12.0,5.5,52.0,A
367776660,2024-12-29T06:42:08,21.76367,-158.95131,8.9,118.0,118.0,MOUNT BAKER,IMO9822906,WDJ6673,52.0,0.0,40.0,12.0,5.5,52.0,A
367776660,2024-12-29T06:51:27,21.75254,-158.93058,8.4,120.2,116.0,MOUNT BAKER,IMO9822906,WDJ6673,52.0,0.0,40.0,12.0,5.5,52.0,A
367776660,2024-12-29T06:48:39,21.75585,-158.93665,8.6,119.7,120.0,MOUNT BAKER,IMO9822906,WDJ6673,52.0,0.0,40.0,12.0,5.5,52.0,A
367776660,2024-12-29T06:50:22,21.75384,-158.93291,8.5,119.1,117.0,MOUNT BAKER,IMO9822906,WDJ6673,52.0,0.0,40.0,12.0,5.5,52.0,A
367776660,2024-12-29T07:00:02,21.74232,-158.91182,8.6,120.4,120.0,MOUNT BAKER,IMO9822906,WDJ6673,52.0,0.0,40.0,12.0,5.5,52.0,A
367776660,2024-12-29T06:53:12,21.75048,-158.92676,8.4,119.5,119.0,MOUNT BAKER,IMO9822906,WDJ6673,52.0,0.0,40.0,12.0,5.5,52.0,A
367776660,2024-12-29T06:54:17,21.74919,-158.92441,8.4,119.8,118.0,MOUNT BAKER,IMO9822906,WDJ6673,52.0,0.0,40.0,12.0,5.5,52.0,A
367776660,2024-12-29T07:01:13,21.7409,-158.90929,8.6,120.8,118.0,MOUNT BAKER,IMO9822906,WDJ6673,52.0,0.0,40.0,12.0,5.5,52.0,A
367776660,2024-12-29T07:02:18,21.7396,-158.90699,8.2,119.9,117.0,MOUNT BAKER,IMO9822906,WDJ6673,52.0,0.0,40.0,12.0,5.5,52.0,A
367776660,2024-12-29T07:04:22,21.73715,-158.90251,8.5,121.7,118.0,MOUNT BAKER,IMO9822906,WDJ6673,52.0,0.0,40.0,12.0,5.5,52.0,A
367776660,2024-12-29T06:55:46,21.74746,-158.92113,8.5,118.6,117.0,MOUNT BAKER,IMO9822906,WDJ6673,52.0,0.0,40.0,12.0,5.5,52.0,A
367776660,2024-12-29T06:57:27,21.74545,-158.91748,8.3,118.5,117.0,MOUNT BAKER,IMO9822906,WDJ6673,52.0,0.0,40.0,12.0,5.5,52.0,A
367776660,2024-12-29T06:59:04,21.74355,-158.91396,8.6,119.0,117.0,MOUNT BAKER,IMO9822906,WDJ6673,52.0,0.0,40.0,12.0,5.5,52.0,A
367776660,2024-12-29T07:08:35,21.73218,-158.89366,8.2,120.7,117.0,MOUNT BAKER,IMO9822906,WDJ6673,52.0,0.0,40.0,12.0,5.5,52.0,A
367776660,2024-12-29T07:03:21,21.73835,-158.90471,8.5,120.7,116.0,MOUNT BAKER,IMO9822906,WDJ6673,52.0,0.0,40.0,12.0,5.5,52.0,A
367776660,2024-12-29T07:05:24,21.73593,-158.90032,8.3,120.3,118.0,MOUNT BAKER,IMO9822906,WDJ6673,52.0,0.0,40.0,12.0,5.5,52.0,A
367776660,2024-12-29T07:14:27,21.72546,-158.88132,8.1,122.1,116.0,MOUNT BAKER,IMO9822906,WDJ6673,52.0,0.0,40.0,12.0,5.5,52.0,A
367776660,2024-12-29T07:10:53,21.72949,-158.88873,8.2,119.5,118.0,MOUNT BAKER,IMO9822906,WDJ6673,52.0,0.0,40.0,12.0,5.5,52.0,A
367776660,2024-12-29T07:07:33,21.73335,-158.89582,8.1,120.1,116.0,MOUNT BAKER,IMO9822906,WDJ6673,52.0,0.0,40.0,12.0,5.5,52.0,A
367776660,2024-12-29T07:23:13,21.71538,-158.86303,8.4,121.1,118.0,MOUNT BAKER,IMO9822906,WDJ6673,52.0,0.0,40.0,12.0,5.5,52.0,A
367776660,2024-12-29T07:09:38,21.73092,-158.89142,8.3,119.7,116.0,MOUNT BAKER,IMO9822906,WDJ6673,52.0,0.0,40.0,12.0,5.5,52.0,A
367776660,2024-12-29T07:17:53,21.72152,-158.87421,8.2,120.1,118.0,MOUNT BAKER,IMO9822906,WDJ6673,52.0,0.0,40.0,12.0,5.5,52.0,A
367776660,2024-12-29T07:16:33,21.72308,-158.87698,8.0,120.6,118.0,MOUNT BAKER,IMO9822906,WDJ6673,52.0,0.0,40.0,12.0,5.5,52.0,A
367776660,2024-12-29T07:19:48,21.71929,-158.8702,8.2,120.4,118.0,MOUNT BAKER,IMO9822906,WDJ6673,52.0,0.0,40.0,12.0,5.5,52.0,A
367776660,2024-12-29T07:21:21,21.71755,-158.86698,8.1,119.4,118.0,MOUNT BAKER,IMO9822906,WDJ6673,52.0,0.0,40.0,12.0,5.5,52.0,A
367776660,2024-12-29T07:24:37,21.71371,-158.85994,8.6,119.8,118.0,MOUNT BAKER,IMO9822906,WDJ6673,52.0,0.0,40.0,12.0,5.5,52.0,A
367776660,2024-12-29T07:26:12,21.71181,-158.85649,8.6,119.9,119.0,MOUNT BAKER,IMO9822906,WDJ6673,52.0,0.0,40.0,12.0,5.5,52.0,A
367776660,2024-12-29T07:27:28,21.7103,-158.85362,8.5,119.2,117.0,MOUNT BAKER,IMO9822906,WDJ6673,52.0,0.0,40.0,12.0,5.5,52.0,A
367776660,2024-12-29T07:30:37,21.70661,-158.84675,8.4,120.4,118.0,MOUNT BAKER,IMO9822906,WDJ6673,52.0,0.0,40.0,12.0,5.5,52.0,A
367776660,2024-12-29T07:33:28,21.70327,-158.84061,8.2,118.9,118.0,MOUNT BAKER,IMO9822906,WDJ6673,52.0,0.0,40.0,12.0,5.5,52.0,A
367776660,2024-12-29T07:36:07,21.70028,-158.83482,8.3,120.0,117.0,MOUNT BAKER,IMO9822906,WDJ6673,52.0,0.0,40.0,12.0,5.5,52.0,A
367776660,2024-12-29T07:31:40,21.70539,-158.84449,8.4,119.5,120.0,MOUNT BAKER,IMO9822906,WDJ6673,52.0,0.0,40.0,12.0,5.5,52.0,A
367776660,2024-12-29T07:38:24,21.69763,-158.82997,8.3,122.0,120.0,MOUNT BAKER,IMO9822906,WDJ6673,52.0,0.0,40.0,12.0,5.5,52.0,A
367776660,2024-12-29T07:37:11,21.69901,-158.83255,8.3,119.8,117.0,MOUNT BAKER,IMO9822906,WDJ6673,52.0,0.0,40.0,12.0,5.5,52.0,A
367776660,2024-12-29T07:39:48,21.69582,-158.82702,8.5,123.2,123.0,MOUNT BAKER,IMO9822906,WDJ6673,52.0,0.0,40.0,12.0,5.5,52.0,A
367776660,2024-12-29T07:43:41,21.69081,-158.81909,8.2,123.1,121.0,MOUNT BAKER,IMO9822906,WDJ6673,52.0,0.0,40.0,12.0,5.5,52.0,A
367776660,2024-12-29T07:41:32,21.69359,-158.82346,8.2,124.0,120.0,MOUNT BAKER,IMO9822906,WDJ6673,52.0,0.0,40.0,12.0,5.5,52.0,A
367776660,2024-12-29T07:45:35,21.68831,-158.81517,8.4,126.7,124.0,MOUNT BAKER,IMO9822906,WDJ6673,52.0,0.0,40.0,12.0,5.5,52.0,A
367776660,2024-12-29T07:46:40,21.68703,-158.81292,8.2,118.7,118.0,MOUNT BAKER,IMO9822906,WDJ6673,52.0,0.0,40.0,12.0,5.5,52.0,A
367776660,2024-12-29T07:48:32,21.68498,-158.80893,7.9,119.9,116.0,MOUNT BAKER,IMO9822906,WDJ6673,52.0,0.0,40.0,12.0,5.5,52.0,A
367776660,2024-12-29T07:42:39,21.69214,-158.82121,8.1,123.0,121.0,MOUNT BAKER,IMO9822906,WDJ6673,52.0,0.0,40.0,12.0,5.5,52.0,A
367776660,2024-12-29T07:49:54,21.68349,-158.80606,8.2,116.9,118.0,MOUNT BAKER,IMO9822906,WDJ6673,52.0,0.0,40.0,12.0,5.5,52.0,A
367776660,2024-12-29T07:52:43,21.6804,-158.80005,8.2,118.7,116.0,MOUNT BAKER,IMO9822906,WDJ6673,52.0,0.0,40.0,12.0,5.5,52.0,A
367776660,2024-12-29T07:54:22,21.67854,-158.79648,8.2,118.1,117.0,MOUNT BAKER,IMO9822906,WDJ6673,52.0,0.0,40.0,12.0,5.5,52.0,A
367776660,2024-12-29T08:02:14,21.66971,-158.77983,8.4,119.5,116.0,MOUNT BAKER,IMO9822906,WDJ6673,52.0,0.0,40.0,12.0,5.5,52.0,A
367776660,2024-12-29T07:56:55,21.67574,-158.79112,8.0,118.9,117.0,MOUNT BAKER,IMO9822906,WDJ6673,52.0,0.0,40.0,12.0,5.5,52.0,A
367776660,2024-12-29T08:00:02,21.67225,-158.78447,8.3,120.4,120.0,MOUNT BAKER,IMO9822906,WDJ6673,52.0,0.0,40.0,12.0,5.5,52.0,A
367776660,2024-12-29T07:59:04,21.67335,-158.78653,8.1,119.2,117.0,MOUNT BAKER,IMO9822906,WDJ6673,52.0,0.0,40.0,12.0,5.5,52.0,A
367776660,2024-12-29T08:04:18,21.6674,-158.77538,8.5,120.0,117.0,MOUNT BAKER,IMO9822906,WDJ6673,52.0,0.0,40.0,12.0,5.5,52.0,A
367776660,2024-12-29T08:05:21,21.66618,-158.77304,8.2,118.9,115.0,MOUNT BAKER,IMO9822906,WDJ6673,52.0,0.0,40.0,12.0,5.5,52.0,A
367776660,2024-12-29T08:03:15,21.66859,-158.77767,8.5,120.8,118.0,MOUNT BAKER,IMO9822906,WDJ6673,52.0,0.0,40.0,12.0,5.5,52.0,A
367776660,2024-12-29T08:07:25,21.66382,-158.76867,8.1,119.5,115.0,MOUNT BAKER,IMO9822906,WDJ6673,52.0,0.0,40.0,12.0,5.5,52.0,A
367776660,2024-12-29T08:06:23,21.66499,-158.77086,8.3,119.7,117.0,MOUNT BAKER,IMO9822906,WDJ6673,52.0,0.0,40.0,12.0,5.5,52.0,A
367776660,2024-12-29T08:01:11,21.67094,-158.78212,8.2,119.8,115.0,MOUNT BAKER,IMO9822906,WDJ6673,52.0,0.0,40.0,12.0,5.5,52.0,A
367776660,2024-12-29T08:08:26,21.66268,-158.76653,8.1,120.4,117.0,MOUNT BAKER,IMO9822906,WDJ6673,52.0,0.0,40.0,12.0,5.5,52.0,A
367776660,2024-12-29T08:09:28,21.66153,-158.76433,8.0,118.6,116.0,MOUNT BAKER,IMO9822906,WDJ6673,52.0,0.0,40.0,12.0,5.5,52.0,A
367776660,2024-12-29T08:10:29,21.66037,-158.76223,8.1,119.7,118.0,MOUNT BAKER,IMO9822906,WDJ6673,52.0,0.0,40.0,12.0,5.5,52.0,A
367776660,2024-12-29T08:14:53,21.65536,-158.75277,8.5,118.8,116.0,MOUNT BAKER,IMO9822906,WDJ6673,52.0,0.0,40.0,12.0,5.5,52.0,A
367776660,2024-12-29T08:15:55,21.65415,-158.75055,8.6,120.0,116.0,MOUNT BAKER,IMO9822906,WDJ6673,52.0,0.0,40.0,12.0,5.5,52.0,A
367776660,2024-12-29T08:12:42,21.65791,-158.75758,8.4,120.7,116.0,MOUNT BAKER,IMO9822906,WDJ6673,52.0,0.0,40.0,12.0,5.5,52.0,A
367776660,2024-12-29T08:13:45,21.65671,-158.75526,8.4,119.6,118.0,MOUNT BAKER,IMO9822906,WDJ6673,52.0,0.0,40.0,12.0,5.5,52.0,A
367776660,2024-12-29T08:18:15,21.65156,-158.74557,8.0,119.2,116.0,MOUNT BAKER,IMO9822906,WDJ6673,52.0,0.0,40.0,12.0,5.5,52.0,A
367776660,2024-12-29T08:17:11,21.65271,-158.74782,8.2,120.3,117.0,MOUNT BAKER,IMO9822906,WDJ6673,52.0,0.0,40.0,12.0,5.5,52.0,A
367776660,2024-12-29T08:19:24,21.65023,-158.74312,8.0,119.2,115.0,MOUNT BAKER,IMO9822906,WDJ6673,52.0,0.0,40.0,12.0,5.5,52.0,A
367776660,2024-12-29T08:20:33,21.64896,-158.7407,8.2,118.7,116.0,MOUNT BAKER,IMO9822906,WDJ6673,52.0,0.0,40.0,12.0,5.5,52.0,A
367776660,2024-12-29T08:22:54,21.64618,-158.73565,8.4,119.2,116.0,MOUNT BAKER,IMO9822906,WDJ6673,52.0,0.0,40.0,12.0,5.5,52.0,A
367776660,2024-12-29T08:11:41,21.65906,-158.75974,8.0,117.5,117.0,MOUNT BAKER,IMO9822906,WDJ6673,52.0,0.0,40.0,12.0,5.5,52.0,A
367776660,2024-12-29T08:24:15,21.64457,-158.73275,8.4,121.2,116.0,MOUNT BAKER,IMO9822906,WDJ6673,52.0,0.0,40.0,12.0,5.5,52.0,A
367776660,2024-12-29T08:28:38,21.63946,-158.72352,8.4,118.4,115.0,MOUNT BAKER,IMO9822906,WDJ6673,52.0,0.0,40.0,12.0,5.5,52.0,A
367776660,2024-12-29T08:27:35,21.64068,-158.72578,8.2,120.4,115.0,MOUNT BAKER,IMO9822906,WDJ6673,52.0,0.0,40.0,12.0,5.5,52.0,A
367776660,2024-12-29T08:30:49,21.63692,-158.71877,8.4,123.2,118.0,MOUNT BAKER,IMO9822906,WDJ6673,52.0,0.0,40.0,12.0,5.5,52.0,A
367776660,2024-12-29T08:29:43,21.63821,-158.72114,8.4,119.3,118.0,MOUNT BAKER,IMO9822906,WDJ6673,52.0,0.0,40.0,12.0,5.5,52.0,A
367776660,2024-12-29T08:32:00,21.63557,-158.71629,7.9,119.9,119.0,MOUNT BAKER,IMO9822906,WDJ6673,52.0,0.0,40.0,12.0,5.5,52.0,A
367776660,2024-12-29T08:34:08,21.63308,-158.71173,8.4,120.6,114.0,MOUNT BAKER,IMO9822906,WDJ6673,52.0,0.0,40.0,12.0,5.5,52.0,A
367776660,2024-12-29T08:25:32,21.64306,-158.73008,8.1,121.6,118.0,MOUNT BAKER,IMO9822906,WDJ6673,52.0,0.0,40.0,12.0,5.5,52.0,A
367776660,2024-12-29T08:44:44,21.62087,-158.68921,8.3,118.8,115.0,MOUNT BAKER,IMO9822906,WDJ6673,52.0,0.0,40.0,12.0,5.5,52.0,A
367776660,2024-12-29T08:26:33,21.64186,-158.72794,8.2,120.3,117.0,MOUNT BAKER,IMO9822906,WDJ6673,52.0,0.0,40.0,12.0,5.5,52.0,A
367776660,2024-12-29T08:45:57,21.61954,-158.68665,8.2,119.4,117.0,MOUNT BAKER,IMO9822906,WDJ6673,52.0,0.0,40.0,12.0,5.5,52.0,A
367776660,2024-12-29T08:38:13,21.6283,-158.70291,8.2,120.0,119.0,MOUNT BAKER,IMO9822906,WDJ6673,52.0,0.0,40.0,12.0,5.5,52.0,A
367776660,2024-12-29T08:43:12,21.62261,-158.69245,8.2,119.9,119.0,MOUNT BAKER,IMO9822906,WDJ6673,52.0,0.0,40.0,12.0,5.5,52.0,A
367776660,2024-12-29T08:52:34,21.61223,-158.67268,8.1,118.9,116.0,MOUNT BAKER,IMO9822906,WDJ6673,52.0,0.0,40.0,12.0,5.5,52.0,A
367776660,2024-12-29T08:59:11,21.60512,-158.65868,8.0,120.2,118.0,MOUNT BAKER,IMO9822906,WDJ6673,52.0,0.0,40.0,12.0,5.5,52.0,A
367776660,2024-12-29T08:50:09,21.61491,-158.67786,8.0,120.5,116.0,MOUNT BAKER,IMO9822906,WDJ6673,52.0,0.0,40.0,12.0,5.5,52.0,A
367776660,2024-12-29T09:00:01,21.60422,-158.65689,7.9,117.9,113.0,MOUNT BAKER,IMO9822906,WDJ6673,52.0,0.0,40.0,12.0,5.5,52.0,A
367776660,2024-12-29T08:54:12,21.61044,-158.66919,7.9,117.7,115.0,MOUNT BAKER,IMO9822906,WDJ6673,52.0,0.0,40.0,12.0,5.5,52.0,A
367776660,2024-12-29T09:05:08,21.59879,-158.64611,8.1,116.4,116.0,MOUNT BAKER,IMO9822906,WDJ6673,52.0,0.0,40.0,12.0,5.5,52.0,A
367776660,2024-12-29T08:47:22,21.61798,-158.68369,8.0,120.0,114.0,MOUNT BAKER,IMO9822906,WDJ6673,52.0,0.0,40.0,12.0,5.5,52.0,A
367776660,2024-12-29T09:06:29,21.59737,-158.64317,8.2,117.6,116.0,MOUNT BAKER,IMO9822906,WDJ6673,52.0,0.0,40.0,12.0,5.5,52.0,A
367776660,2024-12-29T09:07:35,21.59623,-158.64084,8.3,117.2,119.0,MOUNT BAKER,IMO9822906,WDJ6673,52.0,0.0,40.0,12.0,5.5,52.0,A
367776660,2024-12-29T09:09:42,21.59397,-158.63622,8.3,117.5,115.0,MOUNT BAKER,IMO9822906,WDJ6673,52.0,0.0,40.0,12.0,5.5,52.0,A
367776660,2024-12-29T08:51:25,21.61352,-158.67516,8.3,117.6,117.0,MOUNT BAKER,IMO9822906,WDJ6673,52.0,0.0,40.0,12.0,5.5,52.0,A
367776660,2024-12-29T09:01:03,21.6031,-158.65479,8.0,120.6,119.0,MOUNT BAKER,IMO9822906,WDJ6673,52.0,0.0,40.0,12.0,5.5,52.0,A
367776660,2024-12-29T09:14:24,21.58895,-158.62632,8.0,116.9,116.0,MOUNT BAKER,IMO9822906,WDJ6673,52.0,0.0,40.0,12.0,5.5,52.0,A
367776660,2024-12-29T09:10:51,21.59278,-158.63378,8.1,120.1,116.0,MOUNT BAKER,IMO9822906,WDJ6673,52.0,0.0,40.0,12.0,5.5,52.0,A
367776660,2024-12-29T08:56:55,21.60751,-158.66345,8.3,117.8,117.0,MOUNT BAKER,IMO9822906,WDJ6673,52.0,0.0,40.0,12.0,5.5,52.0,A
367776660,2024-12-29T09:12:02,21.59145,-158.63122,7.9,118.2,119.0,MOUNT BAKER,IMO9822906,WDJ6673,52.0,0.0,40.0,12.0,5.5,52.0,A
367776660,2024-12-29T09:16:59,21.58628,-158.62107,7.8,118.8,117.0,MOUNT BAKER,IMO9822906,WDJ6673,52.0,0.0,40.0,12.0,5.5,52.0,A
367776660,2024-12-29T09:23:08,21.57951,-158.60808,8.1,119.2,117.0,MOUNT BAKER,IMO9822906,WDJ6673,52.0,0.0,40.0,12.0,5.5,52.0,A
367776660,2024-12-29T09:19:59,21.58308,-158.61476,8.1,118.1,115.0,MOUNT BAKER,IMO9822906,WDJ6673,52.0,0.0,40.0,12.0,5.5,52.0,A
367776660,2024-12-29T09:02:04,21.60194,-158.65257,8.2,118.3,118.0,MOUNT BAKER,IMO9822906,WDJ6673,52.0,0.0,40.0,12.0,5.5,52.0,A
367776660,2024-12-29T09:03:05,21.60085,-158.65044,8.0,117.0,117.0,MOUNT BAKER,IMO9822906,WDJ6673,52.0,0.0,40.0,12.0,5.5,52.0,A
367776660,2024-12-29T09:24:55,21.57755,-158.60429,8.2,119.4,115.0,MOUNT BAKER,IMO9822906,WDJ6673,52.0,0.0,40.0,12.0,5.5,52.0,A
367776660,2024-12-29T09:04:07,21.59982,-158.64832,8.1,118.1,117.0,MOUNT BAKER,IMO9822906,WDJ6673,52.0,0.0,40.0,12.0,5.5,52.0,A
367776660,2024-12-29T09:13:06,21.59035,-158.62907,7.8,118.9,115.0,MOUNT BAKER,IMO9822906,WDJ6673,52.0,0.0,40.0,12.0,5.5,52.0,A
367776660,2024-12-29T09:18:32,21.58462,-158.61781,8.2,118.2,117.0,MOUNT BAKER,IMO9822906,WDJ6673,52.0,0.0,40.0,12.0,5.5,52.0,A
367776660,2024-12-29T09:15:57,21.5873,-158.62307,7.9,119.1,119.0,MOUNT BAKER,IMO9822906,WDJ6673,52.0,0.0,40.0,12.0,5.5,52.0,A
367776660,2024-12-29T09:32:12,21.56882,-158.58907,8.2,125.0,124.0,MOUNT BAKER,IMO9822906,WDJ6673,52.0,0.0,40.0,12.0,5.5,52.0,A
367776660,2024-12-29T09:34:21,21.56585,-158.58466,8.3,127.2,119.0,MOUNT BAKER,IMO9822906,WDJ6673,52.0,0.0,40.0,12.0,5.5,52.0,A
367776660,2024-12-29T09:35:33,21.56417,-158.58223,8.3,124.9,124.0,MOUNT BAKER,IMO9822906,WDJ6673,52.0,0.0,40.0,12.0,5.5,52.0,A
367776660,2024-12-29T09:37:40,21.56129,-158.57799,8.3,125.5,122.0,MOUNT BAKER,IMO9822906,WDJ6673,52.0,0.0,40.0,12.0,5.5,52.0,A
367776660,2024-12-29T09:38:48,21.55975,-158.5757,8.5,126.0,123.0,MOUNT BAKER,IMO9822906,WDJ6673,52.0,0.0,40.0,12.0,5.5,52.0,A
367776660,2024-12-29T09:36:35,21.56281,-158.58024,8.3,125.7,122.0,MOUNT BAKER,IMO9822906,WDJ6673,52.0,0.0,40.0,12.0,5.5,52.0,A
367776660,2024-12-29T09:22:04,21.58075,-158.6103,8.1,118.4,118.0,MOUNT BAKER,IMO9822906,WDJ6673,52.0,0.0,40.0,12.0,5.5,52.0,A
367776660,2024-12-29T09:29:45,21.572,-158.59407,8.0,120.8,120.0,MOUNT BAKER,IMO9822906,WDJ6673,52.0,0.0,40.0,12.0,5.5,52.0,A
367776660,2024-12-29T09:27:15,21.57484,-158.59935,8.0,121.0,116.0,MOUNT BAKER,IMO9822906,WDJ6673,52.0,0.0,40.0,12.0,5.5,52.0,A
367776660,2024-12-29T09:30:57,21.57042,-158.59158,8.4,123.2,119.0,MOUNT BAKER,IMO9822906,WDJ6673,52.0,0.0,40.0,12.0,5.5,52.0,A
367776660,2024-12-29T09:43:08,21.5537,-158.56707,8.3,129.0,122.0,MOUNT BAKER,IMO9822906,WDJ6673,52.0,0.0,40.0,12.0,5.5,52.0,A
367776660,2024-12-29T09:33:14,21.56743,-158.587,8.6,125.4,121.0,MOUNT BAKER,IMO9822906,WDJ6673,52.0,0.0,40.0,12.0,5.5,52.0,A
367776660,2024-12-29T09:49:42,21.54434,-158.55386,8.4,126.4,122.0,MOUNT BAKER,IMO9822906,WDJ6673,52.0,0.0,40.0,12.0,5.5,52.0,A
367776660,2024-12-29T09:46:27,21.54902,-158.56038,8.5,127.8,124.0,MOUNT BAKER,IMO9822906,WDJ6673,52.0,0.0,40.0,12.0,5.5,52.0,A
367776660,2024-12-29T09:47:34,21.54737,-158.55815,8.4,127.9,123.0,MOUNT BAKER,IMO9822906,WDJ6673,52.0,0.0,40.0,12.0,5.5,52.0,A
367776660,2024-12-29T09:48:35,21.54591,-158.55612,8.5,126.9,120.0,MOUNT BAKER,IMO9822906,WDJ6673,52.0,0.0,40.0,12.0,5.5,52.0,A
367776660,2024-12-29T09:41:59,21.55533,-158.56933,8.3,126.6,121.0,MOUNT BAKER,IMO9822906,WDJ6673,52.0,0.0,40.0,12.0,5.5,52.0,A
367776660,2024-12-29T09:44:11,21.55222,-158.56498,8.4,130.0,124.0,MOUNT BAKER,IMO9822906,WDJ6673,52.0,0.0,40.0,12.0,5.5,52.0,A
367776660,2024-12-29T09:51:45,21.5414,-158.5497,8.5,127.7,125.0,MOUNT BAKER,IMO9822906,WDJ6673,52.0,0.0,40.0,12.0,5.5,52.0,A
367776660,2024-12-29T09:45:24,21.55055,-158.56255,8.3,127.6,124.0,MOUNT BAKER,IMO9822906,WDJ6673,52.0,0.0,40.0,12.0,5.5,52.0,A
367776660,2024-12-29T09:52:53,21.53978,-158.54741,8.5,126.9,125.0,MOUNT BAKER,IMO9822906,WDJ6673,52.0,0.0,40.0,12.0,5.5,52.0,A
367776660,2024-12-29T09:39:52,21.55831,-158.57363,8.4,127.4,125.0,MOUNT BAKER,IMO9822906,WDJ6673,52.0,0.0,40.0,12.0,5.5,52.0,A
367776660,2024-12-29T09:40:58,21.55675,-158.57136,8.4,127.7,124.0,MOUNT BAKER,IMO9822906,WDJ6673,52.0,0.0,40.0,12.0,5.5,52.0,A
367776660,2024-12-29T09:57:11,21.53354,-158.53873,8.5,128.0,123.0,MOUNT BAKER,IMO9822906,WDJ6673,52.0,0.0,40.0,12.0,5.5,52.0,A
367776660,2024-12-29T10:01:07,21.52772,-158.53049,9.0,128.0,123.0,MOUNT BAKER,IMO9822906,WDJ6673,52.0,0.0,40.0,12.0,5.5,52.0,A
367776660,2024-12-29T10:02:08,21.52614,-158.52836,9.1,128.4,124.0,MOUNT BAKER,IMO9822906,WDJ6673,52.0,0.0,40.0,12.0,5.5,52.0,A
367776660,2024-12-29T09:50:44,21.54285,-158.55174,8.5,127.5,126.0,MOUNT BAKER,IMO9822906,WDJ6673,52.0,0.0,40.0,12.0,5.5,52.0,A
367776660,2024-12-29T10:06:24,21.51967,-158.51927,9.0,126.8,124.0,MOUNT BAKER,IMO9822906,WDJ6673,52.0,0.0,40.0,12.0,5.5,52.0,A
367776660,2024-12-29T10:08:31,21.51646,-158.51476,9.0,127.8,123.0,MOUNT BAKER,IMO9822906,WDJ6673,52.0,0.0,40.0,12.0,5.5,52.0,A
367776660,2024-12-29T09:55:01,21.53669,-158.54312,8.5,129.6,123.0,MOUNT BAKER,IMO9822906,WDJ6673,52.0,0.0,40.0,12.0,5.5,52.0,A
367776660,2024-12-29T09:53:58,21.5382,-158.54522,8.6,126.3,122.0,MOUNT BAKER,IMO9822906,WDJ6673,52.0,0.0,40.0,12.0,5.5,52.0,A
367776660,2024-12-29T10:13:47,21.50847,-158.50348,9.1,127.3,124.0,MOUNT BAKER,IMO9822906,WDJ6673,52.0,0.0,40.0,12.0,5.5,52.0,A
367776660,2024-12-29T09:58:12,21.53206,-158.53662,8.4,125.8,122.0,MOUNT BAKER,IMO9822906,WDJ6673,52.0,0.0,40.0,12.0,5.5,52.0,A
367776660,2024-12-29T09:59:24,21.53027,-158.53412,8.9,127.1,122.0,MOUNT BAKER,IMO9822906,WDJ6673,52.0,0.0,40.0,12.0,5.5,52.0,A
367776660,2024-12-29T10:11:41,21.51166,-158.50798,9.0,127.3,122.0,MOUNT BAKER,IMO9822906,WDJ6673,52.0,0.0,40.0,12.0,5.5,52.0,A
367776660,2024-12-29T10:15:56,21.50524,-158.49896,9.1,127.7,124.0,MOUNT BAKER,IMO9822906,WDJ6673,52.0,0.0,40.0,12.0,5.5,52.0,A
367776660,2024-12-29T10:17:01,21.50352,-158.49664,9.1,128.7,122.0,MOUNT BAKER,IMO9822906,WDJ6673,52.0,0.0,40.0,12.0,5.5,52.0,A
367776660,2024-12-29T10:00:02,21.52934,-158.53282,8.8,127.4,126.0,MOUNT BAKER,IMO9822906,WDJ6673,52.0,0.0,40.0,12.0,5.5,52.0,A
367776660,2024-12-29T10:14:49,21.50693,-158.50133,9.1,129.5,125.0,MOUNT BAKER,IMO9822906,WDJ6673,52.0,0.0,40.0,12.0,5.5,52.0,A
367776660,2024-12-29T10:03:12,21.52452,-158.5261,9.0,127.5,122.0,MOUNT BAKER,IMO9822906,WDJ6673,52.0,0.0,40.0,12.0,5.5,52.0,A
367776660,2024-12-29T10:18:04,21.50188,-158.49433,9.2,126.1,125.0,MOUNT BAKER,IMO9822906,WDJ6673,52.0,0.0,40.0,12.0,5.5,52.0,A
367776660,2024-12-29T10:04:14,21.52294,-158.52386,9.2,129.1,125.0,MOUNT BAKER,IMO9822906,WDJ6673,52.0,0.0,40.0,12.0,5.5,52.0,A
367776660,2024-12-29T10:20:14,21.49856,-158.4898,8.9,127.6,123.0,MOUNT BAKER,IMO9822906,WDJ6673,52.0,0.0,40.0,12.0,5.5,52.0,A
367776660,2024-12-29T10:07:29,21.51803,-158.51698,9.0,128.0,122.0,MOUNT BAKER,IMO9822906,WDJ6673,52.0,0.0,40.0,12.0,5.5,52.0,A
367776660,2024-12-29T10:05:16,21.52141,-158.52169,9.0,126.7,124.0,MOUNT BAKER,IMO9822906,WDJ6673,52.0,0.0,40.0,12.0,5.5,52.0,A
367776660,2024-12-29T10:24:44,21.49164,-158.48039,9.0,126.7,125.0,MOUNT BAKER,IMO9822906,WDJ6673,52.0,0.0,40.0,12.0,5.5,52.0,A
367776660,2024-12-29T10:09:34,21.51482,-158.51247,9.0,127.2,124.0,MOUNT BAKER,IMO9822906,WDJ6673,52.0,0.0,40.0,12.0,5.5,52.0,A
367776660,2024-12-29T10:26:53,21.48842,-158.47586,8.7,128.5,122.0,MOUNT BAKER,IMO9822906,WDJ6673,52.0,0.0,40.0,12.0,5.5,52.0,A
367776660,2024-12-29T10:21:24,21.49677,-158.48739,8.9,130.1,125.0,MOUNT BAKER,IMO9822906,WDJ6673,52.0,0.0,40.0,12.0,5.5,52.0,A
367776660,2024-12-29T10:30:06,21.4835,-158.46904,8.9,128.7,124.0,MOUNT BAKER,IMO9822906,WDJ6673,52.0,0.0,40.0,12.0,5.5,52.0,A
367776660,2024-12-29T10:28:55,21.48532,-158.47158,9.0,128.4,125.0,MOUNT BAKER,IMO9822906,WDJ6673,52.0,0.0,40.0,12.0,5.5,52.0,A
367776660,2024-12-29T10:19:06,21.50025,-158.49216,9.1,127.1,126.0,MOUNT BAKER,IMO9822906,WDJ6673,52.0,0.0,40.0,12.0,5.5,52.0,A
367776660,2024-12-29T10:35:43,21.47463,-158.45708,9.2,128.4,123.0,MOUNT BAKER,IMO9822906,WDJ6673,52.0,0.0,40.0,12.0,5.5,52.0,A
367776660,2024-12-29T10:37:50,21.47127,-158.45252,8.9,129.0,121.0,MOUNT BAKER,IMO9822906,WDJ6673,52.0,0.0,40.0,12.0,5.5,52.0,A
367776660,2024-12-29T10:39:53,21.46797,-158.44815,9.2,130.2,126.0,MOUNT BAKER,IMO9822906,WDJ6673,52.0,0.0,40.0,12.0,5.5,52.0,A
367776660,2024-12-29T10:23:38,21.4933,-158.4827,8.9,128.5,123.0,MOUNT BAKER,IMO9822906,WDJ6673,52.0,0.0,40.0,12.0,5.5,52.0,A
367776660,2024-12-29T10:38:51,21.46965,-158.45037,9.1,128.8,125.0,MOUNT BAKER,IMO9822906,WDJ6673,52.0,0.0,40.0,12.0,5.5,52.0,A
367776660,2024-12-29T10:42:00,21.46447,-158.44377,9.0,129.8,123.0,MOUNT BAKER,IMO9822906,WDJ6673,52.0,0.0,40.0,12.0,5.5,52.0,A
367776660,2024-12-29T10:25:52,21.48992,-158.47801,8.8,127.0,124.0,MOUNT BAKER,IMO9822906,WDJ6673,52.0,0.0,40.0,12.0,5.5,52.0,A
367776660,2024-12-29T10:33:37,21.47801,-158.46159,9.2,127.6,121.0,MOUNT BAKER,IMO9822906,WDJ6673,52.0,0.0,40.0,12.0,5.5,52.0,A
367776660,2024-12-29T10:27:54,21.48688,-158.47371,9.0,127.9,122.0,MOUNT BAKER,IMO9822906,WDJ6673,52.0,0.0,40.0,12.0,5.5,52.0,A
367776660,2024-12-29T10:47:47,21.45461,-158.4315,9.5,129.4,125.0,MOUNT BAKER,IMO9822906,WDJ6673,52.0,0.0,40.0,12.0,5.5,52.0,A
367776660,2024-12-29T10:31:12,21.48181,-158.46674,9.1,126.7,125.0,MOUNT BAKER,IMO9822906,WDJ6673,52.0,0.0,40.0,12.0,5.5,52.0,A
367776660,2024-12-29T10:32:27,21.47982,-158.46408,9.1,128.4,123.0,MOUNT BAKER,IMO9822906,WDJ6673,52.0,0.0,40.0,12.0,5.5,52.0,A
367776660,2024-12-29T10:34:39,21.47633,-158.45943,9.2,128.9,126.0,MOUNT BAKER,IMO9822906,WDJ6673,52.0,0.0,40.0,12.0,5.5,52.0,A
367776660,2024-12-29T10:50:18,21.45032,-158.42614,9.2,130.6,127.0,MOUNT BAKER,IMO9822906,WDJ6673,52.0,0.0,40.0,12.0,5.5,52.0,A
367776660,2024-12-29T10:36:45,21.47297,-158.4548,8.9,128.1,124.0,MOUNT BAKER,IMO9822906,WDJ6673,52.0,0.0,40.0,12.0,5.5,52.0,A
367776660,2024-12-29T10:55:11,21.44212,-158.41574,9.3,130.4,126.0,MOUNT BAKER,IMO9822906,WDJ6673,52.0,0.0,40.0,12.0,5.5,52.0,A
367776660,2024-12-29T10:53:06,21.44559,-158.42015,9.4,130.4,124.0,MOUNT BAKER,IMO9822906,WDJ6673,52.0,0.0,40.0,12.0,5.5,52.0,A
367776660,2024-12-29T10:57:35,21.4382,-158.4108,8.7,130.0,124.0,MOUNT BAKER,IMO9822906,WDJ6673,52.0,0.0,40.0,12.0,5.5,52.0,A
367776660,2024-12-29T11:01:05,21.43255,-158.40339,9.1,129.2,124.0,MOUNT BAKER,IMO9822906,WDJ6673,52.0,0.0,40.0,12.0,5.5,52.0,A
367776660,2024-12-29T10:43:38,21.46166,-158.44035,9.2,132.0,126.0,MOUNT BAKER,IMO9822906,WDJ6673,52.0,0.0,40.0,12.0,5.5,52.0,A
367776660,2024-12-29T10:58:45,21.43635,-158.40832,9.4,129.4,128.0,MOUNT BAKER,IMO9822906,WDJ6673,52.0,0.0,40.0,12.0,5.5,52.0,A
367776660,2024-12-29T10:44:42,21.45982,-158.43809,9.2,130.1,127.0,MOUNT BAKER,IMO9822906,WDJ6673,52.0,0.0,40.0,12.0,5.5,52.0,A
367776660,2024-12-29T11:02:06,21.43094,-158.40127,9.2,128.0,124.0,MOUNT BAKER,IMO9822906,WDJ6673,52.0,0.0,40.0,12.0,5.5,52.0,A
367776660,2024-12-29T10:59:52,21.43451,-158.40598,9.3,128.8,127.0,MOUNT BAKER,IMO9822906,WDJ6673,52.0,0.0,40.0,12.0,5.5,52.0,A
367776660,2024-12-29T11:03:09,21.42924,-158.39898,9.3,128.9,126.0,MOUNT BAKER,IMO9822906,WDJ6673,52.0,0.0,40.0,12.0,5.5,52.0,A
367776660,2024-12-29T10:46:41,21.45647,-158.43388,9.5,130.2,126.0,MOUNT BAKER,IMO9822906,WDJ6673,52.0,0.0,40.0,12.0,5.5,52.0,A
367776660,2024-12-29T11:04:12,21.4275,-158.3967,9.4,129.1,125.0,MOUNT BAKER,IMO9822906,WDJ6673,52.0,0.0,40.0,12.0,5.5,52.0,A
367776660,2024-12-29T10:52:03,21.44736,-158.42237,9.5,130.2,125.0,MOUNT BAKER,IMO9822906,WDJ6673,52.0,0.0,40.0,12.0,5.5,52.0,A
367776660,2024-12-29T11:06:15,21.42421,-158.39239,9.2,130.8,130.0,MOUNT BAKER,IMO9822906,WDJ6673,52.0,0.0,40.0,12.0,5.5,52.0,A
367776660,2024-12-29T10:54:09,21.44384,-158.41789,9.2,130.8,126.0,MOUNT BAKER,IMO9822906,WDJ6673,52.0,0.0,40.0,12.0,5.5,52.0,A
367776660,2024-12-29T11:08:38,21.42016,-158.38769,8.9,134.3,129.0,MOUNT BAKER,IMO9822906,WDJ6673,52.0,0.0,40.0,12.0,5.5,52.0,A
367776660,2024-12-29T11:12:11,21.41421,-158.38088,8.9,133.4,129.0,MOUNT BAKER,IMO9822906,WDJ6673,52.0,0.0,40.0,12.0,5.5,52.0,A
367776660,2024-12-29T11:09:42,21.41836,-158.38561,8.5,134.5,130.0,MOUNT BAKER,IMO9822906,WDJ6673,52.0,0.0,40.0,12.0,5.5,52.0,A
367776660,2024-12-29T11:14:37,21.41019,-158.37624,8.8,132.2,128.0,MOUNT BAKER,IMO9822906,WDJ6673,52.0,0.0,40.0,12.0,5.5,52.0,A
367776660,2024-12-29T11:11:03,21.41613,-158.38309,8.7,133.1,131.0,MOUNT BAKER,IMO9822906,WDJ6673,52.0,0.0,40.0,12.0,5.5,52.0,A
367776660,2024-12-29T11:13:21,21.41229,-158.37867,8.6,132.4,129.0,MOUNT BAKER,IMO9822906,WDJ6673,52.0,0.0,40.0,12.0,5.5,52.0,A
367776660,2024-12-29T11:15:44,21.40832,-158.37406,8.6,131.9,128.0,MOUNT BAKER,IMO9822906,WDJ6673,52.0,0.0,40.0,12.0,5.5,52.0,A
367776660,2024-12-29T11:23:16,21.39661,-158.36244,6.5,140.9,138.0,MOUNT BAKER,IMO9822906,WDJ6673,52.0,0.0,40.0,12.0,5.5,52.0,A
367776660,2024-12-29T11:17:14,21.40586,-158.37122,8.8,132.8,129.0,MOUNT BAKER,IMO9822906,WDJ6673,52.0,0.0,40.0,12.0,5.5,52.0,A
367776660,2024-12-29T11:18:42,21.40338,-158.36843,8.4,137.0,137.0,MOUNT BAKER,IMO9822906,WDJ6673,52.0,0.0,40.0,12.0,5.5,52.0,A
367776660,2024-12-29T11:25:24,21.39362,-158.35992,6.2,141.5,138.0,MOUNT BAKER,IMO9822906,WDJ6673,52.0,0.0,40.0,12.0,5.5,52.0,A
367776660,2024-12-29T11:07:24,21.42224,-158.39005,9.0,131.6,128.0,MOUNT BAKER,IMO9822906,WDJ6673,52.0,0.0,40.0,12.0,5.5,52.0,A
367776660,2024-12-29T11:26:57,21.3915,-158.35814,6.2,141.7,137.0,MOUNT BAKER,IMO9822906,WDJ6673,52.0,0.0,40.0,12.0,5.5,52.0,A
367776660,2024-12-29T11:24:22,21.39508,-158.36117,6.3,141.9,137.0,MOUNT BAKER,IMO9822906,WDJ6673,52.0,0.0,40.0,12.0,5.5,52.0,A
367776660,2024-12-29T11:22:15,21.39803,-158.36369,6.4,142.4,138.0,MOUNT BAKER,IMO9822906,WDJ6673,52.0,0.0,40.0,12.0,5.5,52.0,A
367776660,2024-12-29T11:30:39,21.38647,-158.35378,6.4,140.5,138.0,MOUNT BAKER,IMO9822906,WDJ6673,52.0,0.0,40.0,12.0,5.5,52.0,A
367776660,2024-12-29T11:31:50,21.38481,-158.35234,6.4,140.7,138.0,MOUNT BAKER,IMO9822906,WDJ6673,52.0,0.0,40.0,12.0,5.5,52.0,A
367776660,2024-12-29T11:29:02,21.38868,-158.35571,6.3,141.9,139.0,MOUNT BAKER,IMO9822906,WDJ6673,52.0,0.0,40.0,12.0,5.5,52.0,A
367776660,2024-12-29T11:21:02,21.39974,-158.36517,6.8,141.4,138.0,MOUNT BAKER,IMO9822906,WDJ6673,52.0,0.0,40.0,12.0,5.5,52.0,A
367776660,2024-12-29T11:35:09,21.38018,-158.34829,6.3,140.7,136.0,MOUNT BAKER,IMO9822906,WDJ6673,52.0,0.0,40.0,12.0,5.5,52.0,A
367776660,2024-12-29T11:36:25,21.37838,-158.34673,6.6,141.1,141.0,MOUNT BAKER,IMO9822906,WDJ6673,52.0,0.0,40.0,12.0,5.5,52.0,A
367776660,2024-12-29T11:41:36,21.3711,-158.34048,6.4,142.3,139.0,MOUNT BAKER,IMO9822906,WDJ6673,52.0,0.0,40.0,12.0,5.5,52.0,A
367776660,2024-12-29T11:43:06,21.36902,-158.33873,6.3,142.6,138.0,MOUNT BAKER,IMO9822906,WDJ6673,52.0,0.0,40.0,12.0,5.5,52.0,A
367776660,2024-12-29T11:47:06,21.36346,-158.33408,6.3,141.5,137.0,MOUNT BAKER,IMO9822906,WDJ6673,52.0,0.0,40.0,12.0,5.5,52.0,A
367776660,2024-12-29T11:34:04,21.38168,-158.34961,6.6,139.1,138.0,MOUNT BAKER,IMO9822906,WDJ6673,52.0,0.0,40.0,12.0,5.5,52.0,A
367776660,2024-12-29T11:50:45,21.35831,-158.32988,6.3,142.0,136.0,MOUNT BAKER,IMO9822906,WDJ6673,52.0,0.0,40.0,12.0,5.5,52.0,A
367776660,2024-12-29T11:38:00,21.37619,-158.34482,6.7,140.8,136.0,MOUNT BAKER,IMO9822906,WDJ6673,52.0,0.0,40.0,12.0,5.5,52.0,A
367776660,2024-12-29T11:52:08,21.35635,-158.32831,6.3,143.3,138.0,MOUNT BAKER,IMO9822906,WDJ6673,52.0,0.0,40.0,12.0,5.5,52.0,A
367776660,2024-12-29T11:53:16,21.35475,-158.32707,6.3,143.9,139.0,MOUNT BAKER,IMO9822906,WDJ6673,52.0,0.0,40.0,12.0,5.5,52.0,A
367776660,2024-12-29T11:39:34,21.37397,-158.34292,6.5,140.7,137.0,MOUNT BAKER,IMO9822906,WDJ6673,52.0,0.0,40.0,12.0,5.5,52.0,A
367776660,2024-12-29T11:40:35,21.37254,-158.34169,6.6,141.4,139.0,MOUNT BAKER,IMO9822906,WDJ6673,52.0,0.0,40.0,12.0,5.5,52.0,A
367776660,2024-12-29T11:48:32,21.36145,-158.33241,6.3,142.3,137.0,MOUNT BAKER,IMO9822906,WDJ6673,52.0,0.0,40.0,12.0,5.5,52.0,A
367776660,2024-12-29T11:49:37,21.35991,-158.33115,6.5,142.4,138.0,MOUNT BAKER,IMO9822906,WDJ6673,52.0,0.0,40.0,12.0,5.5,52.0,A
367776660,2024-12-29T11:55:41,21.35127,-158.32441,6.4,144.2,141.0,MOUNT BAKER,IMO9822906,WDJ6673,52.0,0.0,40.0,12.0,5.5,52.0,A
367776660,2024-12-29T11:59:04,21.34636,-158.32067,6.2,142.9,138.0,MOUNT BAKER,IMO9822906,WDJ6673,52.0,0.0,40.0,12.0,5.5,52.0,A
367776660,2024-12-29T12:04:14,21.33949,-158.31447,6.2,137.7,132.0,MOUNT BAKER,IMO9822906,WDJ6673,52.0,0.0,40.0,12.0,5.5,52.0,A
367776660,2024-12-29T12:03:12,21.34081,-158.31575,6.0,138.0,132.0,MOUNT BAKER,IMO9822906,WDJ6673,52.0,0.0,40.0,12.0,5.5,52.0,A
367776660,2024-12-29T11:45:04,21.36629,-158.33643,6.3,142.1,136.0,MOUNT BAKER,IMO9822906,WDJ6673,52.0,0.0,40.0,12.0,5.5,52.0,A
367776660,2024-12-29T11:46:05,21.36488,-158.33525,6.3,142.2,139.0,MOUNT BAKER,IMO9822906,WDJ6673,52.0,0.0,40.0,12.0,5.5,52.0,A
367776660,2024-12-29T12:02:07,21.34224,-158.31711,6.4,138.6,134.0,MOUNT BAKER,IMO9822906,WDJ6673,52.0,0.0,40.0,12.0,5.5,52.0,A
367776660,2024-12-29T12:07:31,21.33537,-158.31039,6.0,136.7,133.0,MOUNT BAKER,IMO9822906,WDJ6673,52.0,0.0,40.0,12.0,5.5,52.0,A
367776660,2024-12-29T12:06:25,21.33678,-158.31177,6.1,136.6,133.0,MOUNT BAKER,IMO9822906,WDJ6673,52.0,0.0,40.0,12.0,5.5,52.0,A
367776660,2024-12-29T11:58:01,21.34783,-158.32181,6.3,144.6,139.0,MOUNT BAKER,IMO9822906,WDJ6673,52.0,0.0,40.0,12.0,5.5,52.0,A
367776660,2024-12-29T12:05:16,21.33819,-158.31319,6.2,137.9,133.0,MOUNT BAKER,IMO9822906,WDJ6673,52.0,0.0,40.0,12.0,5.5,52.0,A
367776660,2024-12-29T12:00:02,21.34505,-158.31958,6.0,142.5,135.0,MOUNT BAKER,IMO9822906,WDJ6673,52.0,0.0,40.0,12.0,5.5,52.0,A
367776660,2024-12-29T12:09:45,21.33276,-158.30753,6.0,132.6,128.0,MOUNT BAKER,IMO9822906,WDJ6673,52.0,0.0,40.0,12.0,5.5,52.0,A
367776660,2024-12-29T11:54:31,21.35295,-158.32571,6.3,143.3,138.0,MOUNT BAKER,IMO9822906,WDJ6673,52.0,0.0,40.0,12.0,5.5,52.0,A
367776660,2024-12-29T11:56:43,21.34973,-158.32326,6.3,144.4,139.0,MOUNT BAKER,IMO9822906,WDJ6673,52.0,0.0,40.0,12.0,5.5,52.0,A
367776660,2024-12-29T12:11:05,21.33124,-158.30576,5.9,130.9,125.0,MOUNT BAKER,IMO9822906,WDJ6673,52.0,0.0,40.0,12.0,5.5,52.0,A
367776660,2024-12-29T12:16:03,21.32593,-158.299,5.9,130.3,125.0,MOUNT BAKER,IMO9822906,WDJ6673,52.0,0.0,40.0,12.0,5.5,52.0,A
367776660,2024-12-29T12:14:39,21.32741,-158.30086,5.8,130.4,124.0,MOUNT BAKER,IMO9822906,WDJ6673,52.0,0.0,40.0,12.0,5.5,52.0,A
367776660,2024-12-29T12:01:06,21.34361,-158.31834,6.3,139.7,135.0,MOUNT BAKER,IMO9822906,WDJ6673,52.0,0.0,40.0,12.0,5.5,52.0,A
367776660,2024-12-29T12:20:12,21.32168,-158.29338,5.6,127.3,123.0,MOUNT BAKER,IMO9822906,WDJ6673,52.0,0.0,40.0,12.0,5.5,52.0,A
367776660,2024-12-29T12:08:43,21.33392,-158.30886,6.2,132.8,127.0,MOUNT BAKER,IMO9822906,WDJ6673,52.0,0.0,40.0,12.0,5.5,52.0,A
367776660,2024-12-29T12:18:06,21.32378,-158.29619,6.0,128.2,123.0,MOUNT BAKER,IMO9822906,WDJ6673,52.0,0.0,40.0,12.0,5.5,52.0,A
367776660,2024-12-29T12:19:11,21.32268,-158.29473,5.9,128.7,124.0,MOUNT BAKER,IMO9822906,WDJ6673,52.0,0.0,40.0,12.0,5.5,52.0,A
367776660,2024-12-29T12:24:30,21.31758,-158.2876,5.7,124.3,120.0,MOUNT BAKER,IMO9822906,WDJ6673,52.0,0.0,40.0,12.0,5.5,52.0,A
367776660,2024-12-29T12:25:31,21.31662,-158.28621,5.6,124.6,119.0,MOUNT BAKER,IMO9822906,WDJ6673,52.0,0.0,40.0,12.0,5.5,52.0,A
367776660,2024-12-29T12:21:24,21.3205,-158.29177,5.7,127.2,122.0,MOUNT BAKER,IMO9822906,WDJ6673,52.0,0.0,40.0,12.0,5.5,52.0,A
367776660,2024-12-29T12:27:41,21.31483,-158.28326,5.5,123.1,119.0,MOUNT BAKER,IMO9822906,WDJ6673,52.0,0.0,40.0,12.0,5.5,52.0,A
367776660,2024-12-29T12:23:26,21.31854,-158.28905,5.7,125.4,120.0,MOUNT BAKER,IMO9822906,WDJ6673,52.0,0.0,40.0,12.0,5.5,52.0,A
367776660,2024-12-29T12:12:25,21.32984,-158.30396,6.0,130.2,124.0,MOUNT BAKER,IMO9822906,WDJ6673,52.0,0.0,40.0,12.0,5.5,52.0,A
367776660,2024-12-29T12:32:01,21.3105,-158.27619,6.9,122.4,119.0,MOUNT BAKER,IMO9822906,WDJ6673,52.0,0.0,40.0,12.0,5.5,52.0,A
367776660,2024-12-29T12:33:06,21.30937,-158.27432,7.1,124.6,120.0,MOUNT BAKER,IMO9822906,WDJ6673,52.0,0.0,40.0,12.0,5.5,52.0,A
367776660,2024-12-29T12:29:53,21.31278,-158.27996,6.2,122.5,118.0,MOUNT BAKER,IMO9822906,WDJ6673,52.0,0.0,40.0,12.0,5.5,52.0,A
367776660,2024-12-29T12:34:31,21.3078,-158.27177,7.0,123.1,120.0,MOUNT BAKER,IMO9822906,WDJ6673,52.0,0.0,40.0,12.0,5.5,52.0,A
367776660,2024-12-29T12:22:25,21.31951,-158.29042,5.6,127.0,123.0,MOUNT BAKER,IMO9822906,WDJ6673,52.0,0.0,40.0,12.0,5.5,52.0,A
367776660,2024-12-29T12:38:50,21.30309,-158.26404,7.0,123.8,119.0,MOUNT BAKER,IMO9822906,WDJ6673,52.0,0.0,40.0,12.0,5.5,52.0,A
367776660,2024-12-29T12:26:32,21.31578,-158.28485,5.5,123.8,117.0,MOUNT BAKER,IMO9822906,WDJ6673,52.0,0.0,40.0,12.0,5.5,52.0,A
367776660,2024-12-29T12:39:52,21.30195,-158.26217,7.2,124.3,120.0,MOUNT BAKER,IMO9822906,WDJ6673,52.0,0.0,40.0,12.0,5.5,52.0,A
367776660,2024-12-29T12:37:45,21.30431,-158.26599,7.2,123.1,120.0,MOUNT BAKER,IMO9822906,WDJ6673,52.0,0.0,40.0,12.0,5.5,52.0,A
367776660,2024-12-29T12:45:11,21.2964,-158.25253,7.3,120.3,118.0,MOUNT BAKER,IMO9822906,WDJ6673,52.0,0.0,40.0,12.0,5.5,52.0,A
367776660,2024-12-29T12:44:06,21.29753,-158.25457,7.2,121.3,119.0,MOUNT BAKER,IMO9822906,WDJ6673,52.0,0.0,40.0,12.0,5.5,52.0,A
367776660,2024-12-29T12:50:43,21.29071,-158.24247,7.3,121.1,119.0,MOUNT BAKER,IMO9822906,WDJ6673,52.0,0.0,40.0,12.0,5.5,52.0,A
367776660,2024-12-29T12:47:19,21.29421,-158.24863,7.2,121.0,117.0,MOUNT BAKER,IMO9822906,WDJ6673,52.0,0.0,40.0,12.0,5.5,52.0,A
367776660,2024-12-29T12:49:33,21.29191,-158.24458,7.2,121.0,118.0,MOUNT BAKER,IMO9822906,WDJ6673,52.0,0.0,40.0,12.0,5.5,52.0,A
367776660,2024-12-29T12:53:11,21.28817,-158.23791,7.4,120.2,119.0,MOUNT BAKER,IMO9822906,WDJ6673,52.0,0.0,40.0,12.0,5.5,52.0,A
367776660,2024-12-29T12:52:05,21.28932,-158.24,7.3,120.2,116.0,MOUNT BAKER,IMO9822906,WDJ6673,52.0,0.0,40.0,12.0,5.5,52.0,A
367776660,2024-12-29T12:43:05,21.29854,-158.25634,7.2,120.6,119.0,MOUNT BAKER,IMO9822906,WDJ6673,52.0,0.0,40.0,12.0,5.5,52.0,A
367776660,2024-12-29T12:40:57,21.30078,-158.26023,7.2,123.4,119.0,MOUNT BAKER,IMO9822906,WDJ6673,52.0,0.0,40.0,12.0,5.5,52.0,A
367776660,2024-12-29T12:55:16,21.28606,-158.23407,7.3,121.1,119.0,MOUNT BAKER,IMO9822906,WDJ6673,52.0,0.0,40.0,12.0,5.5,52.0,A
367776660,2024-12-29T12:59:53,21.28137,-158.22559,7.1,119.9,116.0,MOUNT BAKER,IMO9822906,WDJ6673,52.0,0.0,40.0,12.0,5.5,52.0,A
367776660,2024-12-29T12:56:21,21.28496,-158.2321,7.2,120.4,119.0,MOUNT BAKER,IMO9822906,WDJ6673,52.0,0.0,40.0,12.0,5.5,52.0,A
367776660,2024-12-29T12:57:22,21.28391,-158.23028,7.0,120.5,118.0,MOUNT BAKER,IMO9822906,WDJ6673,52.0,0.0,40.0,12.0,5.5,52.0,A
367776660,2024-12-29T13:00:00,21.28126,-158.22541,7.5,121.3,120.0,MOUNT BAKER,IMO9822906,WDJ6673,52.0,0.0,40.0,12.0,5.5,52.0,A
367776660,2024-12-29T12:46:18,21.29528,-158.25052,7.3,121.9,119.0,MOUNT BAKER,IMO9822906,WDJ6673,52.0,0.0,40.0,12.0,5.5,52.0,A
367776660,2024-12-29T12:48:21,21.29316,-158.24679,7.3,121.1,119.0,MOUNT BAKER,IMO9822906,WDJ6673,52.0,0.0,40.0,12.0,5.5,52.0,A
367776660,2024-12-29T13:01:01,21.28017,-158.22349,7.1,120.8,118.0,MOUNT BAKER,IMO9822906,WDJ6673,52.0,0.0,40.0,12.0,5.5,52.0,A
367776660,2024-12-29T13:05:15,21.27594,-158.21576,7.1,120.5,118.0,MOUNT BAKER,IMO9822906,WDJ6673,52.0,0.0,40.0,12.0,5.5,52.0,A
367776660,2024-12-29T13:06:18,21.27488,-158.21384,7.0,120.1,119.0,MOUNT BAKER,IMO9822906,WDJ6673,52.0,0.0,40.0,12.0,5.5,52.0,A
367776660,2024-12-29T13:04:12,21.27697,-158.21765,7.0,120.5,118.0,MOUNT BAKER,IMO9822906,WDJ6673,52.0,0.0,40.0,12.0,5.5,52.0,A
367776660,2024-12-29T13:07:22,21.27381,-158.2119,7.1,119.5,118.0,MOUNT BAKER,IMO9822906,WDJ6673,52.0,0.0,40.0,12.0,5.5,52.0,A
367776660,2024-12-29T13:09:36,21.27152,-158.20795,7.1,122.7,120.0,MOUNT BAKER,IMO9822906,WDJ6673,52.0,0.0,40.0,12.0,5.5,52.0,A
367776660,2024-12-29T13:02:07,21.27906,-158.22143,7.2,119.4,118.0,MOUNT BAKER,IMO9822906,WDJ6673,52.0,0.0,40.0,12.0,5.5,52.0,A
367776660,2024-12-29T13:12:49,21.26808,-158.2023,7.1,123.3,121.0,MOUNT BAKER,IMO9822906,WDJ6673,52.0,0.0,40.0,12.0,5.5,52.0,A
367776660,2024-12-29T13:03:08,21.27803,-158.21957,7.1,120.3,117.0,MOUNT BAKER,IMO9822906,WDJ6673,52.0,0.0,40.0,12.0,5.5,52.0,A
367776660,2024-12-29T13:18:13,21.2621,-158.19268,7.1,124.2,121.0,MOUNT BAKER,IMO9822906,WDJ6673,52.0,0.0,40.0,12.0,5.5,52.0,A
367776660,2024-12-29T13:13:53,21.26688,-158.20032,7.2,123.9,121.0,MOUNT BAKER,IMO9822906,WDJ6673,52.0,0.0,40.0,12.0,5.5,52.0,A
367776660,2024-12-29T13:15:01,21.26563,-158.19833,7.1,123.7,121.0,MOUNT BAKER,IMO9822906,WDJ6673,52.0,0.0,40.0,12.0,5.5,52.0,A
367776660,2024-12-29T13:20:37,21.2594,-158.18837,7.1,123.7,119.0,MOUNT BAKER,IMO9822906,WDJ6673,52.0,0.0,40.0,12.0,5.5,52.0,A
367776660,2024-12-29T13:22:48,21.25695,-158.18452,7.1,124.2,121.0,MOUNT BAKER,IMO9822906,WDJ6673,52.0,0.0,40.0,12.0,5.5,52.0,A
367776660,2024-12-29T13:08:35,21.27256,-158.20972,7.0,122.6,120.0,MOUNT BAKER,IMO9822906,WDJ6673,52.0,0.0,40.0,12.0,5.5,52.0,A
367776660,2024-12-29T13:10:37,21.27043,-158.20614,6.9,122.7,122.0,MOUNT BAKER,IMO9822906,WDJ6673,52.0,0.0,40.0,12.0,5.5,52.0,A
367776660,2024-12-29T13:11:38,21.26934,-158.20435,7.2,123.2,120.0,MOUNT BAKER,IMO9822906,WDJ6673,52.0,0.0,40.0,12.0,5.5,52.0,A
367776660,2024-12-29T13:27:15,21.2519,-158.17673,7.2,124.6,121.0,MOUNT BAKER,IMO9822906,WDJ6673,52.0,0.0,40.0,12.0,5.5,52.0,A
367776660,2024-12-29T13:21:46,21.25812,-158.18635,7.2,124.0,120.0,MOUNT BAKER,IMO9822906,WDJ6673,52.0,0.0,40.0,12.0,5.5,52.0,A
367776660,2024-12-29T13:28:38,21.25033,-158.17433,7.2,124.7,120.0,MOUNT BAKER,IMO9822906,WDJ6673,52.0,0.0,40.0,12.0,5.5,52.0,A
367776660,2024-12-29T13:25:01,21.25445,-158.18065,7.2,124.7,120.0,MOUNT BAKER,IMO9822906,WDJ6673,52.0,0.0,40.0,12.0,5.5,52.0,A
367776660,2024-12-29T13:26:04,21.25324,-158.17878,7.1,124.4,120.0,MOUNT BAKER,IMO9822906,WDJ6673,52.0,0.0,40.0,12.0,5.5,52.0,A
367776660,2024-12-29T13:16:02,21.26451,-158.19656,7.3,123.9,123.0,MOUNT BAKER,IMO9822906,WDJ6673,52.0,0.0,40.0,12.0,5.5,52.0,A
367776660,2024-12-29T13:31:57,21.24652,-158.16847,7.3,124.6,120.0,MOUNT BAKER,IMO9822906,WDJ6673,52.0,0.0,40.0,12.0,5.5,52.0,A
367776660,2024-12-29T13:30:56,21.24769,-158.17027,7.0,125.5,120.0,MOUNT BAKER,IMO9822906,WDJ6673,52.0,0.0,40.0,12.0,5.5,52.0,A
367776660,2024-12-29T13:19:15,21.26092,-158.19081,7.3,124.3,120.0,MOUNT BAKER,IMO9822906,WDJ6673,52.0,0.0,40.0,12.0,5.5,52.0,A
367776660,2024-12-29T13:34:29,21.24358,-158.16396,7.2,121.7,116.0,MOUNT BAKER,IMO9822906,WDJ6673,52.0,0.0,40.0,12.0,5.5,52.0,A
367776660,2024-12-29T13:29:48,21.24898,-158.17227,7.3,125.4,120.0,MOUNT BAKER,IMO9822906,WDJ6673,52.0,0.0,40.0,12.0,5.5,52.0,A
367776660,2024-12-29T13:35:30,21.2426,-158.16198,7.2,115.6,111.0,MOUNT BAKER,IMO9822906,WDJ6673,52.0,0.0,40.0,12.0,5.5,52.0,A
367776660,2024-12-29T13:33:28,21.24476,-158.16581,7.5,125.4,121.0,MOUNT BAKER,IMO9822906,WDJ6673,52.0,0.0,40.0,12.0,5.5,52.0,A
367776660,2024-12-29T13:36:32,21.24167,-158.15997,7.2,115.2,110.0,MOUNT BAKER,IMO9822906,WDJ6673,52.0,0.0,40.0,12.0,5.5,52.0,A
367776660,2024-12-29T13:38:38,21.23999,-158.15577,7.2,110.6,105.0,MOUNT BAKER,IMO9822906,WDJ6673,52.0,0.0,40.0,12.0,5.5,52.0,A
367776660,2024-12-29T13:23:51,21.25576,-158.18266,7.2,124.9,122.0,MOUNT BAKER,IMO9822906,WDJ6673,52.0,0.0,40.0,12.0,5.5,52.0,A
367776660,2024-12-29T13:39:42,21.23928,-158.15365,7.1,107.7,104.0,MOUNT BAKER,IMO9822906,WDJ6673,52.0,0.0,40.0,12.0,5.5,52.0,A
367776660,2024-12-29T13:40:45,21.23863,-158.15156,7.4,107.6,105.0,MOUNT BAKER,IMO9822906,WDJ6673,52.0,0.0,40.0,12.0,5.5,52.0,A
367776660,2024-12-29T13:37:35,21.24081,-158.15787,7.4,114.5,110.0,MOUNT BAKER,IMO9822906,WDJ6673,52.0,0.0,40.0,12.0,5.5,52.0,A
367776660,2024-12-29T13:44:02,21.23656,-158.14481,7.2,108.5,104.0,MOUNT BAKER,IMO9822906,WDJ6673,52.0,0.0,40.0,12.0,5.5,52.0,A
367776660,2024-12-29T13:45:04,21.23587,-158.14263,7.3,108.0,104.0,MOUNT BAKER,IMO9822906,WDJ6673,52.0,0.0,40.0,12.0,5.5,52.0,A
367776660,2024-12-29T13:46:05,21.23522,-158.14054,7.3,108.1,104.0,MOUNT BAKER,IMO9822906,WDJ6673,52.0,0.0,40.0,12.0,5.5,52.0,A
367776660,2024-12-29T13:48:25,21.2337,-158.13566,7.5,107.7,104.0,MOUNT BAKER,IMO9822906,WDJ6673,52.0,0.0,40.0,12.0,5.5,52.0,A
367776660,2024-12-29T13:50:35,21.23234,-158.13113,7.4,104.6,97.0,MOUNT BAKER,IMO9822906,WDJ6673,52.0,0.0,40.0,12.0,5.5,52.0,A
367776660,2024-12-29T13:49:28,21.233,-158.13343,7.5,108.6,104.0,MOUNT BAKER,IMO9822906,WDJ6673,52.0,0.0,40.0,12.0,5.5,52.0,A
367776660,2024-12-29T13:53:38,21.23107,-158.12453,7.3,99.7,92.0,MOUNT BAKER,IMO9822906,WDJ6673,52.0,0.0,40.0,12.0,5.5,52.0,A
367776660,2024-12-29T13:52:37,21.23148,-158.12676,7.4,100.2,96.0,MOUNT BAKER,IMO9822906,WDJ6673,52.0,0.0,40.0,12.0,5.5,52.0,A
367776660,2024-12-29T13:51:36,21.23187,-158.12895,7.4,102.4,97.0,MOUNT BAKER,IMO9822906,WDJ6673,52.0,0.0,40.0,12.0,5.5,52.0,A
367776660,2024-12-29T13:41:54,21.23792,-158.1492,7.2,108.2,103.0,MOUNT BAKER,IMO9822906,WDJ6673,52.0,0.0,40.0,12.0,5.5,52.0,A
367776660,2024-12-29T13:54:42,21.23078,-158.12222,7.2,95.9,91.0,MOUNT BAKER,IMO9822906,WDJ6673,52.0,0.0,40.0,12.0,5.5,52.0,A
367776660,2024-12-29T13:42:58,21.23721,-158.14697,7.2,107.6,105.0,MOUNT BAKER,IMO9822906,WDJ6673,52.0,0.0,40.0,12.0,5.5,52.0,A
367776660,2024-12-29T13:56:47,21.23035,-158.11767,7.5,95.3,90.0,MOUNT BAKER,IMO9822906,WDJ6673,52.0,0.0,40.0,12.0,5.5,52.0,A
367776660,2024-12-29T13:55:45,21.23055,-158.11995,7.3,95.3,91.0,MOUNT BAKER,IMO9822906,WDJ6673,52.0,0.0,40.0,12.0,5.5,52.0,A
367776660,2024-12-29T13:57:48,21.23017,-158.1154,7.5,95.3,92.0,MOUNT BAKER,IMO9822906,WDJ6673,52.0,0.0,40.0,12.0,5.5,52.0,A
367776660,2024-12-29T13:58:58,21.22996,-158.11274,7.5,94.4,89.0,MOUNT BAKER,IMO9822906,WDJ6673,52.0,0.0,40.0,12.0,5.5,52.0,A
367776660,2024-12-29T13:47:15,21.23447,-158.13813,7.2,107.7,105.0,MOUNT BAKER,IMO9822906,WDJ6673,52.0,0.0,40.0,12.0,5.5,52.0,A
367776660,2024-12-29T13:59:59,21.2298,-158.11047,7.5,93.5,89.0,MOUNT BAKER,IMO9822906,WDJ6673,52.0,0.0,40.0,12.0,5.5,52.0,A
367776660,2024-12-29T14:01:03,21.22965,-158.10812,7.6,93.6,90.0,MOUNT BAKER,IMO9822906,WDJ6673,52.0,0.0,40.0,12.0,5.5,52.0,A
367776660,2024-12-29T14:02:04,21.22953,-158.10583,7.6,93.5,88.0,MOUNT BAKER,IMO9822906,WDJ6673,52.0,0.0,40.0,12.0,5.5,52.0,A
367776660,2024-12-29T14:03:05,21.22937,-158.10344,7.8,93.9,89.0,MOUNT BAKER,IMO9822906,WDJ6673,52.0,0.0,40.0,12.0,5.5,52.0,A
367776660,2024-12-29T14:05:09,21.22913,-158.09872,7.7,93.1,91.0,MOUNT BAKER,IMO9822906,WDJ6673,52.0,0.0,40.0,12.0,5.5,52.0,A
367776660,2024-12-29T14:09:39,21.22862,-158.08839,7.7,93.6,90.0,MOUNT BAKER,IMO9822906,WDJ6673,52.0,0.0,40.0,12.0,5.5,52.0,A
367776660,2024-12-29T14:10:43,21.22846,-158.08589,7.6,92.7,89.0,MOUNT BAKER,IMO9822906,WDJ6673,52.0,0.0,40.0,12.0,5.5,52.0,A
367776660,2024-12-29T14:11:45,21.22829,-158.08356,7.6,94.3,90.0,MOUNT BAKER,IMO9822906,WDJ6673,52.0,0.0,40.0,12.0,5.5,52.0,A
367776660,2024-12-29T14:08:37,21.22873,-158.09072,7.8,92.5,90.0,MOUNT BAKER,IMO9822906,WDJ6673,52.0,0.0,40.0,12.0,5.5,52.0,A
367776660,2024-12-29T14:15:02,21.2278,-158.07604,7.9,93.9,90.0,MOUNT BAKER,IMO9822906,WDJ6673,52.0,0.0,40.0,12.0,5.5,52.0,A
367776660,2024-12-29T14:16:08,21.22761,-158.07349,7.8,94.0,90.0,MOUNT BAKER,IMO9822906,WDJ6673,52.0,0.0,40.0,12.0,5.5,52.0,A
367776660,2024-12-29T14:04:07,21.22927,-158.10105,7.8,92.5,90.0,MOUNT BAKER,IMO9822906,WDJ6673,52.0,0.0,40.0,12.0,5.5,52.0,A
367776660,2024-12-29T14:06:16,21.22898,-158.09617,7.7,92.8,89.0,MOUNT BAKER,IMO9822906,WDJ6673,52.0,0.0,40.0,12.0,5.5,52.0,A
367776660,2024-12-29T14:19:14,21.22711,-158.06634,7.7,93.1,90.0,MOUNT BAKER,IMO9822906,WDJ6673,52.0,0.0,40.0,12.0,5.5,52.0,A
367776660,2024-12-29T14:07:20,21.22892,-158.09368,7.9,92.7,90.0,MOUNT BAKER,IMO9822906,WDJ6673,52.0,0.0,40.0,12.0,5.5,52.0,A
367776660,2024-12-29T14:20:15,21.22696,-158.06404,7.6,94.1,90.0,MOUNT BAKER,IMO9822906,WDJ6673,52.0,0.0,40.0,12.0,5.5,52.0,A
367776660,2024-12-29T14:17:10,21.22744,-158.0711,7.7,94.0,89.0,MOUNT BAKER,IMO9822906,WDJ6673,52.0,0.0,40.0,12.0,5.5,52.0,A
367776660,2024-12-29T14:23:28,21.22646,-158.05663,7.6,92.4,83.0,MOUNT BAKER,IMO9822906,WDJ6673,52.0,0.0,40.0,12.0,5.5,52.0,A
367776660,2024-12-29T14:12:49,21.22811,-158.08115,7.6,94.4,90.0,MOUNT BAKER,IMO9822906,WDJ6673,52.0,0.0,40.0,12.0,5.5,52.0,A
367776660,2024-12-29T14:25:33,21.22666,-158.05189,7.7,86.0,82.0,MOUNT BAKER,IMO9822906,WDJ6673,52.0,0.0,40.0,12.0,5.5,52.0,A
367776660,2024-12-29T14:26:38,21.22683,-158.04948,7.6,84.3,81.0,MOUNT BAKER,IMO9822906,WDJ6673,52.0,0.0,40.0,12.0,5.5,52.0,A
367776660,2024-12-29T14:13:51,21.22794,-158.07879,7.8,93.1,89.0,MOUNT BAKER,IMO9822906,WDJ6673,52.0,0.0,40.0,12.0,5.5,52.0,A
367776660,2024-12-29T14:27:39,21.22702,-158.04723,7.6,85.1,82.0,MOUNT BAKER,IMO9822906,WDJ6673,52.0,0.0,40.0,12.0,5.5,52.0,A
367776660,2024-12-29T14:28:50,21.22722,-158.04458,7.4,85.4,81.0,MOUNT BAKER,IMO9822906,WDJ6673,52.0,0.0,40.0,12.0,5.5,52.0,A
367776660,2024-12-29T14:22:27,21.22654,-158.05897,7.7,94.8,89.0,MOUNT BAKER,IMO9822906,WDJ6673,52.0,0.0,40.0,12.0,5.5,52.0,A
367776660,2024-12-29T14:34:07,21.22819,-158.03301,7.6,82.5,78.0,MOUNT BAKER,IMO9822906,WDJ6673,52.0,0.0,40.0,12.0,5.5,52.0,A
367776660,2024-12-29T14:24:32,21.22648,-158.05424,7.5,86.5,81.0,MOUNT BAKER,IMO9822906,WDJ6673,52.0,0.0,40.0,12.0,5.5,52.0,A
367776660,2024-12-29T14:29:55,21.22741,-158.0422,7.3,85.4,82.0,MOUNT BAKER,IMO9822906,WDJ6673,52.0,0.0,40.0,12.0,5.5,52.0,A
367776660,2024-12-29T14:38:36,21.22989,-158.02287,7.9,76.7,74.0,MOUNT BAKER,IMO9822906,WDJ6673,52.0,0.0,40.0,12.0,5.5,52.0,A
367776660,2024-12-29T14:40:49,21.23108,-158.01787,7.9,74.7,74.0,MOUNT BAKER,IMO9822906,WDJ6673,52.0,0.0,40.0,12.0,5.5,52.0,A
367776660,2024-12-29T14:36:29,21.22892,-158.02775,7.9,79.2,74.0,MOUNT BAKER,IMO9822906,WDJ6673,52.0,0.0,40.0,12.0,5.5,52.0,A
367776660,2024-12-29T14:42:58,21.23224,-158.01296,7.8,76.1,75.0,MOUNT BAKER,IMO9822906,WDJ6673,52.0,0.0,40.0,12.0,5.5,52.0,A
367776660,2024-12-29T14:30:56,21.22757,-158.04004,7.3,84.5,82.0,MOUNT BAKER,IMO9822906,WDJ6673,52.0,0.0,40.0,12.0,5.5,52.0,A
367776660,2024-12-29T14:47:17,21.23455,-158.00341,7.7,74.9,75.0,MOUNT BAKER,IMO9822906,WDJ6673,52.0,0.0,40.0,12.0,5.5,52.0,A
367776660,2024-12-29T14:33:00,21.2279,-158.03548,7.4,84.9,81.0,MOUNT BAKER,IMO9822906,WDJ6673,52.0,0.0,40.0,12.0,5.5,52.0,A
367776660,2024-12-29T14:39:38,21.23044,-158.02051,7.8,76.3,73.0,MOUNT BAKER,IMO9822906,WDJ6673,52.0,0.0,40.0,12.0,5.5,52.0,A
367776660,2024-12-29T14:35:18,21.2285,-158.03045,7.6,82.0,78.0,MOUNT BAKER,IMO9822906,WDJ6673,52.0,0.0,40.0,12.0,5.5,52.0,A
367776660,2024-12-29T14:49:28,21.23567,-157.99863,7.6,75.2,75.0,MOUNT BAKER,IMO9822906,WDJ6673,52.0,0.0,40.0,12.0,5.5,52.0,A
367776660,2024-12-29T14:46:12,21.23396,-158.0058,7.6,75.1,74.0,MOUNT BAKER,IMO9822906,WDJ6673,52.0,0.0,40.0,12.0,5.5,52.0,A
367776660,2024-12-29T14:51:33,21.23676,-157.99409,7.6,75.2,75.0,MOUNT BAKER,IMO9822906,WDJ6673,52.0,0.0,40.0,12.0,5.5,52.0,A
367776660,2024-12-29T14:41:55,21.23167,-158.01538,7.8,76.4,75.0,MOUNT BAKER,IMO9822906,WDJ6673,52.0,0.0,40.0,12.0,5.5,52.0,A
367776660,2024-12-29T14:52:38,21.23737,-157.99167,7.6,75.5,74.0,MOUNT BAKER,IMO9822906,WDJ6673,52.0,0.0,40.0,12.0,5.5,52.0,A
367776660,2024-12-29T14:37:33,21.2294,-158.02523,8.1,78.0,75.0,MOUNT BAKER,IMO9822906,WDJ6673,52.0,0.0,40.0,12.0,5.5,52.0,A
367776660,2024-12-29T14:53:47,21.23801,-157.98912,7.7,75.0,74.0,MOUNT BAKER,IMO9822906,WDJ6673,52.0,0.0,40.0,12.0,5.5,52.0,A
367776660,2024-12-29T14:54:56,21.23867,-157.98655,7.7,74.4,75.0,MOUNT BAKER,IMO9822906,WDJ6673,52.0,0.0,40.0,12.0,5.5,52.0,A
367776660,2024-12-29T14:58:09,21.24052,-157.97947,7.7,73.8,74.0,MOUNT BAKER,IMO9822906,WDJ6673,52.0,0.0,40.0,12.0,5.5,52.0,A
367776660,2024-12-29T14:59:17,21.24125,-157.97694,7.7,73.6,75.0,MOUNT BAKER,IMO9822906,WDJ6673,52.0,0.0,40.0,12.0,5.5,52.0,A
367776660,2024-12-29T15:03:55,21.24409,-157.96674,7.8,73.2,75.0,MOUNT BAKER,IMO9822906,WDJ6673,52.0,0.0,40.0,12.0,5.5,52.0,A
367776660,2024-12-29T15:07:06,21.24608,-157.95962,7.9,73.7,74.0,MOUNT BAKER,IMO9822906,WDJ6673,52.0,0.0,40.0,12.0,5.5,52.0,A
367776660,2024-12-29T15:00:09,21.24177,-157.97506,7.7,73.6,75.0,MOUNT BAKER,IMO9822906,WDJ6673,52.0,0.0,40.0,12.0,5.5,52.0,A
367776660,2024-12-29T14:55:58,21.23925,-157.98428,7.8,74.6,74.0,MOUNT BAKER,IMO9822906,WDJ6673,52.0,0.0,40.0,12.0,5.5,52.0,A
367776660,2024-12-29T15:09:15,21.24746,-157.95471,8.0,73.4,75.0,MOUNT BAKER,IMO9822906,WDJ6673,52.0,0.0,40.0,12.0,5.5,52.0,A
367776660,2024-12-29T15:02:38,21.24331,-157.96957,7.7,73.6,74.0,MOUNT BAKER,IMO9822906,WDJ6673,52.0,0.0,40.0,12.0,5.5,52.0,A
367776660,2024-12-29T15:05:59,21.24539,-157.96216,7.9,73.2,75.0,MOUNT BAKER,IMO9822906,WDJ6673,52.0,0.0,40.0,12.0,5.5,52.0,A
367776660,2024-12-29T15:17:09,21.25365,-157.93714,8.1,62.7,62.0,MOUNT BAKER,IMO9822906,WDJ6673,52.0,0.0,40.0,12.0,5.5,52.0,A
367776660,2024-12-29T15:04:57,21.24478,-157.96444,7.8,73.4,74.0,MOUNT BAKER,IMO9822906,WDJ6673,52.0,0.0,40.0,12.0,5.5,52.0,A
367776660,2024-12-29T15:08:08,21.24674,-157.95727,7.9,73.3,75.0,MOUNT BAKER,IMO9822906,WDJ6673,52.0,0.0,40.0,12.0,5.5,52.0,A
367776660,2024-12-29T15:10:19,21.24812,-157.95233,7.9,73.4,74.0,MOUNT BAKER,IMO9822906,WDJ6673,52.0,0.0,40.0,12.0,5.5,52.0,A
367776660,2024-12-29T15:12:37,21.24968,-157.94709,8.0,69.6,70.0,MOUNT BAKER,IMO9822906,WDJ6673,52.0,0.0,40.0,12.0,5.5,52.0,A
367776660,2024-12-29T15:16:08,21.25265,-157.93937,8.1,63.5,64.0,MOUNT BAKER,IMO9822906,WDJ6673,52.0,0.0,40.0,12.0,5.5,52.0,A
367776660,2024-12-29T15:13:48,21.25059,-157.94448,8.0,69.6,70.0,MOUNT BAKER,IMO9822906,WDJ6673,52.0,0.0,40.0,12.0,5.5,52.0,A
367776660,2024-12-29T15:21:29,21.2587,-157.92829,8.0,55.1,56.0,MOUNT BAKER,IMO9822906,WDJ6673,52.0,0.0,40.0,12.0,5.5,52.0,A
367776660,2024-12-29T15:14:58,21.25156,-157.94192,8.0,66.5,67.0,MOUNT BAKER,IMO9822906,WDJ6673,52.0,0.0,40.0,12.0,5.5,52.0,A
367776660,2024-12-29T15:20:26,21.25738,-157.93041,8.1,56.7,57.0,MOUNT BAKER,IMO9822906,WDJ6673,52.0,0.0,40.0,12.0,5.5,52.0,A
367776660,2024-12-29T15:18:10,21.25471,-157.93501,8.0,63.2,64.0,MOUNT BAKER,IMO9822906,WDJ6673,52.0,0.0,40.0,12.0,5.5,52.0,A
367776660,2024-12-29T15:28:18,21.2647,-157.91855,3.9,58.2,59.0,MOUNT BAKER,IMO9822906,WDJ6673,52.0,0.0,40.0,12.0,5.5,52.0,A
367776660,2024-12-29T15:19:17,21.25597,-157.93271,8.2,56.9,57.0,MOUNT BAKER,IMO9822906,WDJ6673,52.0,0.0,40.0,12.0,5.5,52.0,A
367776660,2024-12-29T15:23:48,21.26156,-157.92374,6.9,57.4,58.0,MOUNT BAKER,IMO9822906,WDJ6673,52.0,0.0,40.0,12.0,5.5,52.0,A
367776660,2024-12-29T15:27:08,21.26401,-157.91973,4.1,56.7,58.0,MOUNT BAKER,IMO9822906,WDJ6673,52.0,0.0,40.0,12.0,5.5,52.0,A
367776660,2024-12-29T15:22:37,21.26017,-157.92603,8.1,55.4,55.0,MOUNT BAKER,IMO9822906,WDJ6673,52.0,0.0,40.0,12.0,5.5,52.0,A
367776660,2024-12-29T15:32:38,21.26707,-157.91457,3.9,57.6,59.0,MOUNT BAKER,IMO9822906,WDJ6673,52.0,0.0,40.0,12.0,5.5,52.0,A
367776660,2024-12-29T15:33:40,21.26767,-157.91353,4.0,57.5,58.0,MOUNT BAKER,IMO9822906,WDJ6673,52.0,0.0,40.0,12.0,5.5,52.0,A
367776660,2024-12-29T15:25:57,21.26328,-157.9209,4.1,56.3,58.0,MOUNT BAKER,IMO9822906,WDJ6673,52.0,0.0,40.0,12.0,5.5,52.0,A
367776660,2024-12-29T15:38:06,21.27041,-157.90872,4.3,61.9,64.0,MOUNT BAKER,IMO9822906,WDJ6673,52.0,0.0,40.0,12.0,5.5,52.0,A
367776660,2024-12-29T15:24:55,21.2626,-157.922,5.3,57.8,58.0,MOUNT BAKER,IMO9822906,WDJ6673,52.0,0.0,40.0,12.0,5.5,52.0,A
367776660,2024-12-29T15:40:11,21.27157,-157.90637,4.3,63.5,65.0,MOUNT BAKER,IMO9822906,WDJ6673,52.0,0.0,40.0,12.0,5.5,52.0,A
367776660,2024-12-29T15:35:47,21.26904,-157.9113,4.3,57.5,58.0,MOUNT BAKER,IMO9822906,WDJ6673,52.0,0.0,40.0,12.0,5.5,52.0,A
367776660,2024-12-29T15:31:37,21.26648,-157.91559,3.8,57.0,58.0,MOUNT BAKER,IMO9822906,WDJ6673,52.0,0.0,40.0,12.0,5.5,52.0,A
367776660,2024-12-29T15:29:21,21.26531,-157.91754,3.7,57.4,59.0,MOUNT BAKER,IMO9822906,WDJ6673,52.0,0.0,40.0,12.0,5.5,52.0,A
367776660,2024-12-29T15:43:27,21.27266,-157.90301,2.9,76.1,76.0,MOUNT BAKER,IMO9822906,WDJ6673,52.0,0.0,40.0,12.0,5.5,52.0,A
367776660,2024-12-29T15:34:41,21.26833,-157.91244,4.2,58.9,58.0,MOUNT BAKER,IMO9822906,WDJ6673,52.0,0.0,40.0,12.0,5.5,52.0,A
367776660,2024-12-29T15:45:31,21.2728,-157.90128,2.4,92.9,87.0,MOUNT BAKER,IMO9822906,WDJ6673,52.0,0.0,40.0,12.0,5.5,52.0,A
367776660,2024-12-29T15:41:13,21.27208,-157.90521,3.9,66.2,66.0,MOUNT BAKER,IMO9822906,WDJ6673,52.0,0.0,40.0,12.0,5.5,52.0,A
367776660,2024-12-29T15:46:37,21.27285,-157.9004,2.9,81.5,77.0,MOUNT BAKER,IMO9822906,WDJ6673,52.0,0.0,40.0,12.0,5.5,52.0,A
367776660,2024-12-29T15:39:08,21.27097,-157.90755,4.3,62.1,63.0,MOUNT BAKER,IMO9822906,WDJ6673,52.0,0.0,40.0,12.0,5.5,52.0,A
367776660,2024-12-29T15:51:08,21.27328,-157.89671,2.7,79.2,80.0,MOUNT BAKER,IMO9822906,WDJ6673,52.0,0.0,40.0,12.0,5.5,52.0,A
367776660,2024-12-29T15:47:39,21.2729,-157.89957,2.2,96.3,95.0,MOUNT BAKER,IMO9822906,WDJ6673,52.0,0.0,40.0,12.0,5.5,52.0,A
367776660,2024-12-29T15:49:51,21.27311,-157.8977,2.5,82.8,84.0,MOUNT BAKER,IMO9822906,WDJ6673,52.0,0.0,40.0,12.0,5.5,52.0,A
367776660,2024-12-29T15:48:49,21.27297,-157.89856,3.2,80.7,80.0,MOUNT BAKER,IMO9822906,WDJ6673,52.0,0.0,40.0,12.0,5.5,52.0,A
367776660,2024-12-29T15:56:30,21.27622,-157.89107,5.5,47.2,45.0,MOUNT BAKER,IMO9822906,WDJ6673,52.0,0.0,40.0,12.0,5.5,52.0,A
367776660,2024-12-29T15:57:31,21.27738,-157.88986,5.7,45.0,45.0,MOUNT BAKER,IMO9822906,WDJ6673,52.0,0.0,40.0,12.0,5.5,52.0,A
367776660,2024-12-29T15:52:19,21.27345,-157.89571,3.0,80.0,76.0,MOUNT BAKER,IMO9822906,WDJ6673,52.0,0.0,40.0,12.0,5.5,52.0,A
367776660,2024-12-29T15:42:16,21.27242,-157.904,3.8,71.8,73.0,MOUNT BAKER,IMO9822906,WDJ6673,52.0,0.0,40.0,12.0,5.5,52.0,A
367776660,2024-12-29T15:55:27,21.27518,-157.89225,5.2,46.0,44.0,MOUNT BAKER,IMO9822906,WDJ6673,52.0,0.0,40.0,12.0,5.5,52.0,A
367776660,2024-12-29T16:01:19,21.2811,-157.88487,5.9,57.9,58.0,MOUNT BAKER,IMO9822906,WDJ6673,52.0,0.0,40.0,12.0,5.5,52.0,A
367776660,2024-12-29T15:59:38,21.27964,-157.88718,5.8,52.9,53.0,MOUNT BAKER,IMO9822906,WDJ6673,52.0,0.0,40.0,12.0,5.5,52.0,A
367776660,2024-12-29T15:54:26,21.27422,-157.89344,4.7,61.3,54.0,MOUNT BAKER,IMO9822906,WDJ6673,52.0,0.0,40.0,12.0,5.5,52.0,A
367776660,2024-12-29T15:58:36,21.27858,-157.88854,5.7,46.2,45.0,MOUNT BAKER,IMO9822906,WDJ6673,52.0,0.0,40.0,12.0,5.5,52.0,A
367776660,2024-12-29T16:03:29,21.28324,-157.88167,5.9,50.2,50.0,MOUNT BAKER,IMO9822906,WDJ6673,52.0,0.0,40.0,12.0,5.5,52.0,A
367776660,2024-12-29T16:04:43,21.28459,-157.88003,5.9,50.2,53.0,MOUNT BAKER,IMO9822906,WDJ6673,52.0,0.0,40.0,12.0,5.5,52.0,A
367776660,2024-12-29T16:02:22,21.28209,-157.8832,5.9,56.6,55.0,MOUNT BAKER,IMO9822906,WDJ6673,52.0,0.0,40.0,12.0,5.5,52.0,A
367776660,2024-12-29T16:00:09,21.28011,-157.88649,5.8,55.3,57.0,MOUNT BAKER,IMO9822906,WDJ6673,52.0,0.0,40.0,12.0,5.5,52.0,A
367776660,2024-12-29T16:05:49,21.28562,-157.87851,5.8,53.3,55.0,MOUNT BAKER,IMO9822906,WDJ6673,52.0,0.0,40.0,12.0,5.5,52.0,A
367776660,2024-12-29T15:53:22,21.27376,-157.89471,3.5,68.9,67.0,MOUNT BAKER,IMO9822906,WDJ6673,52.0,0.0,40.0,12.0,5.5,52.0,A
367776660,2024-12-29T16:08:03,21.2882,-157.87582,5.9,34.6,35.0,MOUNT BAKER,IMO9822906,WDJ6673,52.0,0.0,40.0,12.0,5.5,52.0,A
367776660,2024-12-29T16:06:52,21.28664,-157.87712,5.7,48.2,41.0,MOUNT BAKER,IMO9822906,WDJ6673,52.0,0.0,40.0,12.0,5.5,52.0,A
367776660,2024-12-29T16:11:16,21.29282,-157.87261,6.2,30.0,27.0,MOUNT BAKER,IMO9822906,WDJ6673,52.0,0.0,40.0,12.0,5.5,52.0,A
367776660,2024-12-29T16:13:54,21.29685,-157.87029,6.4,27.7,28.0,MOUNT BAKER,IMO9822906,WDJ6673,52.0,0.0,40.0,12.0,5.5,52.0,A
367776660,2024-12-29T16:12:28,21.29465,-157.87153,6.3,28.9,26.0,MOUNT BAKER,IMO9822906,WDJ6673,52.0,0.0,40.0,12.0,5.5,52.0,A
367776660,2024-12-29T16:17:52,21.30291,-157.86767,5.0,1.5,1.0,MOUNT BAKER,IMO9822906,WDJ6673,52.0,0.0,40.0,12.0,5.5,52.0,A
367776660,2024-12-29T16:21:48,21.30759,-157.87034,4.8,306.3,304.0,MOUNT BAKER,IMO9822906,WDJ6673,52.0,0.0,40.0,12.0,5.5,52.0,A
367776660,2024-12-29T16:16:47,21.30133,-157.86791,5.4,16.9,11.0,MOUNT BAKER,IMO9822906,WDJ6673,52.0,0.0,40.0,12.0,5.5,52.0,A
367776660,2024-12-29T16:22:50,21.30853,-157.87156,5.4,309.5,308.0,MOUNT BAKER,IMO9822906,WDJ6673,52.0,0.0,40.0,12.0,5.5,52.0,A
367776660,2024-12-29T16:19:02,21.30466,-157.86783,5.8,347.5,339.0,MOUNT BAKER,IMO9822906,WDJ6673,52.0,0.0,40.0,12.0,5.5,52.0,A
367776660,2024-12-29T16:10:10,21.29121,-157.87367,6.1,32.2,31.0,MOUNT BAKER,IMO9822906,WDJ6673,52.0,0.0,40.0,12.0,5.5,52.0,A
367776660,2024-12-29T16:25:19,21.31039,-157.87435,4.8,307.8,302.0,MOUNT BAKER,IMO9822906,WDJ6673,52.0,0.0,40.0,12.0,5.5,52.0,A
367776660,2024-12-29T16:24:18,21.30965,-157.87323,4.9,302.2,305.0,MOUNT BAKER,IMO9822906,WDJ6673,52.0,0.0,40.0,12.0,5.5,52.0,A
367776660,2024-12-29T16:27:12,21.31184,-157.87646,4.9,309.6,311.0,MOUNT BAKER,IMO9822906,WDJ6673,52.0,0.0,40.0,12.0,5.5,52.0,A
367776660,2024-12-29T16:31:24,21.31434,-157.87965,3.1,315.8,134.0,MOUNT BAKER,IMO9822906,WDJ6673,52.0,0.0,40.0,12.0,5.5,52.0,A
367776660,2024-12-29T16:20:05,21.30607,-157.86857,5.0,326.9,316.0,MOUNT BAKER,IMO9822906,WDJ6673,52.0,0.0,40.0,12.0,5.5,52.0,A
367776660,2024-12-29T16:36:39,21.31628,-157.88028,2.2,23.3,20.0,MOUNT BAKER,IMO9822906,WDJ6673,52.0,0.0,40.0,12.0,5.5,52.0,A
367776660,2024-12-29T16:29:18,21.31353,-157.87827,4.2,310.9,308.0,MOUNT BAKER,IMO9822906,WDJ6673,52.0,0.0,40.0,12.0,5.5,52.0,A
367776660,2024-12-29T16:33:38,21.31505,-157.88073,0.4,305.4,67.0,MOUNT BAKER,IMO9822906,WDJ6673,52.0,0.0,40.0,12.0,5.5,52.0,A
367776660,2024-12-29T16:32:25,21.31483,-157.88036,2.5,308.2,118.0,MOUNT BAKER,IMO9822906,WDJ6673,52.0,0.0,40.0,12.0,5.5,52.0,A
367776660,2024-12-29T16:42:07,21.31842,-157.87924,0.8,20.0,22.0,MOUNT BAKER,IMO9822906,WDJ6673,52.0,0.0,40.0,12.0,5.5,52.0,A
367776660,2024-12-29T16:28:16,21.31273,-157.87747,4.5,313.2,315.0,MOUNT BAKER,IMO9822906,WDJ6673,52.0,0.0,40.0,12.0,5.5,52.0,A
367776660,2024-12-29T16:43:39,21.31852,-157.8792,0.0,30.1,23.0,MOUNT BAKER,IMO9822906,WDJ6673,52.0,0.0,40.0,12.0,5.5,52.0,A
367776660,2024-12-29T16:46:48,21.3185,-157.8792,0.0,30.1,23.0,MOUNT BAKER,IMO9822906,WDJ6673,52.0,0.0,40.0,12.0,5.5,52.0,A
367776660,2024-12-29T16:49:48,21.31849,-157.87918,0.0,30.1,32.0,MOUNT BAKER,IMO9822906,WDJ6673,52.0,0.0,40.0,12.0,5.5,52.0,A
367776660,2024-12-29T16:38:39,21.31742,-157.87969,2.2,24.0,20.0,MOUNT BAKER,IMO9822906,WDJ6673,52.0,0.0,40.0,12.0,5.5,52.0,A
367776660,2024-12-29T16:52:48,21.31848,-157.87922,0.0,30.1,34.0,MOUNT BAKER,IMO9822906,WDJ6673,52.0,0.0,40.0,12.0,5.5,52.0,A
367776660,2024-12-29T16:53:50,21.3185,-157.87921,0.0,30.1,29.0,MOUNT BAKER,IMO9822906,WDJ6673,52.0,0.0,40.0,12.0,5.5,52.0,A
367776660,2024-12-29T16:57:02,21.31694,-157.88,6.6,203.5,200.0,MOUNT BAKER,IMO9822906,WDJ6673,52.0,0.0,40.0,12.0,5.5,52.0,A
367776660,2024-12-29T16:58:45,21.31384,-157.87894,7.2,132.8,128.0,MOUNT BAKER,IMO9822906,WDJ6673,52.0,0.0,40.0,12.0,5.5,52.0,A
367776660,2024-12-29T16:59:49,21.31249,-157.87714,7.3,127.3,125.0,MOUNT BAKER,IMO9822906,WDJ6673,52.0,0.0,40.0,12.0,5.5,52.0,A
367776660,2024-12-29T17:01:09,21.31096,-157.87473,7.3,124.0,121.0,MOUNT BAKER,IMO9822906,WDJ6673,52.0,0.0,40.0,12.0,5.5,52.0,A
367776660,2024-12-29T17:00:08,21.3121,-157.87655,7.3,126.4,124.0,MOUNT BAKER,IMO9822906,WDJ6673,52.0,0.0,40.0,12.0,5.5,52.0,A
367776660,2024-12-29T17:03:17,21.30843,-157.87097,7.2,121.3,114.0,MOUNT BAKER,IMO9822906,WDJ6673,52.0,0.0,40.0,12.0,5.5,52.0,A
367776660,2024-12-29T17:02:12,21.30971,-157.87292,7.3,127.5,124.0,MOUNT BAKER,IMO9822906,WDJ6673,52.0,0.0,40.0,12.0,5.5,52.0,A
367776660,2024-12-29T17:04:22,21.3086,-157.86928,5.0,39.5,32.0,MOUNT BAKER,IMO9822906,WDJ6673,52.0,0.0,40.0,12.0,5.5,52.0,A
367776660,2024-12-29T17:08:58,21.30994,-157.86853,0.0,358.0,159.0,MOUNT BAKER,IMO9822906,WDJ6673,52.0,5.0,40.0,12.0,5.5,52.0,A
367776660,2024-12-29T17:07:38,21.30992,-157.86856,0.0,358.0,160.0,MOUNT BAKER,IMO9822906,WDJ6673,52.0,0.0,40.0,12.0,5.5,52.0,A
367776660,2024-12-29T17:05:25,21.30946,-157.86856,1.7,60.1,139.0,MOUNT BAKER,IMO9822906,WDJ6673,52.0,0.0,40.0,12.0,5.5,52.0,A
367776660,2024-12-29T17:14:32,21.3099,-157.86856,0.0,358.0,163.0,MOUNT BAKER,IMO9822906,WDJ6673,52.0,5.0,40.0,12.0,5.5,52.0,A
367776660,2024-12-29T17:17:37,21.30992,-157.86852,0.0,358.0,162.0,MOUNT BAKER,IMO9822906,WDJ6673,52.0,5.0,40.0,12.0,5.5,52.0,A
367776660,2024-12-29T17:20:36,21.30991,-157.86853,0.0,358.0,163.0,MOUNT BAKER,IMO9822906,WDJ6673,52.0,5.0,40.0,12.0,5.5,52.0,A
367776660,2024-12-29T17:29:37,21.30992,-157.86854,0.0,358.0,163.0,MOUNT BAKER,IMO9822906,WDJ6673,52.0,5.0,40.0,12.0,5.5,52.0,A
367776660,2024-12-29T17:32:38,21.30992,-157.86854,0.0,358.0,161.0,MOUNT BAKER,IMO9822906,WDJ6673,52.0,5.0,40.0,12.0,5.5,52.0,A
367776660,2024-12-29T17:35:37,21.30996,-157.86854,0.0,358.0,163.0,MOUNT BAKER,IMO9822906,WDJ6673,52.0,5.0,40.0,12.0,5.5,52.0,A
367776660,2024-12-29T17:44:41,21.30996,-157.86856,0.0,358.0,163.0,MOUNT BAKER,IMO9822906,WDJ6673,52.0,5.0,40.0,12.0,5.5,52.0,A
367776660,2024-12-29T17:41:36,21.31002,-157.86857,0.0,358.0,163.0,MOUNT BAKER,IMO9822906,WDJ6673,52.0,5.0,40.0,12.0,5.5,52.0,A
367776660,2024-12-29T17:53:36,21.31001,-157.86851,0.0,358.0,165.0,MOUNT BAKER,IMO9822906,WDJ6673,52.0,5.0,40.0,12.0,5.5,52.0,A
367776660,2024-12-29T17:47:37,21.31,-157.86859,0.0,358.0,164.0,MOUNT BAKER,IMO9822906,WDJ6673,52.0,5.0,40.0,12.0,5.5,52.0,A
367776660,2024-12-29T17:50:41,21.30993,-157.86853,0.0,358.0,165.0,MOUNT BAKER,IMO9822906,WDJ6673,52.0,5.0,40.0,12.0,5.5,52.0,A
367776660,2024-12-29T17:56:31,21.30992,-157.86848,0.0,358.0,156.0,MOUNT BAKER,IMO9822906,WDJ6673,52.0,5.0,40.0,12.0,5.5,52.0,A
367776660,2024-12-29T18:02:36,21.30983,-157.86846,0.0,358.0,162.0,MOUNT BAKER,IMO9822906,WDJ6673,52.0,5.0,40.0,12.0,5.5,52.0,A
367776660,2024-12-29T18:05:39,21.30993,-157.86855,0.0,358.0,162.0,MOUNT BAKER,IMO9822906,WDJ6673,52.0,5.0,40.0,12.0,5.5,52.0,A
367776660,2024-12-29T18:08:38,21.31006,-157.86848,0.0,358.0,161.0,MOUNT BAKER,IMO9822906,WDJ6673,52.0,5.0,40.0,12.0,5.5,52.0,A
367776660,2024-12-29T18:17:37,21.30988,-157.86846,0.0,358.0,162.0,MOUNT BAKER,IMO9822906,WDJ6673,52.0,5.0,40.0,12.0,5.5,52.0,A
367776660,2024-12-29T18:14:36,21.30991,-157.8685,0.0,358.0,162.0,MOUNT BAKER,IMO9822906,WDJ6673,52.0,5.0,40.0,12.0,5.5,52.0,A
367776660,2024-12-29T18:20:35,21.30994,-157.8685,0.0,358.0,162.0,MOUNT BAKER,IMO9822906,WDJ6673,52.0,5.0,40.0,12.0,5.5,52.0,A
367776660,2024-12-29T18:23:37,21.30992,-157.86851,0.0,358.0,160.0,MOUNT BAKER,IMO9822906,WDJ6673,52.0,5.0,40.0,12.0,5.5,52.0,A
367776660,2024-12-29T18:29:36,21.30994,-157.8685,0.0,358.0,163.0,MOUNT BAKER,IMO9822906,WDJ6673,52.0,5.0,40.0,12.0,5.5,52.0,A
367776660,2024-12-29T18:32:37,21.30991,-157.86852,0.0,358.0,160.0,MOUNT BAKER,IMO9822906,WDJ6673,52.0,5.0,40.0,12.0,5.5,52.0,A
367776660,2024-12-29T18:35:37,21.30995,-157.86851,0.0,358.0,162.0,MOUNT BAKER,IMO9822906,WDJ6673,52.0,5.0,40.0,12.0,5.5,52.0,A
367776660,2024-12-29T18:38:36,21.30995,-157.86856,0.0,358.0,159.0,MOUNT BAKER,IMO9822906,WDJ6673,52.0,5.0,40.0,12.0,5.5,52.0,A
367776660,2024-12-29T18:41:37,21.30995,-157.86855,0.0,358.0,160.0,MOUNT BAKER,IMO9822906,WDJ6673,52.0,5.0,40.0,12.0,5.5,52.0,A
367776660,2024-12-29T18:44:35,21.30994,-157.86855,0.0,358.0,160.0,MOUNT BAKER,IMO9822906,WDJ6673,52.0,5.0,40.0,12.0,5.5,52.0,A
367776660,2024-12-29T18:47:38,21.30994,-157.86853,0.0,358.0,159.0,MOUNT BAKER,IMO9822906,WDJ6673,52.0,5.0,40.0,12.0,5.5,52.0,A
367776660,2024-12-29T18:50:37,21.30989,-157.86861,0.0,358.0,163.0,MOUNT BAKER,IMO9822906,WDJ6673,52.0,5.0,40.0,12.0,5.5,52.0,A
367776660,2024-12-29T18:53:37,21.30995,-157.86864,0.0,358.0,164.0,MOUNT BAKER,IMO9822906,WDJ6673,52.0,5.0,40.0,12.0,5.5,52.0,A
367776660,2024-12-29T18:56:36,21.31001,-157.86856,0.0,358.0,162.0,MOUNT BAKER,IMO9822906,WDJ6673,52.0,5.0,40.0,12.0,5.5,52.0,A
367776660,2024-12-29T18:59:39,21.30995,-157.86852,0.0,358.0,163.0,MOUNT BAKER,IMO9822906,WDJ6673,52.0,5.0,40.0,12.0,5.5,52.0,A
367776660,2024-12-29T19:50:36,21.30992,-157.86847,0.0,358.0,162.0,MOUNT BAKER,IMO9822906,WDJ6673,52.0,5.0,40.0,12.0,5.5,52.0,A
367776660,2024-12-29T19:53:37,21.30993,-157.86848,0.0,358.0,164.0,MOUNT BAKER,IMO9822906,WDJ6673,52.0,5.0,40.0,12.0,5.5,52.0,A
367776660,2024-12-29T19:56:36,21.30993,-157.86854,0.0,358.0,165.0,MOUNT BAKER,IMO9822906,WDJ6673,52.0,5.0,40.0,12.0,5.5,52.0,A
367776660,2024-12-29T19:59:37,21.30997,-157.86852,0.0,358.0,164.0,MOUNT BAKER,IMO9822906,WDJ6673,52.0,5.0,40.0,12.0,5.5,52.0,A
367776660,2024-12-29T20:08:39,21.31,-157.86854,0.0,358.0,165.0,MOUNT BAKER,IMO9822906,WDJ6673,52.0,5.0,40.0,12.0,5.5,52.0,A
367776660,2024-12-29T20:05:37,21.30998,-157.86857,0.0,358.0,165.0,MOUNT BAKER,IMO9822906,WDJ6673,52.0,5.0,40.0,12.0,5.5,52.0,A
367776660,2024-12-29T20:11:37,21.30995,-157.86851,0.0,358.0,162.0,MOUNT BAKER,IMO9822906,WDJ6673,52.0,5.0,40.0,12.0,5.5,52.0,A
367776660,2024-12-29T20:17:38,21.30989,-157.86864,0.0,358.0,162.0,MOUNT BAKER,IMO9822906,WDJ6673,52.0,5.0,40.0,12.0,5.5,52.0,A
367776660,2024-12-29T20:14:40,21.30994,-157.86856,0.0,358.0,163.0,MOUNT BAKER,IMO9822906,WDJ6673,52.0,5.0,40.0,12.0,5.5,52.0,A
367776660,2024-12-29T20:23:40,21.30993,-157.86854,0.0,358.0,163.0,MOUNT BAKER,IMO9822906,WDJ6673,52.0,5.0,40.0,12.0,5.5,52.0,A
367776660,2024-12-29T20:26:36,21.30994,-157.86856,0.0,358.0,165.0,MOUNT BAKER,IMO9822906,WDJ6673,52.0,5.0,40.0,12.0,5.5,52.0,A
367776660,2024-12-29T20:29:41,21.30995,-157.86853,0.0,358.0,164.0,MOUNT BAKER,IMO9822906,WDJ6673,52.0,5.0,40.0,12.0,5.5,52.0,A
367776660,2024-12-29T20:32:36,21.30995,-157.86854,0.0,358.0,163.0,MOUNT BAKER,IMO9822906,WDJ6673,52.0,5.0,40.0,12.0,5.5,52.0,A
367776660,2024-12-29T20:35:41,21.30995,-157.86856,0.0,358.0,165.0,MOUNT BAKER,IMO9822906,WDJ6673,52.0,5.0,40.0,12.0,5.5,52.0,A
367776660,2024-12-29T20:38:36,21.30996,-157.86852,0.0,358.0,165.0,MOUNT BAKER,IMO9822906,WDJ6673,52.0,5.0,40.0,12.0,5.5,52.0,A
367776660,2024-12-29T20:41:40,21.30997,-157.86855,0.0,358.0,164.0,MOUNT BAKER,IMO9822906,WDJ6673,52.0,5.0,40.0,12.0,5.5,52.0,A
367776660,2024-12-29T20:47:39,21.30998,-157.86848,0.0,358.0,166.0,MOUNT BAKER,IMO9822906,WDJ6673,52.0,5.0,40.0,12.0,5.5,52.0,A
367776660,2024-12-29T20:44:37,21.30996,-157.86853,0.0,358.0,165.0,MOUNT BAKER,IMO9822906,WDJ6673,52.0,5.0,40.0,12.0,5.5,52.0,A
367776660,2024-12-29T20:50:37,21.30996,-157.86851,0.0,358.0,165.0,MOUNT BAKER,IMO9822906,WDJ6673,52.0,5.0,40.0,12.0,5.5,52.0,A
367776660,2024-12-29T20:56:39,21.31004,-157.86853,0.0,358.0,162.0,MOUNT BAKER,IMO9822906,WDJ6673,52.0,5.0,40.0,12.0,5.5,52.0,A
367776660,2024-12-29T20:59:39,21.30996,-157.86855,0.0,358.0,165.0,MOUNT BAKER,IMO9822906,WDJ6673,52.0,5.0,40.0,12.0,5.5,52.0,A
367776660,2024-12-29T21:05:39,21.30996,-157.86849,0.0,358.0,164.0,MOUNT BAKER,IMO9822906,WDJ6673,52.0,5.0,40.0,12.0,5.5,52.0,A
367776660,2024-12-29T21:02:40,21.30995,-157.86851,0.0,358.0,164.0,MOUNT BAKER,IMO9822906,WDJ6673,52.0,5.0,40.0,12.0,5.5,52.0,A
367776660,2024-12-29T21:14:40,21.30994,-157.86853,0.0,358.0,161.0,MOUNT BAKER,IMO9822906,WDJ6673,52.0,5.0,40.0,12.0,5.5,52.0,A
367776660,2024-12-29T21:11:41,21.3099,-157.86854,0.0,358.0,161.0,MOUNT BAKER,IMO9822906,WDJ6673,52.0,5.0,40.0,12.0,5.5,52.0,A
367776660,2024-12-29T21:17:41,21.30993,-157.86853,0.0,358.0,160.0,MOUNT BAKER,IMO9822906,WDJ6673,52.0,5.0,40.0,12.0,5.5,52.0,A
367776660,2024-12-29T21:20:38,21.30995,-157.86853,0.0,358.0,162.0,MOUNT BAKER,IMO9822906,WDJ6673,52.0,5.0,40.0,12.0,5.5,52.0,A
367776660,2024-12-29T21:23:41,21.30998,-157.86855,0.0,358.0,161.0,MOUNT BAKER,IMO9822906,WDJ6673,52.0,5.0,40.0,12.0,5.5,52.0,A
367776660,2024-12-29T21:26:38,21.30995,-157.86857,0.0,358.0,161.0,MOUNT BAKER,IMO9822906,WDJ6673,52.0,5.0,40.0,12.0,5.5,52.0,A
367776660,2024-12-29T21:29:32,21.3099,-157.86858,0.0,358.0,161.0,MOUNT BAKER,IMO9822906,WDJ6673,52.0,5.0,40.0,12.0,5.5,52.0,A
367776660,2024-12-29T21:32:39,21.30988,-157.86862,0.0,358.0,163.0,MOUNT BAKER,IMO9822906,WDJ6673,52.0,5.0,40.0,12.0,5.5,52.0,A
367776660,2024-12-29T21:38:40,21.30993,-157.86865,0.0,358.0,162.0,MOUNT BAKER,IMO9822906,WDJ6673,52.0,5.0,40.0,12.0,5.5,52.0,A
367776660,2024-12-29T21:41:36,21.3099,-157.86858,0.0,358.0,164.0,MOUNT BAKER,IMO9822906,WDJ6673,52.0,5.0,40.0,12.0,5.5,52.0,A
367776660,2024-12-29T21:44:41,21.30994,-157.86854,0.0,358.0,163.0,MOUNT BAKER,IMO9822906,WDJ6673,52.0,5.0,40.0,12.0,5.5,52.0,A
367776660,2024-12-29T21:47:38,21.30995,-157.86855,0.0,358.0,162.0,MOUNT BAKER,IMO9822906,WDJ6673,52.0,5.0,40.0,12.0,5.5,52.0,A
367776660,2024-12-29T21:53:40,21.30988,-157.86856,0.0,358.0,163.0,MOUNT BAKER,IMO9822906,WDJ6673,52.0,5.0,40.0,12.0,5.5,52.0,A
367776660,2024-12-29T21:59:40,21.30996,-157.86855,0.0,358.0,164.0,MOUNT BAKER,IMO9822906,WDJ6673,52.0,5.0,40.0,12.0,5.5,52.0,A
367776660,2024-12-29T22:02:34,21.30994,-157.86855,0.0,358.0,164.0,MOUNT BAKER,IMO9822906,WDJ6673,52.0,5.0,40.0,12.0,5.5,52.0,A
367776660,2024-12-29T22:08:34,21.30994,-157.86855,0.0,358.0,162.0,MOUNT BAKER,IMO9822906,WDJ6673,52.0,5.0,40.0,12.0,5.5,52.0,A
367776660,2024-12-29T22:11:39,21.31,-157.86848,0.0,358.0,162.0,MOUNT BAKER,IMO9822906,WDJ6673,52.0,5.0,40.0,12.0,5.5,52.0,A
367776660,2024-12-29T22:14:35,21.31003,-157.86855,0.0,358.0,164.0,MOUNT BAKER,IMO9822906,WDJ6673,52.0,5.0,40.0,12.0,5.5,52.0,A
367776660,2024-12-29T22:23:41,21.30993,-157.86858,0.0,358.0,163.0,MOUNT BAKER,IMO9822906,WDJ6673,52.0,5.0,40.0,12.0,5.5,52.0,A
367776660,2024-12-29T22:26:37,21.31,-157.86855,0.0,358.0,164.0,MOUNT BAKER,IMO9822906,WDJ6673,52.0,5.0,40.0,12.0,5.5,52.0,A
367776660,2024-12-29T22:29:40,21.30996,-157.86853,0.0,358.0,164.0,MOUNT BAKER,IMO9822906,WDJ6673,52.0,5.0,40.0,12.0,5.5,52.0,A
367776660,2024-12-29T22:32:37,21.31,-157.86856,0.0,358.0,160.0,MOUNT BAKER,IMO9822906,WDJ6673,52.0,5.0,40.0,12.0,5.5,52.0,A
367776660,2024-12-29T22:35:40,21.30992,-157.86871,0.0,358.0,163.0,MOUNT BAKER,IMO9822906,WDJ6673,52.0,5.0,40.0,12.0,5.5,52.0,A
367776660,2024-12-29T22:38:36,21.31005,-157.86866,0.0,358.0,165.0,MOUNT BAKER,IMO9822906,WDJ6673,52.0,5.0,40.0,12.0,5.5,52.0,A
367776660,2024-12-29T22:44:34,21.31005,-157.86858,0.0,358.0,165.0,MOUNT BAKER,IMO9822906,WDJ6673,52.0,5.0,40.0,12.0,5.5,52.0,A
367776660,2024-12-29T22:50:35,21.30993,-157.86853,0.0,358.0,163.0,MOUNT BAKER,IMO9822906,WDJ6673,52.0,5.0,40.0,12.0,5.5,52.0,A
367776660,2024-12-29T22:47:32,21.31014,-157.8686,0.0,358.0,164.0,MOUNT BAKER,IMO9822906,WDJ6673,52.0,5.0,40.0,12.0,5.5,52.0,A
367776660,2024-12-29T22:53:36,21.31011,-157.86859,0.0,358.0,163.0,MOUNT BAKER,IMO9822906,WDJ6673,52.0,5.0,40.0,12.0,5.5,52.0,A
367776660,2024-12-29T23:02:35,21.31005,-157.86858,0.0,358.0,165.0,MOUNT BAKER,IMO9822906,WDJ6673,52.0,5.0,40.0,12.0,5.5,52.0,A
367776660,2024-12-29T22:59:36,21.31006,-157.86867,0.0,358.0,164.0,MOUNT BAKER,IMO9822906,WDJ6673,52.0,5.0,40.0,12.0,5.5,52.0,A
367776660,2024-12-29T23:05:36,21.31003,-157.86859,0.0,358.0,164.0,MOUNT BAKER,IMO9822906,WDJ6673,52.0,5.0,40.0,12.0,5.5,52.0,A
367776660,2024-12-29T23:08:37,21.30997,-157.86863,0.0,358.0,159.0,MOUNT BAKER,IMO9822906,WDJ6673,52.0,5.0,40.0,12.0,5.5,52.0,A
367776660,2024-12-29T23:11:33,21.31006,-157.86858,0.0,358.0,161.0,MOUNT BAKER,IMO9822906,WDJ6673,52.0,5.0,40.0,12.0,5.5,52.0,A
367776660,2024-12-29T23:14:38,21.31007,-157.86861,0.0,358.0,166.0,MOUNT BAKER,IMO9822906,WDJ6673,52.0,5.0,40.0,12.0,5.5,52.0,A
367776660,2024-12-29T23:17:34,21.3101,-157.86858,0.0,358.0,165.0,MOUNT BAKER,IMO9822906,WDJ6673,52.0,5.0,40.0,12.0,5.5,52.0,A
367776660,2024-12-29T23:20:37,21.31001,-157.86856,0.0,358.0,162.0,MOUNT BAKER,IMO9822906,WDJ6673,52.0,5.0,40.0,12.0,5.5,52.0,A
367776660,2024-12-29T23:23:34,21.31002,-157.86856,0.0,358.0,166.0,MOUNT BAKER,IMO9822906,WDJ6673,52.0,5.0,40.0,12.0,5.5,52.0,A
367776660,2024-12-29T23:26:37,21.30997,-157.86862,0.0,358.0,161.0,MOUNT BAKER,IMO9822906,WDJ6673,52.0,5.0,40.0,12.0,5.5,52.0,A
367776660,2024-12-29T23:29:38,21.31002,-157.86852,0.0,358.0,163.0,MOUNT BAKER,IMO9822906,WDJ6673,52.0,5.0,40.0,12.0,5.5,52.0,A
367776660,2024-12-29T23:35:36,21.30995,-157.86853,0.0,358.0,164.0,MOUNT BAKER,IMO9822906,WDJ6673,52.0,5.0,40.0,12.0,5.5,52.0,A
367776660,2024-12-29T23:32:35,21.30997,-157.86863,0.0,358.0,166.0,MOUNT BAKER,IMO9822906,WDJ6673,52.0,5.0,40.0,12.0,5.5,52.0,A
367776660,2024-12-29T23:38:36,21.30994,-157.86859,0.0,358.0,165.0,MOUNT BAKER,IMO9822906,WDJ6673,52.0,5.0,40.0,12.0,5.5,52.0,A
367776660,2024-12-29T23:41:35,21.31007,-157.86846,0.0,358.0,166.0,MOUNT BAKER,IMO9822906,WDJ6673,52.0,5.0,40.0,12.0,5.5,52.0,A
367776660,2024-12-29T23:47:37,21.31005,-157.86848,0.0,358.0,161.0,MOUNT BAKER,IMO9822906,WDJ6673,52.0,5.0,40.0,12.0,5.5,52.0,A
367776660,2024-12-29T23:59:35,21.31001,-157.86871,0.0,358.0,163.0,MOUNT BAKER,IMO9822906,WDJ6673,52.0,5.0,40.0,12.0,5.5,52.0,A
367776660,2024-12-29T04:29:50,21.91464,-159.25421,8.6,115.0,111.0,MOUNT BAKER,IMO9822906,WDJ6673,52.0,0.0,40.0,12.0,5.5,52.0,A
367776660,2024-12-29T04:49:01,21.89504,-159.20899,8.6,114.8,113.0,MOUNT BAKER,IMO9822906,WDJ6673,52.0,0.0,40.0,12.0,5.5,52.0,A
367776660,2024-12-29T04:55:45,21.88809,-159.19328,8.8,114.7,113.0,MOUNT BAKER,IMO9822906,WDJ6673,52.0,0.0,40.0,12.0,5.5,52.0,A
367776660,2024-12-29T05:01:05,21.88195,-159.18115,8.7,118.1,118.0,MOUNT BAKER,IMO9822906,WDJ6673,52.0,0.0,40.0,12.0,5.5,52.0,A
367776660,2024-12-29T05:04:19,21.87823,-159.1739,8.7,119.2,117.0,MOUNT BAKER,IMO9822906,WDJ6673,52.0,0.0,40.0,12.0,5.5,52.0,A
367776660,2024-12-29T05:08:30,21.87328,-159.16431,8.7,118.1,117.0,MOUNT BAKER,IMO9822906,WDJ6673,52.0,0.0,40.0,12.0,5.5,52.0,A
367776660,2024-12-29T05:09:32,21.87205,-159.16194,8.8,119.5,118.0,MOUNT BAKER,IMO9822906,WDJ6673,52.0,0.0,40.0,12.0,5.5,52.0,A
367776660,2024-12-29T05:13:08,21.86783,-159.15374,8.7,119.3,118.0,MOUNT BAKER,IMO9822906,WDJ6673,52.0,0.0,40.0,12.0,5.5,52.0,A
367776660,2024-12-29T05:27:52,21.85055,-159.11993,9.0,119.6,116.0,MOUNT BAKER,IMO9822906,WDJ6673,52.0,0.0,40.0,12.0,5.5,52.0,A
367776660,2024-12-29T05:29:17,21.84886,-159.11662,8.7,118.0,118.0,MOUNT BAKER,IMO9822906,WDJ6673,52.0,0.0,40.0,12.0,5.5,52.0,A
367776660,2024-12-29T05:32:32,21.8449,-159.10906,9.0,119.3,119.0,MOUNT BAKER,IMO9822906,WDJ6673,52.0,0.0,40.0,12.0,5.5,52.0,A
367776660,2024-12-29T05:34:58,21.84198,-159.10339,8.8,119.0,118.0,MOUNT BAKER,IMO9822906,WDJ6673,52.0,0.0,40.0,12.0,5.5,52.0,A
367776660,2024-12-29T05:46:48,21.82803,-159.07608,8.6,119.2,117.0,MOUNT BAKER,IMO9822906,WDJ6673,52.0,0.0,40.0,12.0,5.5,52.0,A
367776660,2024-12-29T06:05:19,21.80653,-159.0346,8.6,118.8,116.0,MOUNT BAKER,IMO9822906,WDJ6673,52.0,0.0,40.0,12.0,5.5,52.0,A
367776660,2024-12-29T06:28:11,21.78004,-158.98293,8.9,118.7,118.0,MOUNT BAKER,IMO9822906,WDJ6673,52.0,0.0,40.0,12.0,5.5,52.0,A
367776660,2024-12-29T06:32:12,21.7754,-158.97381,8.6,119.3,118.0,MOUNT BAKER,IMO9822906,WDJ6673,52.0,0.0,40.0,12.0,5.5,52.0,A
367776660,2024-12-29T06:39:43,21.76655,-158.95682,8.7,119.6,118.0,MOUNT BAKER,IMO9822906,WDJ6673,52.0,0.0,40.0,12.0,5.5,52.0,A
367776660,2024-12-29T06:44:34,21.76072,-158.94567,8.9,119.2,117.0,MOUNT BAKER,IMO9822906,WDJ6673,52.0,0.0,40.0,12.0,5.5,52.0,A
367776660,2024-12-29T06:47:14,21.75757,-158.93977,8.8,120.0,120.0,MOUNT BAKER,IMO9822906,WDJ6673,52.0,0.0,40.0,12.0,5.5,52.0,A
367776660,2024-12-29T07:06:29,21.73466,-158.89802,8.0,121.4,119.0,MOUNT BAKER,IMO9822906,WDJ6673,52.0,0.0,40.0,12.0,5.5,52.0,A
367776660,2024-12-29T07:11:55,21.7283,-158.88656,8.0,120.4,117.0,MOUNT BAKER,IMO9822906,WDJ6673,52.0,0.0,40.0,12.0,5.5,52.0,A
367776660,2024-12-29T07:13:25,21.72666,-158.88348,7.9,119.4,120.0,MOUNT BAKER,IMO9822906,WDJ6673,52.0,0.0,40.0,12.0,5.5,52.0,A
367776660,2024-12-29T07:34:54,21.70167,-158.83752,8.2,119.3,118.0,MOUNT BAKER,IMO9822906,WDJ6673,52.0,0.0,40.0,12.0,5.5,52.0,A
367776660,2024-12-29T07:55:54,21.67683,-158.79321,8.1,118.8,118.0,MOUNT BAKER,IMO9822906,WDJ6673,52.0,0.0,40.0,12.0,5.5,52.0,A
367776660,2024-12-29T08:21:48,21.64753,-158.73809,8.4,121.9,118.0,MOUNT BAKER,IMO9822906,WDJ6673,52.0,0.0,40.0,12.0,5.5,52.0,A
367776660,2024-12-29T08:33:02,21.63438,-158.7141,8.3,120.1,118.0,MOUNT BAKER,IMO9822906,WDJ6673,52.0,0.0,40.0,12.0,5.5,52.0,A
367776660,2024-12-29T08:35:16,21.63178,-158.70932,8.2,119.6,118.0,MOUNT BAKER,IMO9822906,WDJ6673,52.0,0.0,40.0,12.0,5.5,52.0,A
367776660,2024-12-29T08:36:17,21.63054,-158.70713,8.6,120.4,115.0,MOUNT BAKER,IMO9822906,WDJ6673,52.0,0.0,40.0,12.0,5.5,52.0,A
367776660,2024-12-29T08:39:21,21.62699,-158.70064,7.8,120.7,115.0,MOUNT BAKER,IMO9822906,WDJ6673,52.0,0.0,40.0,12.0,5.5,52.0,A
367776660,2024-12-29T08:41:37,21.6244,-158.69574,8.3,120.2,115.0,MOUNT BAKER,IMO9822906,WDJ6673,52.0,0.0,40.0,12.0,5.5,52.0,A
367776660,2024-12-29T08:48:51,21.61635,-158.68057,8.0,118.5,116.0,MOUNT BAKER,IMO9822906,WDJ6673,52.0,0.0,40.0,12.0,5.5,52.0,A
367776660,2024-12-29T08:55:51,21.60869,-158.66575,8.0,117.3,115.0,MOUNT BAKER,IMO9822906,WDJ6673,52.0,0.0,40.0,12.0,5.5,52.0,A
367776660,2024-12-29T08:58:02,21.60632,-158.66106,7.8,119.6,115.0,MOUNT BAKER,IMO9822906,WDJ6673,52.0,0.0,40.0,12.0,5.5,52.0,A
367776660,2024-12-29T09:08:38,21.59511,-158.63854,8.2,117.8,116.0,MOUNT BAKER,IMO9822906,WDJ6673,52.0,0.0,40.0,12.0,5.5,52.0,A
367776660,2024-12-29T09:26:01,21.57622,-158.60194,8.3,119.0,117.0,MOUNT BAKER,IMO9822906,WDJ6673,52.0,0.0,40.0,12.0,5.5,52.0,A
367776660,2024-12-29T09:56:10,21.53503,-158.54078,8.8,128.1,125.0,MOUNT BAKER,IMO9822906,WDJ6673,52.0,0.0,40.0,12.0,5.5,52.0,A
367776660,2024-12-29T10:10:40,21.51319,-158.51016,8.9,127.4,126.0,MOUNT BAKER,IMO9822906,WDJ6673,52.0,0.0,40.0,12.0,5.5,52.0,A
367776660,2024-12-29T10:12:46,21.51003,-158.50569,9.0,126.9,122.0,MOUNT BAKER,IMO9822906,WDJ6673,52.0,0.0,40.0,12.0,5.5,52.0,A
367776660,2024-12-29T10:22:28,21.49516,-158.48514,9.1,127.4,125.0,MOUNT BAKER,IMO9822906,WDJ6673,52.0,0.0,40.0,12.0,5.5,52.0,A
367776660,2024-12-29T10:49:04,21.45241,-158.42878,9.4,131.5,126.0,MOUNT BAKER,IMO9822906,WDJ6673,52.0,0.0,40.0,12.0,5.5,52.0,A
367776660,2024-12-29T10:56:24,21.44012,-158.41319,9.2,129.6,127.0,MOUNT BAKER,IMO9822906,WDJ6673,52.0,0.0,40.0,12.0,5.5,52.0,A
367776660,2024-12-29T11:00:02,21.43425,-158.40563,9.4,129.9,128.0,MOUNT BAKER,IMO9822906,WDJ6673,52.0,0.0,40.0,12.0,5.5,52.0,A
367776660,2024-12-29T11:05:13,21.42588,-158.39457,9.0,130.1,125.0,MOUNT BAKER,IMO9822906,WDJ6673,52.0,0.0,40.0,12.0,5.5,52.0,A
367776660,2024-12-29T11:19:45,21.40169,-158.36689,7.4,141.4,136.0,MOUNT BAKER,IMO9822906,WDJ6673,52.0,0.0,40.0,12.0,5.5,52.0,A
367776660,2024-12-29T12:13:35,21.32854,-158.30231,6.0,128.9,125.0,MOUNT BAKER,IMO9822906,WDJ6673,52.0,0.0,40.0,12.0,5.5,52.0,A
367776660,2024-12-29T12:17:05,21.32486,-158.2976,5.8,129.1,122.0,MOUNT BAKER,IMO9822906,WDJ6673,52.0,0.0,40.0,12.0,5.5,52.0,A
367776660,2024-12-29T12:28:45,21.31383,-158.28173,6.2,122.6,119.0,MOUNT BAKER,IMO9822906,WDJ6673,52.0,0.0,40.0,12.0,5.5,52.0,A
367776660,2024-12-29T12:30:59,21.31164,-158.27808,7.0,123.5,119.0,MOUNT BAKER,IMO9822906,WDJ6673,52.0,0.0,40.0,12.0,5.5,52.0,A
367776660,2024-12-29T12:35:32,21.3067,-158.26996,7.2,122.7,118.0,MOUNT BAKER,IMO9822906,WDJ6673,52.0,0.0,40.0,12.0,5.5,52.0,A
367776660,2024-12-29T12:36:44,21.30541,-158.26781,7.1,123.2,119.0,MOUNT BAKER,IMO9822906,WDJ6673,52.0,0.0,40.0,12.0,5.5,52.0,A
367776660,2024-12-29T12:42:02,21.29961,-158.25825,7.3,121.8,118.0,MOUNT BAKER,IMO9822906,WDJ6673,52.0,0.0,40.0,12.0,5.5,52.0,A
367776660,2024-12-29T12:54:12,21.28715,-158.23604,7.2,120.5,117.0,MOUNT BAKER,IMO9822906,WDJ6673,52.0,0.0,40.0,12.0,5.5,52.0,A
367776660,2024-12-29T12:58:27,21.28283,-158.22825,7.3,120.4,118.0,MOUNT BAKER,IMO9822906,WDJ6673,52.0,0.0,40.0,12.0,5.5,52.0,A
367776660,2024-12-29T13:17:05,21.26335,-158.1947,7.1,123.1,122.0,MOUNT BAKER,IMO9822906,WDJ6673,52.0,0.0,40.0,12.0,5.5,52.0,A
367776660,2024-12-29T14:00:02,21.22979,-158.1104,7.5,92.9,88.0,MOUNT BAKER,IMO9822906,WDJ6673,52.0,0.0,40.0,12.0,5.5,52.0,A
367776660,2024-12-29T14:18:13,21.22727,-158.06871,7.9,94.2,89.0,MOUNT BAKER,IMO9822906,WDJ6673,52.0,0.0,40.0,12.0,5.5,52.0,A
367776660,2024-12-29T14:21:21,21.22677,-158.0615,7.9,93.8,90.0,MOUNT BAKER,IMO9822906,WDJ6673,52.0,0.0,40.0,12.0,5.5,52.0,A
367776660,2024-12-29T14:31:58,21.22773,-158.03777,7.5,85.6,82.0,MOUNT BAKER,IMO9822906,WDJ6673,52.0,0.0,40.0,12.0,5.5,52.0,A
367776660,2024-12-29T14:44:04,21.23281,-158.01055,7.7,76.2,75.0,MOUNT BAKER,IMO9822906,WDJ6673,52.0,0.0,40.0,12.0,5.5,52.0,A
367776660,2024-12-29T14:45:07,21.23335,-158.00818,7.7,76.6,75.0,MOUNT BAKER,IMO9822906,WDJ6673,52.0,0.0,40.0,12.0,5.5,52.0,A
367776660,2024-12-29T14:48:18,21.23506,-158.00118,7.6,76.5,75.0,MOUNT BAKER,IMO9822906,WDJ6673,52.0,0.0,40.0,12.0,5.5,52.0,A
367776660,2024-12-29T14:50:29,21.23617,-157.99644,7.6,75.8,76.0,MOUNT BAKER,IMO9822906,WDJ6673,52.0,0.0,40.0,12.0,5.5,52.0,A
367776660,2024-12-29T14:57:07,21.23994,-157.98175,7.7,74.4,74.0,MOUNT BAKER,IMO9822906,WDJ6673,52.0,0.0,40.0,12.0,5.5,52.0,A
367776660,2024-12-29T15:01:11,21.24243,-157.97279,7.8,72.9,75.0,MOUNT BAKER,IMO9822906,WDJ6673,52.0,0.0,40.0,12.0,5.5,52.0,A
367776660,2024-12-29T15:11:28,21.24883,-157.94972,7.9,73.7,74.0,MOUNT BAKER,IMO9822906,WDJ6673,52.0,0.0,40.0,12.0,5.5,52.0,A
367776660,2024-12-29T15:30:28,21.26591,-157.91658,3.3,56.7,59.0,MOUNT BAKER,IMO9822906,WDJ6673,52.0,0.0,40.0,12.0,5.5,52.0,A
367776660,2024-12-29T15:36:58,21.26975,-157.90997,4.3,59.7,62.0,MOUNT BAKER,IMO9822906,WDJ6673,52.0,0.0,40.0,12.0,5.5,52.0,A
367776660,2024-12-29T15:44:29,21.27283,-157.90213,3.0,83.3,85.0,MOUNT BAKER,IMO9822906,WDJ6673,52.0,0.0,40.0,12.0,5.5,52.0,A
367776660,2024-12-29T16:09:04,21.28961,-157.87477,6.0,34.2,36.0,MOUNT BAKER,IMO9822906,WDJ6673,52.0,0.0,40.0,12.0,5.5,52.0,A
367776660,2024-12-29T16:15:44,21.29975,-157.86862,6.4,29.0,26.0,MOUNT BAKER,IMO9822906,WDJ6673,52.0,0.0,40.0,12.0,5.5,52.0,A
367776660,2024-12-29T16:40:39,21.31812,-157.87936,0.8,23.2,21.0,MOUNT BAKER,IMO9822906,WDJ6673,52.0,0.0,40.0,12.0,5.5,52.0,A
367776660,2024-12-29T17:06:28,21.30979,-157.8685,1.4,355.1,159.0,MOUNT BAKER,IMO9822906,WDJ6673,52.0,0.0,40.0,12.0,5.5,52.0,A
367776660,2024-12-29T17:11:36,21.30996,-157.86852,0.0,358.0,160.0,MOUNT BAKER,IMO9822906,WDJ6673,52.0,5.0,40.0,12.0,5.5,52.0,A
367776660,2024-12-29T17:26:36,21.30994,-157.86854,0.0,358.0,164.0,MOUNT BAKER,IMO9822906,WDJ6673,52.0,5.0,40.0,12.0,5.5,52.0,A
367776660,2024-12-29T17:38:40,21.30998,-157.86853,0.0,358.0,164.0,MOUNT BAKER,IMO9822906,WDJ6673,52.0,5.0,40.0,12.0,5.5,52.0,A
367776660,2024-12-29T17:59:37,21.3099,-157.86853,0.0,358.0,164.0,MOUNT BAKER,IMO9822906,WDJ6673,52.0,5.0,40.0,12.0,5.5,52.0,A
367776660,2024-12-29T18:11:37,21.30992,-157.86852,0.0,358.0,161.0,MOUNT BAKER,IMO9822906,WDJ6673,52.0,5.0,40.0,12.0,5.5,52.0,A
367776660,2024-12-29T20:02:37,21.31001,-157.86851,0.0,358.0,163.0,MOUNT BAKER,IMO9822906,WDJ6673,52.0,5.0,40.0,12.0,5.5,52.0,A
367776660,2024-12-29T20:53:38,21.30988,-157.86859,0.0,358.0,164.0,MOUNT BAKER,IMO9822906,WDJ6673,52.0,5.0,40.0,12.0,5.5,52.0,A
367776660,2024-12-29T21:08:42,21.30999,-157.86862,0.0,358.0,164.0,MOUNT BAKER,IMO9822906,WDJ6673,52.0,5.0,40.0,12.0,5.5,52.0,A
367776660,2024-12-29T21:50:32,21.31002,-157.86854,0.0,358.0,163.0,MOUNT BAKER,IMO9822906,WDJ6673,52.0,5.0,40.0,12.0,5.5,52.0,A
367776660,2024-12-29T23:44:35,21.31002,-157.8685,0.0,358.0,164.0,MOUNT BAKER,IMO9822906,WDJ6673,52.0,5.0,40.0,12.0,5.5,52.0,A
367776660,2024-12-29T23:56:36,21.30997,-157.86862,0.0,358.0,164.0,MOUNT BAKER,IMO9822906,WDJ6673,52.0,5.0,40.0,12.0,5.5,52.0,A
367776660,2024-12-30T00:02:36,21.31004,-157.86855,0.0,358.0,165.0,MOUNT BAKER,IMO9822906,WDJ6673,52.0,5.0,40.0,12.0,5.5,52.0,A
367776660,2024-12-30T00:05:37,21.31,-157.86854,0.0,358.0,165.0,MOUNT BAKER,IMO9822906,WDJ6673,52.0,5.0,40.0,12.0,5.5,52.0,A
367776660,2024-12-30T00:08:33,21.31001,-157.86855,0.0,358.0,163.0,MOUNT BAKER,IMO9822906,WDJ6673,52.0,5.0,40.0,12.0,5.5,52.0,A
367776660,2024-12-30T00:11:35,21.31001,-157.86855,0.0,358.0,165.0,MOUNT BAKER,IMO9822906,WDJ6673,52.0,5.0,40.0,12.0,5.5,52.0,A
367776660,2024-12-30T00:14:38,21.31008,-157.86861,102.3,360.0,166.0,MOUNT BAKER,IMO9822906,WDJ6673,52.0,5.0,40.0,12.0,5.5,52.0,A
367776660,2024-12-30T00:17:38,21.31004,-157.86855,0.0,358.0,165.0,MOUNT BAKER,IMO9822906,WDJ6673,52.0,5.0,40.0,12.0,5.5,52.0,A
367776660,2024-12-30T00:23:36,21.3101,-157.86854,0.0,358.0,166.0,MOUNT BAKER,IMO9822906,WDJ6673,52.0,5.0,40.0,12.0,5.5,52.0,A
367776660,2024-12-30T00:20:37,21.31003,-157.86856,0.0,358.0,164.0,MOUNT BAKER,IMO9822906,WDJ6673,52.0,5.0,40.0,12.0,5.5,52.0,A
367776660,2024-12-30T00:26:36,21.31002,-157.86853,0.0,358.0,167.0,MOUNT BAKER,IMO9822906,WDJ6673,52.0,5.0,40.0,12.0,5.5,52.0,A
367776660,2024-12-30T00:35:36,21.31002,-157.86852,0.0,358.0,163.0,MOUNT BAKER,IMO9822906,WDJ6673,52.0,5.0,40.0,12.0,5.5,52.0,A
367776660,2024-12-30T00:38:37,21.31002,-157.86852,0.0,358.0,165.0,MOUNT BAKER,IMO9822906,WDJ6673,52.0,5.0,40.0,12.0,5.5,52.0,A
367776660,2024-12-30T00:50:38,21.30996,-157.86862,0.0,358.0,166.0,MOUNT BAKER,IMO9822906,WDJ6673,52.0,5.0,40.0,12.0,5.5,52.0,A
367776660,2024-12-30T00:44:39,21.30992,-157.8686,0.0,358.0,165.0,MOUNT BAKER,IMO9822906,WDJ6673,52.0,5.0,40.0,12.0,5.5,52.0,A
367776660,2024-12-30T00:59:40,21.31002,-157.86849,0.0,358.0,165.0,MOUNT BAKER,IMO9822906,WDJ6673,52.0,5.0,40.0,12.0,5.5,52.0,A
367776660,2024-12-30T01:02:38,21.31006,-157.86856,0.0,358.0,165.0,MOUNT BAKER,IMO9822906,WDJ6673,52.0,5.0,40.0,12.0,5.5,52.0,A
367776660,2024-12-30T01:05:40,21.30994,-157.86868,0.0,358.0,166.0,MOUNT BAKER,IMO9822906,WDJ6673,52.0,5.0,40.0,12.0,5.5,52.0,A
367776660,2024-12-30T01:14:38,21.30987,-157.86862,0.0,358.0,165.0,MOUNT BAKER,IMO9822906,WDJ6673,52.0,5.0,40.0,12.0,5.5,52.0,A
367776660,2024-12-30T01:23:40,21.30998,-157.8685,0.0,358.0,164.0,MOUNT BAKER,IMO9822906,WDJ6673,52.0,5.0,40.0,12.0,5.5,52.0,A
367776660,2024-12-30T01:26:40,21.30995,-157.86851,0.0,358.0,165.0,MOUNT BAKER,IMO9822906,WDJ6673,52.0,5.0,40.0,12.0,5.5,52.0,A
367776660,2024-12-30T01:17:38,21.30995,-157.86855,0.0,358.0,166.0,MOUNT BAKER,IMO9822906,WDJ6673,52.0,5.0,40.0,12.0,5.5,52.0,A
367776660,2024-12-30T01:29:42,21.30987,-157.86863,0.0,358.0,164.0,MOUNT BAKER,IMO9822906,WDJ6673,52.0,5.0,40.0,12.0,5.5,52.0,A
367776660,2024-12-30T01:32:41,21.30995,-157.86854,0.0,358.0,164.0,MOUNT BAKER,IMO9822906,WDJ6673,52.0,5.0,40.0,12.0,5.5,52.0,A
367776660,2024-12-30T01:35:43,21.30997,-157.86851,0.0,358.0,165.0,MOUNT BAKER,IMO9822906,WDJ6673,52.0,5.0,40.0,12.0,5.5,52.0,A
367776660,2024-12-30T01:41:33,21.31,-157.86863,0.0,358.0,165.0,MOUNT BAKER,IMO9822906,WDJ6673,52.0,5.0,40.0,12.0,5.5,52.0,A
367776660,2024-12-30T01:50:43,21.30998,-157.86854,0.0,358.0,165.0,MOUNT BAKER,IMO9822906,WDJ6673,52.0,5.0,40.0,12.0,5.5,52.0,A
367776660,2024-12-30T01:53:35,21.30999,-157.86853,0.0,358.0,165.0,MOUNT BAKER,IMO9822906,WDJ6673,52.0,5.0,40.0,12.0,5.5,52.0,A
367776660,2024-12-30T02:02:43,21.30997,-157.86855,0.0,358.0,165.0,MOUNT BAKER,IMO9822906,WDJ6673,52.0,5.0,40.0,12.0,5.5,52.0,A
367776660,2024-12-30T01:59:36,21.30999,-157.86851,0.0,358.0,164.0,MOUNT BAKER,IMO9822906,WDJ6673,52.0,5.0,40.0,12.0,5.5,52.0,A
367776660,2024-12-30T02:08:33,21.30999,-157.86856,0.0,358.0,162.0,MOUNT BAKER,IMO9822906,WDJ6673,52.0,5.0,40.0,12.0,5.5,52.0,A
367776660,2024-12-30T02:05:35,21.31,-157.86857,0.0,358.0,162.0,MOUNT BAKER,IMO9822906,WDJ6673,52.0,5.0,40.0,12.0,5.5,52.0,A
367776660,2024-12-30T02:11:36,21.30994,-157.86853,0.0,358.0,161.0,MOUNT BAKER,IMO9822906,WDJ6673,52.0,5.0,40.0,12.0,5.5,52.0,A
367776660,2024-12-30T02:14:38,21.30998,-157.86848,0.0,358.0,163.0,MOUNT BAKER,IMO9822906,WDJ6673,52.0,5.0,40.0,12.0,5.5,52.0,A
367776660,2024-12-30T02:20:40,21.31004,-157.86866,0.0,358.0,163.0,MOUNT BAKER,IMO9822906,WDJ6673,52.0,5.0,40.0,12.0,5.5,52.0,A
367776660,2024-12-30T02:17:35,21.30998,-157.86862,0.0,358.0,163.0,MOUNT BAKER,IMO9822906,WDJ6673,52.0,5.0,40.0,12.0,5.5,52.0,A
367776660,2024-12-30T02:32:41,21.31004,-157.86856,0.0,358.0,164.0,MOUNT BAKER,IMO9822906,WDJ6673,52.0,5.0,40.0,12.0,5.5,52.0,A
367776660,2024-12-30T02:29:37,21.31001,-157.86853,0.0,358.0,163.0,MOUNT BAKER,IMO9822906,WDJ6673,52.0,5.0,40.0,12.0,5.5,52.0,A
367776660,2024-12-30T02:35:37,21.30997,-157.86855,0.0,358.0,165.0,MOUNT BAKER,IMO9822906,WDJ6673,52.0,5.0,40.0,12.0,5.5,52.0,A
367776660,2024-12-30T02:26:41,21.31005,-157.86855,0.0,358.0,164.0,MOUNT BAKER,IMO9822906,WDJ6673,52.0,5.0,40.0,12.0,5.5,52.0,A
367776660,2024-12-30T02:41:39,21.31004,-157.86855,0.0,358.0,163.0,MOUNT BAKER,IMO9822906,WDJ6673,52.0,5.0,40.0,12.0,5.5,52.0,A
367776660,2024-12-30T02:47:37,21.31001,-157.86855,0.0,358.0,164.0,MOUNT BAKER,IMO9822906,WDJ6673,52.0,5.0,40.0,12.0,5.5,52.0,A
367776660,2024-12-30T02:50:38,21.30999,-157.86854,0.0,358.0,164.0,MOUNT BAKER,IMO9822906,WDJ6673,52.0,5.0,40.0,12.0,5.5,52.0,A
367776660,2024-12-30T02:56:40,21.30998,-157.86856,0.0,358.0,165.0,MOUNT BAKER,IMO9822906,WDJ6673,52.0,5.0,40.0,12.0,5.5,52.0,A
367776660,2024-12-30T03:08:40,21.30999,-157.86852,0.0,358.0,165.0,MOUNT BAKER,IMO9822906,WDJ6673,52.0,5.0,40.0,12.0,5.5,52.0,A
367776660,2024-12-30T03:05:40,21.30996,-157.86862,0.0,358.0,166.0,MOUNT BAKER,IMO9822906,WDJ6673,52.0,5.0,40.0,12.0,5.5,52.0,A
367776660,2024-12-30T03:11:39,21.30998,-157.86853,0.0,358.0,165.0,MOUNT BAKER,IMO9822906,WDJ6673,52.0,5.0,40.0,12.0,5.5,52.0,A
367776660,2024-12-30T03:02:39,21.30997,-157.86851,0.0,358.0,165.0,MOUNT BAKER,IMO9822906,WDJ6673,52.0,5.0,40.0,12.0,5.5,52.0,A
367776660,2024-12-30T03:17:37,21.30996,-157.8685,0.0,358.0,166.0,MOUNT BAKER,IMO9822906,WDJ6673,52.0,5.0,40.0,12.0,5.5,52.0,A
367776660,2024-12-30T03:14:41,21.30989,-157.86851,0.0,358.0,165.0,MOUNT BAKER,IMO9822906,WDJ6673,52.0,5.0,40.0,12.0,5.5,52.0,A
367776660,2024-12-30T03:23:35,21.31007,-157.8685,0.0,358.0,166.0,MOUNT BAKER,IMO9822906,WDJ6673,52.0,5.0,40.0,12.0,5.5,52.0,A
367776660,2024-12-30T03:29:39,21.30994,-157.86852,0.0,358.0,164.0,MOUNT BAKER,IMO9822906,WDJ6673,52.0,5.0,40.0,12.0,5.5,52.0,A
367776660,2024-12-30T03:35:40,21.31,-157.86849,0.0,358.0,164.0,MOUNT BAKER,IMO9822906,WDJ6673,52.0,5.0,40.0,12.0,5.5,52.0,A
367776660,2024-12-30T03:41:39,21.30999,-157.86852,0.0,358.0,165.0,MOUNT BAKER,IMO9822906,WDJ6673,52.0,5.0,40.0,12.0,5.5,52.0,A
367776660,2024-12-30T03:38:42,21.30994,-157.86851,0.0,358.0,165.0,MOUNT BAKER,IMO9822906,WDJ6673,52.0,5.0,40.0,12.0,5.5,52.0,A
367776660,2024-12-30T03:32:42,21.30992,-157.86851,0.0,358.0,165.0,MOUNT BAKER,IMO9822906,WDJ6673,52.0,5.0,40.0,12.0,5.5,52.0,A
367776660,2024-12-30T03:47:38,21.30994,-157.86855,0.0,358.0,164.0,MOUNT BAKER,IMO9822906,WDJ6673,52.0,5.0,40.0,12.0,5.5,52.0,A
367776660,2024-12-30T03:44:42,21.30992,-157.86854,0.0,358.0,165.0,MOUNT BAKER,IMO9822906,WDJ6673,52.0,5.0,40.0,12.0,5.5,52.0,A
367776660,2024-12-30T03:53:37,21.30995,-157.86852,0.0,358.0,165.0,MOUNT BAKER,IMO9822906,WDJ6673,52.0,5.0,40.0,12.0,5.5,52.0,A
367776660,2024-12-30T03:56:43,21.30992,-157.86856,0.0,358.0,165.0,MOUNT BAKER,IMO9822906,WDJ6673,52.0,5.0,40.0,12.0,5.5,52.0,A
367776660,2024-12-30T04:02:43,21.31001,-157.86856,0.0,358.0,164.0,MOUNT BAKER,IMO9822906,WDJ6673,52.0,5.0,40.0,12.0,5.5,52.0,A
367776660,2024-12-30T03:59:36,21.31001,-157.86852,0.0,358.0,164.0,MOUNT BAKER,IMO9822906,WDJ6673,52.0,5.0,40.0,12.0,5.5,52.0,A
367776660,2024-12-30T03:50:42,21.30996,-157.86853,0.0,358.0,165.0,MOUNT BAKER,IMO9822906,WDJ6673,52.0,5.0,40.0,12.0,5.5,52.0,A
367776660,2024-12-30T04:05:36,21.30999,-157.86856,0.0,358.0,165.0,MOUNT BAKER,IMO9822906,WDJ6673,52.0,5.0,40.0,12.0,5.5,52.0,A
367776660,2024-12-30T04:08:44,21.30994,-157.86852,0.0,358.0,166.0,MOUNT BAKER,IMO9822906,WDJ6673,52.0,5.0,40.0,12.0,5.5,52.0,A
367776660,2024-12-30T04:11:36,21.30995,-157.86852,0.0,358.0,165.0,MOUNT BAKER,IMO9822906,WDJ6673,52.0,5.0,40.0,12.0,5.5,52.0,A
367776660,2024-12-30T04:14:34,21.30994,-157.86852,0.0,358.0,165.0,MOUNT BAKER,IMO9822906,WDJ6673,52.0,5.0,40.0,12.0,5.5,52.0,A
367776660,2024-12-30T00:32:37,21.31001,-157.86852,0.0,358.0,160.0,MOUNT BAKER,IMO9822906,WDJ6673,52.0,5.0,40.0,12.0,5.5,52.0,A
367776660,2024-12-30T04:17:38,21.31001,-157.8685,0.0,358.0,164.0,MOUNT BAKER,IMO9822906,WDJ6673,52.0,5.0,40.0,12.0,5.5,52.0,A
367776660,2024-12-30T04:20:36,21.31001,-157.86854,0.0,358.0,165.0,MOUNT BAKER,IMO9822906,WDJ6673,52.0,5.0,40.0,12.0,5.5,52.0,A
367776660,2024-12-30T04:26:39,21.31004,-157.86853,0.0,358.0,163.0,MOUNT BAKER,IMO9822906,WDJ6673,52.0,5.0,40.0,12.0,5.5,52.0,A
367776660,2024-12-30T04:23:40,21.30997,-157.86848,0.0,358.0,164.0,MOUNT BAKER,IMO9822906,WDJ6673,52.0,5.0,40.0,12.0,5.5,52.0,A
367776660,2024-12-30T04:29:34,21.30998,-157.86859,0.0,358.0,164.0,MOUNT BAKER,IMO9822906,WDJ6673,52.0,5.0,40.0,12.0,5.5,52.0,A
367776660,2024-12-30T04:32:40,21.30991,-157.86864,0.0,358.0,165.0,MOUNT BAKER,IMO9822906,WDJ6673,52.0,5.0,40.0,12.0,5.5,52.0,A
367776660,2024-12-30T04:38:39,21.30996,-157.86854,0.0,358.0,165.0,MOUNT BAKER,IMO9822906,WDJ6673,52.0,5.0,40.0,12.0,5.5,52.0,A
367776660,2024-12-30T04:41:37,21.30992,-157.86855,0.0,358.0,165.0,MOUNT BAKER,IMO9822906,WDJ6673,52.0,5.0,40.0,12.0,5.5,52.0,A
367776660,2024-12-30T04:44:39,21.3099,-157.86858,0.0,358.0,165.0,MOUNT BAKER,IMO9822906,WDJ6673,52.0,5.0,40.0,12.0,5.5,52.0,A
367776660,2024-12-30T04:47:39,21.31003,-157.86861,0.0,358.0,164.0,MOUNT BAKER,IMO9822906,WDJ6673,52.0,5.0,40.0,12.0,5.5,52.0,A
367776660,2024-12-30T04:50:40,21.30993,-157.86849,0.0,358.0,161.0,MOUNT BAKER,IMO9822906,WDJ6673,52.0,5.0,40.0,12.0,5.5,52.0,A
367776660,2024-12-30T04:59:40,21.30986,-157.86855,0.0,358.0,164.0,MOUNT BAKER,IMO9822906,WDJ6673,52.0,5.0,40.0,12.0,5.5,52.0,A
367776660,2024-12-30T00:41:37,21.31,-157.86854,0.0,358.0,162.0,MOUNT BAKER,IMO9822906,WDJ6673,52.0,5.0,40.0,12.0,5.5,52.0,A
367776660,2024-12-30T05:02:41,21.30987,-157.8686,0.0,358.0,165.0,MOUNT BAKER,IMO9822906,WDJ6673,52.0,5.0,40.0,12.0,5.5,52.0,A
367776660,2024-12-30T05:11:38,21.30984,-157.86856,0.0,358.0,162.0,MOUNT BAKER,IMO9822906,WDJ6673,52.0,5.0,40.0,12.0,5.5,52.0,A
367776660,2024-12-30T05:08:42,21.30992,-157.86853,0.0,358.0,164.0,MOUNT BAKER,IMO9822906,WDJ6673,52.0,5.0,40.0,12.0,5.5,52.0,A
367776660,2024-12-30T05:17:40,21.3098,-157.86857,0.0,358.0,165.0,MOUNT BAKER,IMO9822906,WDJ6673,52.0,5.0,40.0,12.0,5.5,52.0,A
367776660,2024-12-30T05:23:38,21.30992,-157.86855,0.0,358.0,165.0,MOUNT BAKER,IMO9822906,WDJ6673,52.0,5.0,40.0,12.0,5.5,52.0,A
367776660,2024-12-30T05:26:41,21.30996,-157.86856,0.0,358.0,165.0,MOUNT BAKER,IMO9822906,WDJ6673,52.0,5.0,40.0,12.0,5.5,52.0,A
367776660,2024-12-30T05:20:42,21.3099,-157.86856,0.0,358.0,165.0,MOUNT BAKER,IMO9822906,WDJ6673,52.0,5.0,40.0,12.0,5.5,52.0,A
367776660,2024-12-30T05:29:38,21.30995,-157.86854,0.0,358.0,164.0,MOUNT BAKER,IMO9822906,WDJ6673,52.0,5.0,40.0,12.0,5.5,52.0,A
367776660,2024-12-30T05:32:39,21.30995,-157.8686,0.0,358.0,164.0,MOUNT BAKER,IMO9822906,WDJ6673,52.0,5.0,40.0,12.0,5.5,52.0,A
367776660,2024-12-30T05:38:41,21.31003,-157.86858,0.0,358.0,164.0,MOUNT BAKER,IMO9822906,WDJ6673,52.0,5.0,40.0,12.0,5.5,52.0,A
367776660,2024-12-30T05:41:39,21.30992,-157.86856,0.0,358.0,161.0,MOUNT BAKER,IMO9822906,WDJ6673,52.0,5.0,40.0,12.0,5.5,52.0,A
367776660,2024-12-30T05:44:40,21.30988,-157.86862,0.0,358.0,164.0,MOUNT BAKER,IMO9822906,WDJ6673,52.0,5.0,40.0,12.0,5.5,52.0,A
367776660,2024-12-30T05:47:40,21.30993,-157.86854,0.0,358.0,163.0,MOUNT BAKER,IMO9822906,WDJ6673,52.0,5.0,40.0,12.0,5.5,52.0,A
367776660,2024-12-30T05:56:39,21.30994,-157.8686,0.0,358.0,162.0,MOUNT BAKER,IMO9822906,WDJ6673,52.0,5.0,40.0,12.0,5.5,52.0,A
367776660,2024-12-30T05:50:40,21.30993,-157.86854,0.0,358.0,163.0,MOUNT BAKER,IMO9822906,WDJ6673,52.0,5.0,40.0,12.0,5.5,52.0,A
367776660,2024-12-30T05:59:40,21.30986,-157.86863,0.0,358.0,164.0,MOUNT BAKER,IMO9822906,WDJ6673,52.0,5.0,40.0,12.0,5.5,52.0,A
367776660,2024-12-30T05:53:40,21.30991,-157.8686,0.0,358.0,161.0,MOUNT BAKER,IMO9822906,WDJ6673,52.0,5.0,40.0,12.0,5.5,52.0,A
367776660,2024-12-30T00:56:38,21.31002,-157.8685,0.0,358.0,165.0,MOUNT BAKER,IMO9822906,WDJ6673,52.0,5.0,40.0,12.0,5.5,52.0,A
367776660,2024-12-30T06:05:41,21.30997,-157.86851,0.0,358.0,162.0,MOUNT BAKER,IMO9822906,WDJ6673,52.0,5.0,40.0,12.0,5.5,52.0,A
367776660,2024-12-30T06:08:40,21.30994,-157.86854,0.0,358.0,161.0,MOUNT BAKER,IMO9822906,WDJ6673,52.0,5.0,40.0,12.0,5.5,52.0,A
367776660,2024-12-30T06:02:40,21.30993,-157.86857,0.0,358.0,161.0,MOUNT BAKER,IMO9822906,WDJ6673,52.0,5.0,40.0,12.0,5.5,52.0,A
367776660,2024-12-30T06:11:41,21.30992,-157.86854,0.0,358.0,162.0,MOUNT BAKER,IMO9822906,WDJ6673,52.0,5.0,40.0,12.0,5.5,52.0,A
367776660,2024-12-30T06:14:41,21.30992,-157.86852,0.0,358.0,161.0,MOUNT BAKER,IMO9822906,WDJ6673,52.0,5.0,40.0,12.0,5.5,52.0,A
367776660,2024-12-30T06:20:40,21.30998,-157.86851,0.0,358.0,164.0,MOUNT BAKER,IMO9822906,WDJ6673,52.0,5.0,40.0,12.0,5.5,52.0,A
367776660,2024-12-30T06:23:41,21.30993,-157.86849,0.0,358.0,161.0,MOUNT BAKER,IMO9822906,WDJ6673,52.0,5.0,40.0,12.0,5.5,52.0,A
367776660,2024-12-30T06:26:40,21.30994,-157.8685,0.0,358.0,162.0,MOUNT BAKER,IMO9822906,WDJ6673,52.0,5.0,40.0,12.0,5.5,52.0,A
367776660,2024-12-30T06:38:40,21.30994,-157.86861,0.0,358.0,161.0,MOUNT BAKER,IMO9822906,WDJ6673,52.0,5.0,40.0,12.0,5.5,52.0,A
367776660,2024-12-30T06:32:39,21.31002,-157.8685,0.0,358.0,159.0,MOUNT BAKER,IMO9822906,WDJ6673,52.0,5.0,40.0,12.0,5.5,52.0,A
367776660,2024-12-30T06:41:37,21.30992,-157.86859,0.0,358.0,161.0,MOUNT BAKER,IMO9822906,WDJ6673,52.0,5.0,40.0,12.0,5.5,52.0,A
367776660,2024-12-30T06:50:41,21.30999,-157.86857,0.0,358.0,159.0,MOUNT BAKER,IMO9822906,WDJ6673,52.0,5.0,40.0,12.0,5.5,52.0,A
367776660,2024-12-30T06:44:40,21.30996,-157.86856,0.0,358.0,164.0,MOUNT BAKER,IMO9822906,WDJ6673,52.0,5.0,40.0,12.0,5.5,52.0,A
367776660,2024-12-30T06:56:41,21.31002,-157.86862,0.0,358.0,163.0,MOUNT BAKER,IMO9822906,WDJ6673,52.0,5.0,40.0,12.0,5.5,52.0,A
367776660,2024-12-30T06:59:37,21.31003,-157.86856,0.0,358.0,163.0,MOUNT BAKER,IMO9822906,WDJ6673,52.0,5.0,40.0,12.0,5.5,52.0,A
367776660,2024-12-30T07:05:39,21.30993,-157.86852,0.0,358.0,161.0,MOUNT BAKER,IMO9822906,WDJ6673,52.0,5.0,40.0,12.0,5.5,52.0,A
367776660,2024-12-30T07:11:39,21.30994,-157.86853,0.0,358.0,161.0,MOUNT BAKER,IMO9822906,WDJ6673,52.0,5.0,40.0,12.0,5.5,52.0,A
367776660,2024-12-30T07:17:37,21.30994,-157.86854,0.0,358.0,162.0,MOUNT BAKER,IMO9822906,WDJ6673,52.0,5.0,40.0,12.0,5.5,52.0,A
367776660,2024-12-30T07:23:36,21.30997,-157.86847,0.0,358.0,161.0,MOUNT BAKER,IMO9822906,WDJ6673,52.0,5.0,40.0,12.0,5.5,52.0,A
367776660,2024-12-30T07:29:39,21.30992,-157.86842,0.0,358.0,163.0,MOUNT BAKER,IMO9822906,WDJ6673,52.0,5.0,40.0,12.0,5.5,52.0,A
367776660,2024-12-30T07:32:40,21.31003,-157.86849,0.0,358.0,161.0,MOUNT BAKER,IMO9822906,WDJ6673,52.0,5.0,40.0,12.0,5.5,52.0,A
367776660,2024-12-30T07:35:38,21.30995,-157.86852,0.0,358.0,160.0,MOUNT BAKER,IMO9822906,WDJ6673,52.0,5.0,40.0,12.0,5.5,52.0,A
367776660,2024-12-30T07:26:40,21.30997,-157.8685,0.0,358.0,161.0,MOUNT BAKER,IMO9822906,WDJ6673,52.0,5.0,40.0,12.0,5.5,52.0,A
367776660,2024-12-30T07:38:38,21.30993,-157.86845,0.0,358.0,162.0,MOUNT BAKER,IMO9822906,WDJ6673,52.0,5.0,40.0,12.0,5.5,52.0,A
367776660,2024-12-30T07:44:38,21.31001,-157.86855,0.0,358.0,161.0,MOUNT BAKER,IMO9822906,WDJ6673,52.0,5.0,40.0,12.0,5.5,52.0,A
367776660,2024-12-30T07:47:39,21.30997,-157.86849,0.0,358.0,163.0,MOUNT BAKER,IMO9822906,WDJ6673,52.0,5.0,40.0,12.0,5.5,52.0,A
367776660,2024-12-30T07:59:37,21.30993,-157.8686,0.0,358.0,164.0,MOUNT BAKER,IMO9822906,WDJ6673,52.0,5.0,40.0,12.0,5.5,52.0,A
367776660,2024-12-30T08:08:39,21.30993,-157.86859,0.0,358.0,160.0,MOUNT BAKER,IMO9822906,WDJ6673,52.0,5.0,40.0,12.0,5.5,52.0,A
367776660,2024-12-30T08:02:40,21.31001,-157.86861,0.0,358.0,160.0,MOUNT BAKER,IMO9822906,WDJ6673,52.0,5.0,40.0,12.0,5.5,52.0,A
367776660,2024-12-30T08:11:36,21.30994,-157.86854,0.0,358.0,162.0,MOUNT BAKER,IMO9822906,WDJ6673,52.0,5.0,40.0,12.0,5.5,52.0,A
367776660,2024-12-30T08:14:38,21.30994,-157.86855,0.0,358.0,161.0,MOUNT BAKER,IMO9822906,WDJ6673,52.0,5.0,40.0,12.0,5.5,52.0,A
367776660,2024-12-30T08:17:39,21.30995,-157.86854,0.0,358.0,161.0,MOUNT BAKER,IMO9822906,WDJ6673,52.0,5.0,40.0,12.0,5.5,52.0,A
367776660,2024-12-30T08:23:38,21.30994,-157.86858,0.0,358.0,161.0,MOUNT BAKER,IMO9822906,WDJ6673,52.0,5.0,40.0,12.0,5.5,52.0,A
367776660,2024-12-30T08:26:37,21.30992,-157.86853,0.0,358.0,161.0,MOUNT BAKER,IMO9822906,WDJ6673,52.0,5.0,40.0,12.0,5.5,52.0,A
367776660,2024-12-30T08:32:38,21.30994,-157.86854,0.0,358.0,162.0,MOUNT BAKER,IMO9822906,WDJ6673,52.0,5.0,40.0,12.0,5.5,52.0,A
367776660,2024-12-30T01:08:40,21.30986,-157.86866,0.0,358.0,164.0,MOUNT BAKER,IMO9822906,WDJ6673,52.0,5.0,40.0,12.0,5.5,52.0,A
367776660,2024-12-30T08:35:37,21.30997,-157.86853,0.0,358.0,162.0,MOUNT BAKER,IMO9822906,WDJ6673,52.0,5.0,40.0,12.0,5.5,52.0,A
367776660,2024-12-30T08:38:39,21.30992,-157.86853,0.0,358.0,162.0,MOUNT BAKER,IMO9822906,WDJ6673,52.0,5.0,40.0,12.0,5.5,52.0,A
367776660,2024-12-30T08:41:38,21.30995,-157.8685,0.0,358.0,163.0,MOUNT BAKER,IMO9822906,WDJ6673,52.0,5.0,40.0,12.0,5.5,52.0,A
367776660,2024-12-30T08:44:39,21.30992,-157.86851,0.0,358.0,164.0,MOUNT BAKER,IMO9822906,WDJ6673,52.0,5.0,40.0,12.0,5.5,52.0,A
367776660,2024-12-30T08:47:40,21.30991,-157.8685,0.0,358.0,163.0,MOUNT BAKER,IMO9822906,WDJ6673,52.0,5.0,40.0,12.0,5.5,52.0,A
367776660,2024-12-30T08:50:40,21.30991,-157.86849,0.0,358.0,162.0,MOUNT BAKER,IMO9822906,WDJ6673,52.0,5.0,40.0,12.0,5.5,52.0,A
367776660,2024-12-30T08:53:39,21.30988,-157.8685,0.0,358.0,161.0,MOUNT BAKER,IMO9822906,WDJ6673,52.0,5.0,40.0,12.0,5.5,52.0,A
367776660,2024-12-30T08:56:39,21.30989,-157.86849,0.0,358.0,161.0,MOUNT BAKER,IMO9822906,WDJ6673,52.0,5.0,40.0,12.0,5.5,52.0,A
367776660,2024-12-30T08:59:39,21.30985,-157.86853,0.0,358.0,163.0,MOUNT BAKER,IMO9822906,WDJ6673,52.0,5.0,40.0,12.0,5.5,52.0,A
367776660,2024-12-30T09:05:35,21.30984,-157.86862,0.0,358.0,162.0,MOUNT BAKER,IMO9822906,WDJ6673,52.0,5.0,40.0,12.0,5.5,52.0,A
367776660,2024-12-30T09:08:42,21.30991,-157.86854,0.0,358.0,159.0,MOUNT BAKER,IMO9822906,WDJ6673,52.0,5.0,40.0,12.0,5.5,52.0,A
367776660,2024-12-30T09:11:38,21.30994,-157.86852,0.0,358.0,162.0,MOUNT BAKER,IMO9822906,WDJ6673,52.0,5.0,40.0,12.0,5.5,52.0,A
367776660,2024-12-30T09:17:38,21.30988,-157.86853,0.0,358.0,163.0,MOUNT BAKER,IMO9822906,WDJ6673,52.0,5.0,40.0,12.0,5.5,52.0,A
367776660,2024-12-30T09:02:41,21.30988,-157.8685,0.0,358.0,164.0,MOUNT BAKER,IMO9822906,WDJ6673,52.0,5.0,40.0,12.0,5.5,52.0,A
367776660,2024-12-30T01:11:40,21.30998,-157.86851,0.0,358.0,164.0,MOUNT BAKER,IMO9822906,WDJ6673,52.0,5.0,40.0,12.0,5.5,52.0,A
367776660,2024-12-30T09:20:43,21.30993,-157.86858,0.0,358.0,163.0,MOUNT BAKER,IMO9822906,WDJ6673,52.0,5.0,40.0,12.0,5.5,52.0,A
367776660,2024-12-30T09:23:39,21.30995,-157.86858,0.0,358.0,162.0,MOUNT BAKER,IMO9822906,WDJ6673,52.0,5.0,40.0,12.0,5.5,52.0,A
367776660,2024-12-30T09:32:42,21.30992,-157.86853,0.0,358.0,162.0,MOUNT BAKER,IMO9822906,WDJ6673,52.0,5.0,40.0,12.0,5.5,52.0,A
367776660,2024-12-30T09:29:39,21.30999,-157.86859,0.0,358.0,163.0,MOUNT BAKER,IMO9822906,WDJ6673,52.0,5.0,40.0,12.0,5.5,52.0,A
367776660,2024-12-30T09:14:42,21.30993,-157.86853,0.0,358.0,163.0,MOUNT BAKER,IMO9822906,WDJ6673,52.0,5.0,40.0,12.0,5.5,52.0,A
367776660,2024-12-30T09:47:41,21.30999,-157.86852,0.0,358.0,161.0,MOUNT BAKER,IMO9822906,WDJ6673,52.0,5.0,40.0,12.0,5.5,52.0,A
367776660,2024-12-30T09:26:44,21.30996,-157.86866,0.0,358.0,162.0,MOUNT BAKER,IMO9822906,WDJ6673,52.0,5.0,40.0,12.0,5.5,52.0,A
367776660,2024-12-30T09:56:43,21.31004,-157.86858,0.0,358.0,163.0,MOUNT BAKER,IMO9822906,WDJ6673,52.0,5.0,40.0,12.0,5.5,52.0,A
367776660,2024-12-30T09:50:44,21.31002,-157.86851,0.0,358.0,163.0,MOUNT BAKER,IMO9822906,WDJ6673,52.0,5.0,40.0,12.0,5.5,52.0,A
367776660,2024-12-30T09:59:44,21.31003,-157.8685,0.0,358.0,163.0,MOUNT BAKER,IMO9822906,WDJ6673,52.0,5.0,40.0,12.0,5.5,52.0,A
367776660,2024-12-30T09:53:43,21.31005,-157.8686,0.0,358.0,162.0,MOUNT BAKER,IMO9822906,WDJ6673,52.0,5.0,40.0,12.0,5.5,52.0,A
367776660,2024-12-30T09:38:43,21.30996,-157.86852,0.0,358.0,161.0,MOUNT BAKER,IMO9822906,WDJ6673,52.0,5.0,40.0,12.0,5.5,52.0,A
367776660,2024-12-30T10:02:43,21.31005,-157.86854,0.0,358.0,163.0,MOUNT BAKER,IMO9822906,WDJ6673,52.0,5.0,40.0,12.0,5.5,52.0,A
367776660,2024-12-30T01:20:39,21.30998,-157.86849,0.0,358.0,165.0,MOUNT BAKER,IMO9822906,WDJ6673,52.0,5.0,40.0,12.0,5.5,52.0,A
367776660,2024-12-30T10:08:42,21.31011,-157.86856,0.0,358.0,162.0,MOUNT BAKER,IMO9822906,WDJ6673,52.0,5.0,40.0,12.0,5.5,52.0,A
367776660,2024-12-30T10:11:45,21.31004,-157.86852,0.0,358.0,162.0,MOUNT BAKER,IMO9822906,WDJ6673,52.0,5.0,40.0,12.0,5.5,52.0,A
367776660,2024-12-30T10:14:40,21.30999,-157.8685,0.0,358.0,164.0,MOUNT BAKER,IMO9822906,WDJ6673,52.0,5.0,40.0,12.0,5.5,52.0,A
367776660,2024-12-30T10:17:45,21.30994,-157.86859,0.0,358.0,162.0,MOUNT BAKER,IMO9822906,WDJ6673,52.0,5.0,40.0,12.0,5.5,52.0,A
367776660,2024-12-30T10:20:39,21.30998,-157.86862,0.0,358.0,164.0,MOUNT BAKER,IMO9822906,WDJ6673,52.0,5.0,40.0,12.0,5.5,52.0,A
367776660,2024-12-30T10:23:45,21.31002,-157.86855,0.0,358.0,163.0,MOUNT BAKER,IMO9822906,WDJ6673,52.0,5.0,40.0,12.0,5.5,52.0,A
367776660,2024-12-30T10:05:45,21.31005,-157.86858,0.0,358.0,162.0,MOUNT BAKER,IMO9822906,WDJ6673,52.0,5.0,40.0,12.0,5.5,52.0,A
367776660,2024-12-30T10:29:35,21.30999,-157.86855,0.0,358.0,163.0,MOUNT BAKER,IMO9822906,WDJ6673,52.0,5.0,40.0,12.0,5.5,52.0,A
367776660,2024-12-30T10:32:42,21.30989,-157.86853,0.0,358.0,161.0,MOUNT BAKER,IMO9822906,WDJ6673,52.0,5.0,40.0,12.0,5.5,52.0,A
367776660,2024-12-30T10:35:38,21.30994,-157.86854,0.0,358.0,160.0,MOUNT BAKER,IMO9822906,WDJ6673,52.0,5.0,40.0,12.0,5.5,52.0,A
367776660,2024-12-30T10:38:42,21.30993,-157.86854,0.0,358.0,160.0,MOUNT BAKER,IMO9822906,WDJ6673,52.0,5.0,40.0,12.0,5.5,52.0,A
367776660,2024-12-30T10:41:39,21.30989,-157.86861,0.0,358.0,161.0,MOUNT BAKER,IMO9822906,WDJ6673,52.0,5.0,40.0,12.0,5.5,52.0,A
367776660,2024-12-30T10:44:41,21.30991,-157.86856,0.0,358.0,161.0,MOUNT BAKER,IMO9822906,WDJ6673,52.0,5.0,40.0,12.0,5.5,52.0,A
367776660,2024-12-30T10:47:37,21.30991,-157.86849,0.0,358.0,161.0,MOUNT BAKER,IMO9822906,WDJ6673,52.0,5.0,40.0,12.0,5.5,52.0,A
367776660,2024-12-30T10:50:39,21.31,-157.8685,0.0,358.0,161.0,MOUNT BAKER,IMO9822906,WDJ6673,52.0,5.0,40.0,12.0,5.5,52.0,A
367776660,2024-12-30T10:56:38,21.30982,-157.86856,0.0,358.0,163.0,MOUNT BAKER,IMO9822906,WDJ6673,52.0,5.0,40.0,12.0,5.5,52.0,A
367776660,2024-12-30T10:59:42,21.30986,-157.86853,0.0,358.0,161.0,MOUNT BAKER,IMO9822906,WDJ6673,52.0,5.0,40.0,12.0,5.5,52.0,A
367776660,2024-12-30T11:02:38,21.30993,-157.86856,0.0,358.0,162.0,MOUNT BAKER,IMO9822906,WDJ6673,52.0,5.0,40.0,12.0,5.5,52.0,A
367776660,2024-12-30T11:05:43,21.30985,-157.86857,0.0,358.0,161.0,MOUNT BAKER,IMO9822906,WDJ6673,52.0,5.0,40.0,12.0,5.5,52.0,A
367776660,2024-12-30T11:08:37,21.30991,-157.86852,0.0,358.0,162.0,MOUNT BAKER,IMO9822906,WDJ6673,52.0,5.0,40.0,12.0,5.5,52.0,A
367776660,2024-12-30T10:53:41,21.30988,-157.86866,0.0,358.0,162.0,MOUNT BAKER,IMO9822906,WDJ6673,52.0,5.0,40.0,12.0,5.5,52.0,A
367776660,2024-12-30T11:17:42,21.30996,-157.86853,0.0,358.0,163.0,MOUNT BAKER,IMO9822906,WDJ6673,52.0,5.0,40.0,12.0,5.5,52.0,A
367776660,2024-12-30T11:20:41,21.30991,-157.86846,0.0,358.0,160.0,MOUNT BAKER,IMO9822906,WDJ6673,52.0,5.0,40.0,12.0,5.5,52.0,A
367776660,2024-12-30T11:23:41,21.30991,-157.8685,0.0,358.0,159.0,MOUNT BAKER,IMO9822906,WDJ6673,52.0,5.0,40.0,12.0,5.5,52.0,A
367776660,2024-12-30T11:11:43,21.30993,-157.86848,0.0,358.0,163.0,MOUNT BAKER,IMO9822906,WDJ6673,52.0,5.0,40.0,12.0,5.5,52.0,A
367776660,2024-12-30T11:26:40,21.30992,-157.86853,0.0,358.0,163.0,MOUNT BAKER,IMO9822906,WDJ6673,52.0,5.0,40.0,12.0,5.5,52.0,A
367776660,2024-12-30T11:29:41,21.30993,-157.8684,0.0,358.0,162.0,MOUNT BAKER,IMO9822906,WDJ6673,52.0,5.0,40.0,12.0,5.5,52.0,A
367776660,2024-12-30T11:14:40,21.30992,-157.86845,0.0,358.0,163.0,MOUNT BAKER,IMO9822906,WDJ6673,52.0,5.0,40.0,12.0,5.5,52.0,A
367776660,2024-12-30T11:32:38,21.30992,-157.86853,0.0,358.0,162.0,MOUNT BAKER,IMO9822906,WDJ6673,52.0,5.0,40.0,12.0,5.5,52.0,A
367776660,2024-12-30T11:41:43,21.30985,-157.86861,0.0,358.0,162.0,MOUNT BAKER,IMO9822906,WDJ6673,52.0,5.0,40.0,12.0,5.5,52.0,A
367776660,2024-12-30T11:44:38,21.30989,-157.86853,0.0,358.0,161.0,MOUNT BAKER,IMO9822906,WDJ6673,52.0,5.0,40.0,12.0,5.5,52.0,A
367776660,2024-12-30T11:47:42,21.30994,-157.86853,0.0,358.0,162.0,MOUNT BAKER,IMO9822906,WDJ6673,52.0,5.0,40.0,12.0,5.5,52.0,A
367776660,2024-12-30T11:53:40,21.30993,-157.86852,0.0,358.0,164.0,MOUNT BAKER,IMO9822906,WDJ6673,52.0,5.0,40.0,12.0,5.5,52.0,A
367776660,2024-12-30T11:56:42,21.31004,-157.86854,0.0,358.0,163.0,MOUNT BAKER,IMO9822906,WDJ6673,52.0,5.0,40.0,12.0,5.5,52.0,A
367776660,2024-12-30T11:59:41,21.3099,-157.86845,0.0,358.0,163.0,MOUNT BAKER,IMO9822906,WDJ6673,52.0,5.0,40.0,12.0,5.5,52.0,A
367776660,2024-12-30T12:20:41,21.30986,-157.86857,0.0,358.0,163.0,MOUNT BAKER,IMO9822906,WDJ6673,52.0,5.0,40.0,12.0,5.5,52.0,A
367776660,2024-12-30T12:26:40,21.30985,-157.86856,0.0,358.0,161.0,MOUNT BAKER,IMO9822906,WDJ6673,52.0,5.0,40.0,12.0,5.5,52.0,A
367776660,2024-12-30T12:29:39,21.30992,-157.86856,0.0,358.0,163.0,MOUNT BAKER,IMO9822906,WDJ6673,52.0,5.0,40.0,12.0,5.5,52.0,A
367776660,2024-12-30T11:50:40,21.30992,-157.86849,0.0,358.0,159.0,MOUNT BAKER,IMO9822906,WDJ6673,52.0,5.0,40.0,12.0,5.5,52.0,A
367776660,2024-12-30T12:32:41,21.30988,-157.86849,0.0,358.0,163.0,MOUNT BAKER,IMO9822906,WDJ6673,52.0,5.0,40.0,12.0,5.5,52.0,A
367776660,2024-12-30T12:35:40,21.30996,-157.86854,0.0,358.0,160.0,MOUNT BAKER,IMO9822906,WDJ6673,52.0,5.0,40.0,12.0,5.5,52.0,A
367776660,2024-12-30T12:41:38,21.31001,-157.86864,0.0,358.0,164.0,MOUNT BAKER,IMO9822906,WDJ6673,52.0,5.0,40.0,12.0,5.5,52.0,A
367776660,2024-12-30T12:38:41,21.30998,-157.86853,0.0,358.0,162.0,MOUNT BAKER,IMO9822906,WDJ6673,52.0,5.0,40.0,12.0,5.5,52.0,A
367776660,2024-12-30T12:44:39,21.30997,-157.86861,0.0,358.0,161.0,MOUNT BAKER,IMO9822906,WDJ6673,52.0,5.0,40.0,12.0,5.5,52.0,A
367776660,2024-12-30T01:38:41,21.30997,-157.86854,0.0,358.0,165.0,MOUNT BAKER,IMO9822906,WDJ6673,52.0,5.0,40.0,12.0,5.5,52.0,A
367776660,2024-12-30T12:47:40,21.30994,-157.86854,0.0,358.0,163.0,MOUNT BAKER,IMO9822906,WDJ6673,52.0,5.0,40.0,12.0,5.5,52.0,A
367776660,2024-12-30T12:50:38,21.30994,-157.86857,0.0,358.0,162.0,MOUNT BAKER,IMO9822906,WDJ6673,52.0,5.0,40.0,12.0,5.5,52.0,A
367776660,2024-12-30T12:56:39,21.30991,-157.86853,0.0,358.0,164.0,MOUNT BAKER,IMO9822906,WDJ6673,52.0,5.0,40.0,12.0,5.5,52.0,A
367776660,2024-12-30T12:53:41,21.30992,-157.86857,0.0,358.0,164.0,MOUNT BAKER,IMO9822906,WDJ6673,52.0,5.0,40.0,12.0,5.5,52.0,A
367776660,2024-12-30T13:02:39,21.30989,-157.86859,0.0,358.0,164.0,MOUNT BAKER,IMO9822906,WDJ6673,52.0,5.0,40.0,12.0,5.5,52.0,A
367776660,2024-12-30T13:08:38,21.30991,-157.86866,0.0,358.0,164.0,MOUNT BAKER,IMO9822906,WDJ6673,52.0,5.0,40.0,12.0,5.5,52.0,A
367776660,2024-12-30T13:11:45,21.30995,-157.86853,0.0,358.0,159.0,MOUNT BAKER,IMO9822906,WDJ6673,52.0,5.0,40.0,12.0,5.5,52.0,A
367776660,2024-12-30T13:17:44,21.31,-157.86856,0.0,358.0,161.0,MOUNT BAKER,IMO9822906,WDJ6673,52.0,5.0,40.0,12.0,5.5,52.0,A
367776660,2024-12-30T13:20:39,21.30998,-157.8686,0.0,358.0,163.0,MOUNT BAKER,IMO9822906,WDJ6673,52.0,5.0,40.0,12.0,5.5,52.0,A
367776660,2024-12-30T13:14:38,21.31,-157.8686,0.0,358.0,164.0,MOUNT BAKER,IMO9822906,WDJ6673,52.0,5.0,40.0,12.0,5.5,52.0,A
367776660,2024-12-30T13:23:42,21.3099,-157.86858,0.0,358.0,161.0,MOUNT BAKER,IMO9822906,WDJ6673,52.0,5.0,40.0,12.0,5.5,52.0,A
367776660,2024-12-30T13:29:42,21.30995,-157.86851,0.0,358.0,160.0,MOUNT BAKER,IMO9822906,WDJ6673,52.0,5.0,40.0,12.0,5.5,52.0,A
367776660,2024-12-30T01:44:41,21.31,-157.86852,0.0,358.0,165.0,MOUNT BAKER,IMO9822906,WDJ6673,52.0,5.0,40.0,12.0,5.5,52.0,A
367776660,2024-12-30T13:35:40,21.30992,-157.86852,0.0,358.0,164.0,MOUNT BAKER,IMO9822906,WDJ6673,52.0,5.0,40.0,12.0,5.5,52.0,A
367776660,2024-12-30T13:38:41,21.30992,-157.86849,0.0,358.0,163.0,MOUNT BAKER,IMO9822906,WDJ6673,52.0,5.0,40.0,12.0,5.5,52.0,A
367776660,2024-12-30T13:32:41,21.30995,-157.86853,0.0,358.0,163.0,MOUNT BAKER,IMO9822906,WDJ6673,52.0,5.0,40.0,12.0,5.5,52.0,A
367776660,2024-12-30T13:41:40,21.30991,-157.86851,0.0,358.0,163.0,MOUNT BAKER,IMO9822906,WDJ6673,52.0,5.0,40.0,12.0,5.5,52.0,A
367776660,2024-12-30T13:47:40,21.30991,-157.86851,0.0,358.0,162.0,MOUNT BAKER,IMO9822906,WDJ6673,52.0,5.0,40.0,12.0,5.5,52.0,A
367776660,2024-12-30T13:50:40,21.3099,-157.86854,0.0,358.0,164.0,MOUNT BAKER,IMO9822906,WDJ6673,52.0,5.0,40.0,12.0,5.5,52.0,A
367776660,2024-12-30T13:53:39,21.3099,-157.86854,0.0,358.0,163.0,MOUNT BAKER,IMO9822906,WDJ6673,52.0,5.0,40.0,12.0,5.5,52.0,A
367776660,2024-12-30T13:44:40,21.30988,-157.86854,0.0,358.0,164.0,MOUNT BAKER,IMO9822906,WDJ6673,52.0,5.0,40.0,12.0,5.5,52.0,A
367776660,2024-12-30T14:05:43,21.30994,-157.86854,0.0,358.0,162.0,MOUNT BAKER,IMO9822906,WDJ6673,52.0,5.0,40.0,12.0,5.5,52.0,A
367776660,2024-12-30T14:02:39,21.30993,-157.86865,0.0,358.0,163.0,MOUNT BAKER,IMO9822906,WDJ6673,52.0,5.0,40.0,12.0,5.5,52.0,A
367776660,2024-12-30T13:59:42,21.30993,-157.86856,0.0,358.0,163.0,MOUNT BAKER,IMO9822906,WDJ6673,52.0,5.0,40.0,12.0,5.5,52.0,A
367776660,2024-12-30T14:11:45,21.30993,-157.86852,0.0,358.0,163.0,MOUNT BAKER,IMO9822906,WDJ6673,52.0,5.0,40.0,12.0,5.5,52.0,A
367776660,2024-12-30T14:14:40,21.30992,-157.86853,0.0,358.0,164.0,MOUNT BAKER,IMO9822906,WDJ6673,52.0,5.0,40.0,12.0,5.5,52.0,A
367776660,2024-12-30T01:56:43,21.31002,-157.86858,0.0,358.0,164.0,MOUNT BAKER,IMO9822906,WDJ6673,52.0,5.0,40.0,12.0,5.5,52.0,A
367776660,2024-12-30T14:32:38,21.3099,-157.86852,0.0,358.0,163.0,MOUNT BAKER,IMO9822906,WDJ6673,52.0,5.0,40.0,12.0,5.5,52.0,A
367776660,2024-12-30T14:26:40,21.30993,-157.86852,0.0,358.0,164.0,MOUNT BAKER,IMO9822906,WDJ6673,52.0,5.0,40.0,12.0,5.5,52.0,A
367776660,2024-12-30T14:38:38,21.30991,-157.86855,0.0,358.0,163.0,MOUNT BAKER,IMO9822906,WDJ6673,52.0,5.0,40.0,12.0,5.5,52.0,A
367776660,2024-12-30T14:23:44,21.30992,-157.86851,0.0,358.0,160.0,MOUNT BAKER,IMO9822906,WDJ6673,52.0,5.0,40.0,12.0,5.5,52.0,A
367776660,2024-12-30T14:08:41,21.3099,-157.86858,0.0,358.0,162.0,MOUNT BAKER,IMO9822906,WDJ6673,52.0,5.0,40.0,12.0,5.5,52.0,A
367776660,2024-12-30T14:41:44,21.30992,-157.86853,0.0,358.0,160.0,MOUNT BAKER,IMO9822906,WDJ6673,52.0,5.0,40.0,12.0,5.5,52.0,A
367776660,2024-12-30T14:50:39,21.30991,-157.86853,0.0,358.0,161.0,MOUNT BAKER,IMO9822906,WDJ6673,52.0,5.0,40.0,12.0,5.5,52.0,A
367776660,2024-12-30T14:20:38,21.30993,-157.86853,0.0,358.0,160.0,MOUNT BAKER,IMO9822906,WDJ6673,52.0,5.0,40.0,12.0,5.5,52.0,A
367776660,2024-12-30T15:02:40,21.30991,-157.86853,0.0,358.0,164.0,MOUNT BAKER,IMO9822906,WDJ6673,52.0,5.0,40.0,12.0,5.5,52.0,A
367776660,2024-12-30T14:35:45,21.30996,-157.86844,0.0,358.0,162.0,MOUNT BAKER,IMO9822906,WDJ6673,52.0,5.0,40.0,12.0,5.5,52.0,A
367776660,2024-12-30T15:08:39,21.30991,-157.86858,0.0,358.0,158.0,MOUNT BAKER,IMO9822906,WDJ6673,52.0,5.0,40.0,12.0,5.5,52.0,A
367776660,2024-12-30T15:05:43,21.30987,-157.86859,0.0,358.0,156.0,MOUNT BAKER,IMO9822906,WDJ6673,52.0,5.0,40.0,12.0,5.5,52.0,A
367776660,2024-12-30T15:11:41,21.30986,-157.86864,0.0,358.0,156.0,MOUNT BAKER,IMO9822906,WDJ6673,52.0,5.0,40.0,12.0,5.5,52.0,A
367776660,2024-12-30T14:47:43,21.30988,-157.86859,0.0,358.0,163.0,MOUNT BAKER,IMO9822906,WDJ6673,52.0,5.0,40.0,12.0,5.5,52.0,A
367776660,2024-12-30T14:56:39,21.30997,-157.86852,0.0,358.0,164.0,MOUNT BAKER,IMO9822906,WDJ6673,52.0,5.0,40.0,12.0,5.5,52.0,A
367776660,2024-12-30T15:20:42,21.30993,-157.86855,0.0,358.0,156.0,MOUNT BAKER,IMO9822906,WDJ6673,52.0,5.0,40.0,12.0,5.5,52.0,A
367776660,2024-12-30T14:59:42,21.30996,-157.86855,0.0,358.0,164.0,MOUNT BAKER,IMO9822906,WDJ6673,52.0,5.0,40.0,12.0,5.5,52.0,A
367776660,2024-12-30T15:26:40,21.30991,-157.86849,0.0,358.0,158.0,MOUNT BAKER,IMO9822906,WDJ6673,52.0,5.0,40.0,12.0,5.5,52.0,A
367776660,2024-12-30T15:32:40,21.30989,-157.8685,0.0,358.0,161.0,MOUNT BAKER,IMO9822906,WDJ6673,52.0,5.0,40.0,12.0,5.5,52.0,A
367776660,2024-12-30T15:35:43,21.30992,-157.86859,0.0,358.0,160.0,MOUNT BAKER,IMO9822906,WDJ6673,52.0,5.0,40.0,12.0,5.5,52.0,A
367776660,2024-12-30T15:38:40,21.31001,-157.86852,0.0,358.0,159.0,MOUNT BAKER,IMO9822906,WDJ6673,52.0,5.0,40.0,12.0,5.5,52.0,A
367776660,2024-12-30T15:41:45,21.30993,-157.86853,0.0,358.0,157.0,MOUNT BAKER,IMO9822906,WDJ6673,52.0,5.0,40.0,12.0,5.5,52.0,A
367776660,2024-12-30T15:44:39,21.30992,-157.86855,0.0,358.0,157.0,MOUNT BAKER,IMO9822906,WDJ6673,52.0,5.0,40.0,12.0,5.5,52.0,A
367776660,2024-12-30T15:14:42,21.30986,-157.86851,0.0,358.0,156.0,MOUNT BAKER,IMO9822906,WDJ6673,52.0,5.0,40.0,12.0,5.5,52.0,A
367776660,2024-12-30T15:50:39,21.30992,-157.86844,0.0,358.0,160.0,MOUNT BAKER,IMO9822906,WDJ6673,52.0,5.0,40.0,12.0,5.5,52.0,A
367776660,2024-12-30T15:56:42,21.30991,-157.86851,0.0,358.0,157.0,MOUNT BAKER,IMO9822906,WDJ6673,52.0,5.0,40.0,12.0,5.5,52.0,A
367776660,2024-12-30T15:59:47,21.30996,-157.86855,0.0,358.0,157.0,MOUNT BAKER,IMO9822906,WDJ6673,52.0,5.0,40.0,12.0,5.5,52.0,A
367776660,2024-12-30T16:02:43,21.30996,-157.86851,0.0,358.0,162.0,MOUNT BAKER,IMO9822906,WDJ6673,52.0,5.0,40.0,12.0,5.5,52.0,A
367776660,2024-12-30T16:08:45,21.30991,-157.86851,0.0,358.0,161.0,MOUNT BAKER,IMO9822906,WDJ6673,52.0,5.0,40.0,12.0,5.5,52.0,A
367776660,2024-12-30T16:14:43,21.30991,-157.8685,0.0,358.0,157.0,MOUNT BAKER,IMO9822906,WDJ6673,52.0,5.0,40.0,12.0,5.5,52.0,A
367776660,2024-12-30T16:23:37,21.30993,-157.86851,0.0,358.0,162.0,MOUNT BAKER,IMO9822906,WDJ6673,52.0,5.0,40.0,12.0,5.5,52.0,A
367776660,2024-12-30T16:11:46,21.30994,-157.86851,0.0,358.0,160.0,MOUNT BAKER,IMO9822906,WDJ6673,52.0,5.0,40.0,12.0,5.5,52.0,A
367776660,2024-12-30T16:29:40,21.30993,-157.86854,0.0,358.0,163.0,MOUNT BAKER,IMO9822906,WDJ6673,52.0,5.0,40.0,12.0,5.5,52.0,A
367776660,2024-12-30T16:38:46,21.30986,-157.86854,0.0,358.0,158.0,MOUNT BAKER,IMO9822906,WDJ6673,52.0,5.0,40.0,12.0,5.5,52.0,A
367776660,2024-12-30T16:56:47,21.30992,-157.86855,0.0,358.0,160.0,MOUNT BAKER,IMO9822906,WDJ6673,52.0,5.0,40.0,12.0,5.5,52.0,A
367776660,2024-12-30T16:35:42,21.30994,-157.86853,0.0,358.0,161.0,MOUNT BAKER,IMO9822906,WDJ6673,52.0,5.0,40.0,12.0,5.5,52.0,A
367776660,2024-12-30T16:17:47,21.30992,-157.86852,0.0,358.0,161.0,MOUNT BAKER,IMO9822906,WDJ6673,52.0,5.0,40.0,12.0,5.5,52.0,A
367776660,2024-12-30T17:02:37,21.30991,-157.86856,0.0,358.0,161.0,MOUNT BAKER,IMO9822906,WDJ6673,52.0,5.0,40.0,12.0,5.5,52.0,A
367776660,2024-12-30T16:44:47,21.30994,-157.86849,0.0,358.0,163.0,MOUNT BAKER,IMO9822906,WDJ6673,52.0,5.0,40.0,12.0,5.5,52.0,A
367776660,2024-12-30T17:05:43,21.30995,-157.86854,0.0,358.0,161.0,MOUNT BAKER,IMO9822906,WDJ6673,52.0,5.0,40.0,12.0,5.5,52.0,A
367776660,2024-12-30T17:11:45,21.3099,-157.86859,0.0,358.0,163.0,MOUNT BAKER,IMO9822906,WDJ6673,52.0,5.0,40.0,12.0,5.5,52.0,A
367776660,2024-12-30T17:14:41,21.30986,-157.86856,0.0,358.0,163.0,MOUNT BAKER,IMO9822906,WDJ6673,52.0,5.0,40.0,12.0,5.5,52.0,A
367776660,2024-12-30T17:17:44,21.3099,-157.86851,0.0,358.0,162.0,MOUNT BAKER,IMO9822906,WDJ6673,52.0,5.0,40.0,12.0,5.5,52.0,A
367776660,2024-12-30T17:20:41,21.30993,-157.86856,0.0,358.0,163.0,MOUNT BAKER,IMO9822906,WDJ6673,52.0,5.0,40.0,12.0,5.5,52.0,A
367776660,2024-12-30T17:23:43,21.30994,-157.86855,0.0,358.0,163.0,MOUNT BAKER,IMO9822906,WDJ6673,52.0,5.0,40.0,12.0,5.5,52.0,A
367776660,2024-12-30T16:47:42,21.30987,-157.86855,0.0,358.0,162.0,MOUNT BAKER,IMO9822906,WDJ6673,52.0,5.0,40.0,12.0,5.5,52.0,A
367776660,2024-12-30T17:29:44,21.30995,-157.86854,0.0,358.0,160.0,MOUNT BAKER,IMO9822906,WDJ6673,52.0,5.0,40.0,12.0,5.5,52.0,A
367776660,2024-12-30T17:41:42,21.30995,-157.86853,0.0,358.0,162.0,MOUNT BAKER,IMO9822906,WDJ6673,52.0,5.0,40.0,12.0,5.5,52.0,A
367776660,2024-12-30T17:38:40,21.30997,-157.86853,0.0,358.0,161.0,MOUNT BAKER,IMO9822906,WDJ6673,52.0,5.0,40.0,12.0,5.5,52.0,A
367776660,2024-12-30T17:26:41,21.30993,-157.86852,0.0,358.0,163.0,MOUNT BAKER,IMO9822906,WDJ6673,52.0,5.0,40.0,12.0,5.5,52.0,A
367776660,2024-12-30T17:44:39,21.30991,-157.86857,0.0,358.0,164.0,MOUNT BAKER,IMO9822906,WDJ6673,52.0,5.0,40.0,12.0,5.5,52.0,A
367776660,2024-12-30T17:56:42,21.30987,-157.86846,0.0,358.0,163.0,MOUNT BAKER,IMO9822906,WDJ6673,52.0,5.0,40.0,12.0,5.5,52.0,A
367776660,2024-12-30T17:59:42,21.30988,-157.8685,0.0,358.0,164.0,MOUNT BAKER,IMO9822906,WDJ6673,52.0,5.0,40.0,12.0,5.5,52.0,A
367776660,2024-12-30T18:02:43,21.30992,-157.86851,0.0,358.0,164.0,MOUNT BAKER,IMO9822906,WDJ6673,52.0,5.0,40.0,12.0,5.5,52.0,A
367776660,2024-12-30T17:50:42,21.30983,-157.86845,0.0,358.0,162.0,MOUNT BAKER,IMO9822906,WDJ6673,52.0,5.0,40.0,12.0,5.5,52.0,A
367776660,2024-12-30T17:53:42,21.30985,-157.86852,0.0,358.0,163.0,MOUNT BAKER,IMO9822906,WDJ6673,52.0,5.0,40.0,12.0,5.5,52.0,A
367776660,2024-12-30T18:11:40,21.30994,-157.86844,0.0,358.0,163.0,MOUNT BAKER,IMO9822906,WDJ6673,52.0,5.0,40.0,12.0,5.5,52.0,A
367776660,2024-12-30T18:14:43,21.30992,-157.86849,0.0,358.0,164.0,MOUNT BAKER,IMO9822906,WDJ6673,52.0,5.0,40.0,12.0,5.5,52.0,A
367776660,2024-12-30T18:08:43,21.30993,-157.8685,0.0,358.0,161.0,MOUNT BAKER,IMO9822906,WDJ6673,52.0,5.0,40.0,12.0,5.5,52.0,A
367776660,2024-12-30T18:23:42,21.30992,-157.86851,0.0,358.0,164.0,MOUNT BAKER,IMO9822906,WDJ6673,52.0,5.0,40.0,12.0,5.5,52.0,A
367776660,2024-12-30T18:29:44,21.30993,-157.86851,0.0,358.0,165.0,MOUNT BAKER,IMO9822906,WDJ6673,52.0,5.0,40.0,12.0,5.5,52.0,A
367776660,2024-12-30T18:17:39,21.30995,-157.8685,0.0,358.0,164.0,MOUNT BAKER,IMO9822906,WDJ6673,52.0,5.0,40.0,12.0,5.5,52.0,A
367776660,2024-12-30T18:05:40,21.30993,-157.86844,0.0,358.0,163.0,MOUNT BAKER,IMO9822906,WDJ6673,52.0,5.0,40.0,12.0,5.5,52.0,A
367776660,2024-12-30T18:35:44,21.30995,-157.86852,0.0,358.0,164.0,MOUNT BAKER,IMO9822906,WDJ6673,52.0,5.0,40.0,12.0,5.5,52.0,A
367776660,2024-12-30T18:47:44,21.3099,-157.8686,0.0,358.0,163.0,MOUNT BAKER,IMO9822906,WDJ6673,52.0,5.0,40.0,12.0,5.5,52.0,A
367776660,2024-12-30T18:38:42,21.30994,-157.86852,0.0,358.0,164.0,MOUNT BAKER,IMO9822906,WDJ6673,52.0,5.0,40.0,12.0,5.5,52.0,A
367776660,2024-12-30T18:53:43,21.30996,-157.86848,0.0,358.0,160.0,MOUNT BAKER,IMO9822906,WDJ6673,52.0,5.0,40.0,12.0,5.5,52.0,A
367776660,2024-12-30T18:59:45,21.30993,-157.86853,0.0,358.0,161.0,MOUNT BAKER,IMO9822906,WDJ6673,52.0,5.0,40.0,12.0,5.5,52.0,A
367776660,2024-12-30T18:26:44,21.30993,-157.86851,0.0,358.0,163.0,MOUNT BAKER,IMO9822906,WDJ6673,52.0,5.0,40.0,12.0,5.5,52.0,A
367776660,2024-12-30T19:02:43,21.30992,-157.86852,0.0,358.0,161.0,MOUNT BAKER,IMO9822906,WDJ6673,52.0,5.0,40.0,12.0,5.5,52.0,A
367776660,2024-12-30T18:50:40,21.30995,-157.86859,0.0,358.0,163.0,MOUNT BAKER,IMO9822906,WDJ6673,52.0,5.0,40.0,12.0,5.5,52.0,A
367776660,2024-12-30T19:05:45,21.30994,-157.86857,0.0,358.0,163.0,MOUNT BAKER,IMO9822906,WDJ6673,52.0,5.0,40.0,12.0,5.5,52.0,A
367776660,2024-12-30T18:32:37,21.30994,-157.86852,0.0,358.0,165.0,MOUNT BAKER,IMO9822906,WDJ6673,52.0,5.0,40.0,12.0,5.5,52.0,A
367776660,2024-12-30T19:08:42,21.30999,-157.86853,0.0,358.0,164.0,MOUNT BAKER,IMO9822906,WDJ6673,52.0,5.0,40.0,12.0,5.5,52.0,A
367776660,2024-12-30T19:14:43,21.30991,-157.86847,0.0,358.0,161.0,MOUNT BAKER,IMO9822906,WDJ6673,52.0,5.0,40.0,12.0,5.5,52.0,A
367776660,2024-12-30T19:17:47,21.31002,-157.86851,0.0,358.0,162.0,MOUNT BAKER,IMO9822906,WDJ6673,52.0,5.0,40.0,12.0,5.5,52.0,A
367776660,2024-12-30T18:56:40,21.30992,-157.86853,0.0,358.0,162.0,MOUNT BAKER,IMO9822906,WDJ6673,52.0,5.0,40.0,12.0,5.5,52.0,A
367776660,2024-12-30T19:23:37,21.31,-157.8685,0.0,358.0,162.0,MOUNT BAKER,IMO9822906,WDJ6673,52.0,5.0,40.0,12.0,5.5,52.0,A
367776660,2024-12-30T19:20:44,21.31002,-157.86851,0.0,358.0,161.0,MOUNT BAKER,IMO9822906,WDJ6673,52.0,5.0,40.0,12.0,5.5,52.0,A
367776660,2024-12-30T19:26:44,21.31004,-157.86849,0.0,358.0,162.0,MOUNT BAKER,IMO9822906,WDJ6673,52.0,5.0,40.0,12.0,5.5,52.0,A
367776660,2024-12-30T19:32:44,21.30998,-157.86844,0.0,358.0,162.0,MOUNT BAKER,IMO9822906,WDJ6673,52.0,5.0,40.0,12.0,5.5,52.0,A
367776660,2024-12-30T19:11:45,21.31,-157.86853,0.0,358.0,162.0,MOUNT BAKER,IMO9822906,WDJ6673,52.0,5.0,40.0,12.0,5.5,52.0,A
367776660,2024-12-30T19:35:40,21.30991,-157.86846,0.0,358.0,161.0,MOUNT BAKER,IMO9822906,WDJ6673,52.0,5.0,40.0,12.0,5.5,52.0,A
367776660,2024-12-30T19:38:45,21.30986,-157.86859,0.0,358.0,162.0,MOUNT BAKER,IMO9822906,WDJ6673,52.0,5.0,40.0,12.0,5.5,52.0,A
367776660,2024-12-30T19:41:40,21.30998,-157.86856,0.0,358.0,162.0,MOUNT BAKER,IMO9822906,WDJ6673,52.0,5.0,40.0,12.0,5.5,52.0,A
367776660,2024-12-30T19:47:41,21.30993,-157.86849,0.0,358.0,161.0,MOUNT BAKER,IMO9822906,WDJ6673,52.0,5.0,40.0,12.0,5.5,52.0,A
367776660,2024-12-30T19:53:40,21.3099,-157.86845,0.0,358.0,161.0,MOUNT BAKER,IMO9822906,WDJ6673,52.0,5.0,40.0,12.0,5.5,52.0,A
367776660,2024-12-30T19:59:41,21.30995,-157.86852,0.0,358.0,159.0,MOUNT BAKER,IMO9822906,WDJ6673,52.0,5.0,40.0,12.0,5.5,52.0,A
367776660,2024-12-30T20:05:43,21.30992,-157.86849,0.0,358.0,163.0,MOUNT BAKER,IMO9822906,WDJ6673,52.0,5.0,40.0,12.0,5.5,52.0,A
367776660,2024-12-30T20:02:44,21.31002,-157.86854,0.0,358.0,161.0,MOUNT BAKER,IMO9822906,WDJ6673,52.0,5.0,40.0,12.0,5.5,52.0,A
367776660,2024-12-30T19:44:46,21.30992,-157.86847,0.0,358.0,161.0,MOUNT BAKER,IMO9822906,WDJ6673,52.0,5.0,40.0,12.0,5.5,52.0,A
367776660,2024-12-30T19:50:44,21.30993,-157.86854,0.0,358.0,161.0,MOUNT BAKER,IMO9822906,WDJ6673,52.0,5.0,40.0,12.0,5.5,52.0,A
367776660,2024-12-30T20:17:45,21.30994,-157.86852,0.0,358.0,165.0,MOUNT BAKER,IMO9822906,WDJ6673,52.0,5.0,40.0,12.0,5.5,52.0,A
367776660,2024-12-30T20:20:43,21.30994,-157.86855,0.0,358.0,163.0,MOUNT BAKER,IMO9822906,WDJ6673,52.0,5.0,40.0,12.0,5.5,52.0,A
367776660,2024-12-30T20:29:46,21.30993,-157.8685,0.0,358.0,161.0,MOUNT BAKER,IMO9822906,WDJ6673,52.0,5.0,40.0,12.0,5.5,52.0,A
367776660,2024-12-30T20:26:42,21.30995,-157.86849,0.0,358.0,161.0,MOUNT BAKER,IMO9822906,WDJ6673,52.0,5.0,40.0,12.0,5.5,52.0,A
367776660,2024-12-30T20:08:46,21.30988,-157.86853,0.0,358.0,164.0,MOUNT BAKER,IMO9822906,WDJ6673,52.0,5.0,40.0,12.0,5.5,52.0,A
367776660,2024-12-30T20:14:45,21.30993,-157.86856,0.0,358.0,164.0,MOUNT BAKER,IMO9822906,WDJ6673,52.0,5.0,40.0,12.0,5.5,52.0,A
367776660,2024-12-30T20:41:44,21.30994,-157.86852,0.0,358.0,164.0,MOUNT BAKER,IMO9822906,WDJ6673,52.0,5.0,40.0,12.0,5.5,52.0,A
367776660,2024-12-30T20:38:41,21.30993,-157.86853,0.0,358.0,160.0,MOUNT BAKER,IMO9822906,WDJ6673,52.0,5.0,40.0,12.0,5.5,52.0,A
367776660,2024-12-30T20:47:42,21.30994,-157.86854,0.0,358.0,163.0,MOUNT BAKER,IMO9822906,WDJ6673,52.0,5.0,40.0,12.0,5.5,52.0,A
367776660,2024-12-30T20:50:43,21.30991,-157.86853,0.0,358.0,163.0,MOUNT BAKER,IMO9822906,WDJ6673,52.0,5.0,40.0,12.0,5.5,52.0,A
367776660,2024-12-30T20:53:41,21.30991,-157.8686,0.0,358.0,165.0,MOUNT BAKER,IMO9822906,WDJ6673,52.0,5.0,40.0,12.0,5.5,52.0,A
367776660,2024-12-30T20:56:42,21.30994,-157.86852,0.0,358.0,163.0,MOUNT BAKER,IMO9822906,WDJ6673,52.0,5.0,40.0,12.0,5.5,52.0,A
367776660,2024-12-30T20:35:44,21.30988,-157.86854,0.0,358.0,160.0,MOUNT BAKER,IMO9822906,WDJ6673,52.0,5.0,40.0,12.0,5.5,52.0,A
367776660,2024-12-30T20:59:42,21.30996,-157.86849,0.0,358.0,163.0,MOUNT BAKER,IMO9822906,WDJ6673,52.0,5.0,40.0,12.0,5.5,52.0,A
367776660,2024-12-30T21:02:42,21.30993,-157.86846,0.0,358.0,163.0,MOUNT BAKER,IMO9822906,WDJ6673,52.0,5.0,40.0,12.0,5.5,52.0,A
367776660,2024-12-30T21:05:43,21.30991,-157.86853,0.0,358.0,163.0,MOUNT BAKER,IMO9822906,WDJ6673,52.0,5.0,40.0,12.0,5.5,52.0,A
367776660,2024-12-30T21:20:41,21.30993,-157.86851,0.0,358.0,163.0,MOUNT BAKER,IMO9822906,WDJ6673,52.0,5.0,40.0,12.0,5.5,52.0,A
367776660,2024-12-30T21:32:41,21.30989,-157.86862,0.0,358.0,162.0,MOUNT BAKER,IMO9822906,WDJ6673,52.0,5.0,40.0,12.0,5.5,52.0,A
367776660,2024-12-30T21:08:41,21.3099,-157.86853,0.0,358.0,160.0,MOUNT BAKER,IMO9822906,WDJ6673,52.0,5.0,40.0,12.0,5.5,52.0,A
367776660,2024-12-30T21:35:43,21.30991,-157.86855,0.0,358.0,163.0,MOUNT BAKER,IMO9822906,WDJ6673,52.0,5.0,40.0,12.0,5.5,52.0,A
367776660,2024-12-30T21:11:44,21.3099,-157.86851,0.0,358.0,159.0,MOUNT BAKER,IMO9822906,WDJ6673,52.0,5.0,40.0,12.0,5.5,52.0,A
367776660,2024-12-30T21:44:13,21.30914,-157.8684,3.6,188.6,205.0,MOUNT BAKER,IMO9822906,WDJ6673,52.0,5.0,40.0,12.0,5.5,52.0,A
367776660,2024-12-30T21:45:23,21.30799,-157.86974,6.1,255.3,272.0,MOUNT BAKER,IMO9822906,WDJ6673,52.0,5.0,40.0,12.0,5.5,52.0,A
367776660,2024-12-30T21:49:03,21.31114,-157.87524,5.4,307.5,307.0,MOUNT BAKER,IMO9822906,WDJ6673,52.0,5.0,40.0,12.0,5.5,52.0,A
367776660,2024-12-30T21:50:14,21.31231,-157.87672,5.9,314.7,315.0,MOUNT BAKER,IMO9822906,WDJ6673,52.0,5.0,40.0,12.0,5.5,52.0,A
367776660,2024-12-30T21:52:33,21.31465,-157.87962,6.4,306.9,307.0,MOUNT BAKER,IMO9822906,WDJ6673,52.0,5.0,40.0,12.0,5.5,52.0,A
367776660,2024-12-30T21:51:24,21.31346,-157.87808,5.1,312.2,311.0,MOUNT BAKER,IMO9822906,WDJ6673,52.0,5.0,40.0,12.0,5.5,52.0,A
367776660,2024-12-30T21:53:44,21.31614,-157.8812,5.8,338.4,354.0,MOUNT BAKER,IMO9822906,WDJ6673,52.0,5.0,40.0,12.0,5.5,52.0,A
367776660,2024-12-30T21:56:13,21.31828,-157.88107,0.1,66.7,132.0,MOUNT BAKER,IMO9822906,WDJ6673,52.0,5.0,40.0,12.0,5.5,52.0,A
367776660,2024-12-30T21:54:54,21.31764,-157.88124,3.2,358.8,356.0,MOUNT BAKER,IMO9822906,WDJ6673,52.0,5.0,40.0,12.0,5.5,52.0,A
367776660,2024-12-30T21:58:44,21.31871,-157.88146,0.0,329.0,193.0,MOUNT BAKER,IMO9822906,WDJ6673,52.0,5.0,40.0,12.0,5.5,52.0,A
367776660,2024-12-30T22:04:16,21.31868,-157.88132,0.0,329.0,214.0,MOUNT BAKER,IMO9822906,WDJ6673,52.0,5.0,40.0,12.0,5.5,52.0,A
367776660,2024-12-30T22:07:16,21.3187,-157.88131,0.0,329.0,216.0,MOUNT BAKER,IMO9822906,WDJ6673,52.0,5.0,40.0,12.0,5.5,52.0,A
367776660,2024-12-30T22:10:15,21.31872,-157.88141,0.0,329.0,186.0,MOUNT BAKER,IMO9822906,WDJ6673,52.0,5.0,40.0,12.0,5.5,52.0,A
367776660,2024-12-30T21:46:44,21.3088,-157.87206,6.0,302.9,308.0,MOUNT BAKER,IMO9822906,WDJ6673,52.0,5.0,40.0,12.0,5.5,52.0,A
367776660,2024-12-30T22:13:18,21.31876,-157.88143,0.0,329.0,184.0,MOUNT BAKER,IMO9822906,WDJ6673,52.0,5.0,40.0,12.0,5.5,52.0,A
367776660,2024-12-30T03:26:40,21.30993,-157.86849,0.0,358.0,163.0,MOUNT BAKER,IMO9822906,WDJ6673,52.0,5.0,40.0,12.0,5.5,52.0,A
367776660,2024-12-30T22:19:18,21.31621,-157.88114,2.8,148.7,145.0,MOUNT BAKER,IMO9822906,WDJ6673,52.0,5.0,40.0,12.0,5.5,52.0,A
367776660,2024-12-30T22:20:27,21.31547,-157.88061,2.4,139.0,126.0,MOUNT BAKER,IMO9822906,WDJ6673,52.0,5.0,40.0,12.0,5.5,52.0,A
367776660,2024-12-30T22:22:38,21.31412,-157.8792,3.1,136.4,130.0,MOUNT BAKER,IMO9822906,WDJ6673,52.0,5.0,40.0,12.0,5.5,52.0,A
367776660,2024-12-30T22:23:48,21.31326,-157.87815,4.3,128.3,126.0,MOUNT BAKER,IMO9822906,WDJ6673,52.0,5.0,40.0,12.0,5.5,52.0,A
367776660,2024-12-30T22:25:27,21.31152,-157.87627,5.4,125.1,123.0,MOUNT BAKER,IMO9822906,WDJ6673,52.0,5.0,40.0,12.0,5.5,52.0,A
367776660,2024-12-30T22:01:15,21.3187,-157.88131,0.0,329.0,217.0,MOUNT BAKER,IMO9822906,WDJ6673,52.0,5.0,40.0,12.0,5.5,52.0,A
367776660,2024-12-30T22:27:07,21.31026,-157.87391,5.7,126.6,124.0,MOUNT BAKER,IMO9822906,WDJ6673,52.0,5.0,40.0,12.0,5.5,52.0,A
367776660,2024-12-30T22:28:48,21.30864,-157.87158,5.8,129.0,130.0,MOUNT BAKER,IMO9822906,WDJ6673,52.0,5.0,40.0,12.0,5.5,52.0,A
367776660,2024-12-30T22:29:57,21.30745,-157.8701,5.5,133.5,134.0,MOUNT BAKER,IMO9822906,WDJ6673,52.0,5.0,40.0,12.0,5.5,52.0,A
367776660,2024-12-30T22:32:27,21.30412,-157.86803,5.5,162.0,163.0,MOUNT BAKER,IMO9822906,WDJ6673,52.0,5.0,40.0,12.0,5.5,52.0,A
367776660,2024-12-30T22:34:58,21.30038,-157.86861,6.1,202.7,200.0,MOUNT BAKER,IMO9822906,WDJ6673,52.0,5.0,40.0,12.0,5.5,52.0,A
367776660,2024-12-30T22:33:38,21.30233,-157.86785,5.4,188.9,196.0,MOUNT BAKER,IMO9822906,WDJ6673,52.0,5.0,40.0,12.0,5.5,52.0,A
367776660,2024-12-30T22:36:08,21.29862,-157.86948,6.0,207.6,205.0,MOUNT BAKER,IMO9822906,WDJ6673,52.0,5.0,40.0,12.0,5.5,52.0,A
367776660,2024-12-30T22:37:58,21.2959,-157.87105,6.2,210.0,206.0,MOUNT BAKER,IMO9822906,WDJ6673,52.0,5.0,40.0,12.0,5.5,52.0,A
367776660,2024-12-30T22:39:11,21.29403,-157.87213,6.6,209.0,208.0,MOUNT BAKER,IMO9822906,WDJ6673,52.0,0.0,40.0,12.0,5.5,52.0,A
367776660,2024-12-30T22:42:27,21.2887,-157.87487,6.5,196.0,191.0,MOUNT BAKER,IMO9822906,WDJ6673,52.0,0.0,40.0,12.0,5.5,52.0,A
367776660,2024-12-30T22:21:37,21.3147,-157.87988,2.7,135.3,127.0,MOUNT BAKER,IMO9822906,WDJ6673,52.0,5.0,40.0,12.0,5.5,52.0,A
367776660,2024-12-30T22:44:38,21.28478,-157.87562,6.7,185.8,183.0,MOUNT BAKER,IMO9822906,WDJ6673,52.0,0.0,40.0,12.0,5.5,52.0,A
367776660,2024-12-30T22:48:37,21.27677,-157.8735,7.2,154.0,152.0,MOUNT BAKER,IMO9822906,WDJ6673,52.0,0.0,40.0,12.0,5.5,52.0,A
367776660,2024-12-30T22:50:48,21.27286,-157.87136,7.0,152.9,151.0,MOUNT BAKER,IMO9822906,WDJ6673,52.0,0.0,40.0,12.0,5.5,52.0,A
367776660,2024-12-30T22:31:18,21.30573,-157.86875,5.5,151.6,153.0,MOUNT BAKER,IMO9822906,WDJ6673,52.0,5.0,40.0,12.0,5.5,52.0,A
367776660,2024-12-30T22:55:57,21.26248,-157.86496,9.1,142.5,140.0,MOUNT BAKER,IMO9822906,WDJ6673,52.0,0.0,40.0,12.0,5.5,52.0,A
367776660,2024-12-30T22:57:07,21.26025,-157.86289,9.0,137.1,134.0,MOUNT BAKER,IMO9822906,WDJ6673,52.0,0.0,40.0,12.0,5.5,52.0,A
367776660,2024-12-30T22:58:18,21.25811,-157.86074,8.8,134.6,133.0,MOUNT BAKER,IMO9822906,WDJ6673,52.0,0.0,40.0,12.0,5.5,52.0,A
367776660,2024-12-30T23:01:18,21.25332,-157.85478,8.9,127.8,126.0,MOUNT BAKER,IMO9822906,WDJ6673,52.0,0.0,40.0,12.0,5.5,52.0,A
367776660,2024-12-30T23:03:37,21.24995,-157.84988,8.8,125.5,124.0,MOUNT BAKER,IMO9822906,WDJ6673,52.0,0.0,40.0,12.0,5.5,52.0,A
367776660,2024-12-30T22:41:17,21.29073,-157.87409,6.5,206.4,201.0,MOUNT BAKER,IMO9822906,WDJ6673,52.0,0.0,40.0,12.0,5.5,52.0,A
367776660,2024-12-30T23:02:36,21.25136,-157.85201,8.8,126.9,124.0,MOUNT BAKER,IMO9822906,WDJ6673,52.0,0.0,40.0,12.0,5.5,52.0,A
367776660,2024-12-30T23:04:47,21.24825,-157.84742,8.8,125.5,124.0,MOUNT BAKER,IMO9822906,WDJ6673,52.0,0.0,40.0,12.0,5.5,52.0,A
367776660,2024-12-30T23:06:58,21.24504,-157.84282,8.8,126.7,125.0,MOUNT BAKER,IMO9822906,WDJ6673,52.0,0.0,40.0,12.0,5.5,52.0,A
367776660,2024-12-30T23:08:07,21.24339,-157.84035,8.8,125.7,124.0,MOUNT BAKER,IMO9822906,WDJ6673,52.0,0.0,40.0,12.0,5.5,52.0,A
367776660,2024-12-30T22:46:18,21.28135,-157.87532,7.6,166.9,164.0,MOUNT BAKER,IMO9822906,WDJ6673,52.0,0.0,40.0,12.0,5.5,52.0,A
367776660,2024-12-30T23:09:17,21.24171,-157.83791,8.9,123.8,122.0,MOUNT BAKER,IMO9822906,WDJ6673,52.0,0.0,40.0,12.0,5.5,52.0,A
367776660,2024-12-30T23:10:27,21.24003,-157.83537,8.8,123.7,123.0,MOUNT BAKER,IMO9822906,WDJ6673,52.0,0.0,40.0,12.0,5.5,52.0,A
367776660,2024-12-30T23:12:57,21.23651,-157.83004,8.8,124.4,122.0,MOUNT BAKER,IMO9822906,WDJ6673,52.0,0.0,40.0,12.0,5.5,52.0,A
367776660,2024-12-30T23:14:01,21.23502,-157.82774,8.9,124.9,122.0,MOUNT BAKER,IMO9822906,WDJ6673,52.0,0.0,40.0,12.0,5.5,52.0,A
367776660,2024-12-30T23:15:07,21.23338,-157.82541,8.8,125.8,123.0,MOUNT BAKER,IMO9822906,WDJ6673,52.0,0.0,40.0,12.0,5.5,52.0,A
367776660,2024-12-30T23:16:08,21.23196,-157.82327,8.7,125.5,123.0,MOUNT BAKER,IMO9822906,WDJ6673,52.0,0.0,40.0,12.0,5.5,52.0,A
367776660,2024-12-30T22:53:27,21.26789,-157.86858,9.0,152.3,151.0,MOUNT BAKER,IMO9822906,WDJ6673,52.0,0.0,40.0,12.0,5.5,52.0,A
367776660,2024-12-30T23:17:10,21.23053,-157.82108,8.7,124.7,123.0,MOUNT BAKER,IMO9822906,WDJ6673,52.0,0.0,40.0,12.0,5.5,52.0,A
367776660,2024-12-30T23:18:22,21.22882,-157.81855,8.7,125.6,123.0,MOUNT BAKER,IMO9822906,WDJ6673,52.0,0.0,40.0,12.0,5.5,52.0,A
367776660,2024-12-30T23:19:27,21.2273,-157.81627,8.6,125.6,122.0,MOUNT BAKER,IMO9822906,WDJ6673,52.0,0.0,40.0,12.0,5.5,52.0,A
367776660,2024-12-30T23:20:37,21.22573,-157.81381,8.5,121.6,118.0,MOUNT BAKER,IMO9822906,WDJ6673,52.0,0.0,40.0,12.0,5.5,52.0,A
367776660,2024-12-30T23:22:47,21.2233,-157.8089,8.4,116.8,113.0,MOUNT BAKER,IMO9822906,WDJ6673,52.0,0.0,40.0,12.0,5.5,52.0,A
367776660,2024-12-30T23:23:54,21.22222,-157.80635,8.5,112.8,108.0,MOUNT BAKER,IMO9822906,WDJ6673,52.0,0.0,40.0,12.0,5.5,52.0,A
367776660,2024-12-30T23:24:56,21.22129,-157.80391,8.4,110.9,106.0,MOUNT BAKER,IMO9822906,WDJ6673,52.0,0.0,40.0,12.0,5.5,52.0,A
367776660,2024-12-30T23:26:07,21.22031,-157.80117,8.4,109.9,105.0,MOUNT BAKER,IMO9822906,WDJ6673,52.0,0.0,40.0,12.0,5.5,52.0,A
367776660,2024-12-30T23:28:27,21.21845,-157.79574,8.4,109.9,105.0,MOUNT BAKER,IMO9822906,WDJ6673,52.0,0.0,40.0,12.0,5.5,52.0,A
367776660,2024-12-30T23:29:34,21.2176,-157.79312,8.3,110.3,105.0,MOUNT BAKER,IMO9822906,WDJ6673,52.0,0.0,40.0,12.0,5.5,52.0,A
367776660,2024-12-30T23:30:38,21.21667,-157.79061,8.4,110.8,105.0,MOUNT BAKER,IMO9822906,WDJ6673,52.0,0.0,40.0,12.0,5.5,52.0,A
367776660,2024-12-30T23:32:57,21.21482,-157.78504,8.5,108.7,105.0,MOUNT BAKER,IMO9822906,WDJ6673,52.0,0.0,40.0,12.0,5.5,52.0,A
367776660,2024-12-30T23:34:13,21.21395,-157.78194,8.5,105.2,106.0,MOUNT BAKER,IMO9822906,WDJ6673,52.0,0.0,40.0,12.0,5.5,52.0,A
367776660,2024-12-30T23:11:47,21.23818,-157.83251,8.9,124.6,123.0,MOUNT BAKER,IMO9822906,WDJ6673,52.0,0.0,40.0,12.0,5.5,52.0,A
367776660,2024-12-30T23:35:24,21.21314,-157.77905,8.5,106.6,106.0,MOUNT BAKER,IMO9822906,WDJ6673,52.0,0.0,40.0,12.0,5.5,52.0,A
367776660,2024-12-30T23:36:28,21.21233,-157.77649,8.4,108.4,106.0,MOUNT BAKER,IMO9822906,WDJ6673,52.0,0.0,40.0,12.0,5.5,52.0,A
367776660,2024-12-30T23:37:42,21.21142,-157.77361,8.2,109.3,106.0,MOUNT BAKER,IMO9822906,WDJ6673,52.0,0.0,40.0,12.0,5.5,52.0,A
367776660,2024-12-30T23:38:57,21.21045,-157.77073,8.2,109.4,105.0,MOUNT BAKER,IMO9822906,WDJ6673,52.0,0.0,40.0,12.0,5.5,52.0,A
367776660,2024-12-30T23:40:08,21.20957,-157.76804,8.1,110.8,107.0,MOUNT BAKER,IMO9822906,WDJ6673,52.0,0.0,40.0,12.0,5.5,52.0,A
367776660,2024-12-30T23:41:14,21.20871,-157.76557,8.1,110.7,105.0,MOUNT BAKER,IMO9822906,WDJ6673,52.0,0.0,40.0,12.0,5.5,52.0,A
367776660,2024-12-30T23:43:18,21.20711,-157.76089,8.1,109.9,105.0,MOUNT BAKER,IMO9822906,WDJ6673,52.0,0.0,40.0,12.0,5.5,52.0,A
367776660,2024-12-30T23:44:27,21.20621,-157.75831,8.0,111.1,106.0,MOUNT BAKER,IMO9822906,WDJ6673,52.0,0.0,40.0,12.0,5.5,52.0,A
367776660,2024-12-30T23:48:01,21.20333,-157.75041,8.0,111.9,105.0,MOUNT BAKER,IMO9822906,WDJ6673,52.0,0.0,40.0,12.0,5.5,52.0,A
367776660,2024-12-30T23:46:58,21.20422,-157.75269,7.9,110.8,106.0,MOUNT BAKER,IMO9822906,WDJ6673,52.0,0.0,40.0,12.0,5.5,52.0,A
367776660,2024-12-30T23:50:38,21.20118,-157.74462,8.0,111.3,106.0,MOUNT BAKER,IMO9822906,WDJ6673,52.0,0.0,40.0,12.0,5.5,52.0,A
367776660,2024-12-30T23:27:18,21.21938,-157.79841,8.2,109.5,104.0,MOUNT BAKER,IMO9822906,WDJ6673,52.0,0.0,40.0,12.0,5.5,52.0,A
367776660,2024-12-30T23:52:07,21.19994,-157.74133,8.1,111.7,107.0,MOUNT BAKER,IMO9822906,WDJ6673,52.0,0.0,40.0,12.0,5.5,52.0,A
367776660,2024-12-30T23:49:07,21.20244,-157.74797,8.0,111.4,106.0,MOUNT BAKER,IMO9822906,WDJ6673,52.0,0.0,40.0,12.0,5.5,52.0,A
367776660,2024-12-30T23:53:17,21.19896,-157.73873,8.0,111.0,106.0,MOUNT BAKER,IMO9822906,WDJ6673,52.0,0.0,40.0,12.0,5.5,52.0,A
367776660,2024-12-30T23:31:47,21.21573,-157.78778,8.6,109.7,105.0,MOUNT BAKER,IMO9822906,WDJ6673,52.0,0.0,40.0,12.0,5.5,52.0,A
367776660,2024-12-30T23:54:48,21.19763,-157.73538,8.2,111.7,106.0,MOUNT BAKER,IMO9822906,WDJ6673,52.0,0.0,40.0,12.0,5.5,52.0,A
367776660,2024-12-30T23:58:17,21.19466,-157.72752,8.2,112.9,106.0,MOUNT BAKER,IMO9822906,WDJ6673,52.0,0.0,40.0,12.0,5.5,52.0,A
367776660,2024-12-30T23:59:38,21.19349,-157.72451,8.1,112.1,106.0,MOUNT BAKER,IMO9822906,WDJ6673,52.0,0.0,40.0,12.0,5.5,52.0,A
367776660,2024-12-30T23:45:57,21.20501,-157.75495,8.0,110.5,105.0,MOUNT BAKER,IMO9822906,WDJ6673,52.0,0.0,40.0,12.0,5.5,52.0,A
367776660,2024-12-30T23:55:58,21.19662,-157.73276,8.2,111.7,105.0,MOUNT BAKER,IMO9822906,WDJ6673,52.0,0.0,40.0,12.0,5.5,52.0,A
367776660,2024-12-30T04:35:36,21.30993,-157.86856,0.0,358.0,165.0,MOUNT BAKER,IMO9822906,WDJ6673,52.0,5.0,40.0,12.0,5.5,52.0,A
367776660,2024-12-30T04:56:40,21.3099,-157.86859,0.0,358.0,164.0,MOUNT BAKER,IMO9822906,WDJ6673,52.0,5.0,40.0,12.0,5.5,52.0,A
367776660,2024-12-30T05:05:40,21.31,-157.86856,0.0,358.0,164.0,MOUNT BAKER,IMO9822906,WDJ6673,52.0,5.0,40.0,12.0,5.5,52.0,A
367776660,2024-12-30T05:14:42,21.30988,-157.86853,0.0,358.0,163.0,MOUNT BAKER,IMO9822906,WDJ6673,52.0,5.0,40.0,12.0,5.5,52.0,A
367776660,2024-12-30T06:35:38,21.31002,-157.86856,0.0,358.0,163.0,MOUNT BAKER,IMO9822906,WDJ6673,52.0,5.0,40.0,12.0,5.5,52.0,A
367776660,2024-12-30T08:05:35,21.31006,-157.8686,0.0,358.0,160.0,MOUNT BAKER,IMO9822906,WDJ6673,52.0,5.0,40.0,12.0,5.5,52.0,A
367776660,2024-12-30T08:29:37,21.30992,-157.86857,0.0,358.0,162.0,MOUNT BAKER,IMO9822906,WDJ6673,52.0,5.0,40.0,12.0,5.5,52.0,A
367776660,2024-12-30T09:35:40,21.30993,-157.8685,0.0,358.0,162.0,MOUNT BAKER,IMO9822906,WDJ6673,52.0,5.0,40.0,12.0,5.5,52.0,A
367776660,2024-12-30T11:35:42,21.30993,-157.86846,0.0,358.0,160.0,MOUNT BAKER,IMO9822906,WDJ6673,52.0,5.0,40.0,12.0,5.5,52.0,A
367776660,2024-12-30T11:38:38,21.3099,-157.86851,0.0,358.0,161.0,MOUNT BAKER,IMO9822906,WDJ6673,52.0,5.0,40.0,12.0,5.5,52.0,A
367776660,2024-12-30T13:05:45,21.30989,-157.86852,0.0,358.0,164.0,MOUNT BAKER,IMO9822906,WDJ6673,52.0,5.0,40.0,12.0,5.5,52.0,A
367776660,2024-12-30T14:44:40,21.30991,-157.86856,0.0,358.0,162.0,MOUNT BAKER,IMO9822906,WDJ6673,52.0,5.0,40.0,12.0,5.5,52.0,A
367776660,2024-12-30T14:53:41,21.3099,-157.86854,0.0,358.0,163.0,MOUNT BAKER,IMO9822906,WDJ6673,52.0,5.0,40.0,12.0,5.5,52.0,A
367776660,2024-12-30T15:17:41,21.30988,-157.86859,0.0,358.0,158.0,MOUNT BAKER,IMO9822906,WDJ6673,52.0,5.0,40.0,12.0,5.5,52.0,A
367776660,2024-12-30T15:29:42,21.30987,-157.86849,0.0,358.0,162.0,MOUNT BAKER,IMO9822906,WDJ6673,52.0,5.0,40.0,12.0,5.5,52.0,A
367776660,2024-12-30T15:53:46,21.30986,-157.86848,0.0,358.0,159.0,MOUNT BAKER,IMO9822906,WDJ6673,52.0,5.0,40.0,12.0,5.5,52.0,A
367776660,2024-12-30T16:20:45,21.30993,-157.8685,0.0,358.0,157.0,MOUNT BAKER,IMO9822906,WDJ6673,52.0,5.0,40.0,12.0,5.5,52.0,A
367776660,2024-12-30T16:26:45,21.30995,-157.86856,0.0,358.0,162.0,MOUNT BAKER,IMO9822906,WDJ6673,52.0,5.0,40.0,12.0,5.5,52.0,A
367776660,2024-12-30T16:59:43,21.30984,-157.86865,0.0,358.0,159.0,MOUNT BAKER,IMO9822906,WDJ6673,52.0,5.0,40.0,12.0,5.5,52.0,A
367776660,2024-12-30T17:35:42,21.30994,-157.86856,0.0,358.0,164.0,MOUNT BAKER,IMO9822906,WDJ6673,52.0,5.0,40.0,12.0,5.5,52.0,A
367776660,2024-12-30T17:47:43,21.30985,-157.86849,0.0,358.0,163.0,MOUNT BAKER,IMO9822906,WDJ6673,52.0,5.0,40.0,12.0,5.5,52.0,A
367776660,2024-12-30T18:20:44,21.30992,-157.86849,0.0,358.0,162.0,MOUNT BAKER,IMO9822906,WDJ6673,52.0,5.0,40.0,12.0,5.5,52.0,A
367776660,2024-12-30T19:56:44,21.31001,-157.8685,0.0,358.0,161.0,MOUNT BAKER,IMO9822906,WDJ6673,52.0,5.0,40.0,12.0,5.5,52.0,A
367776660,2024-12-30T20:11:44,21.30992,-157.86857,0.0,358.0,165.0,MOUNT BAKER,IMO9822906,WDJ6673,52.0,5.0,40.0,12.0,5.5,52.0,A
367776660,2024-12-30T20:23:46,21.30994,-157.86846,0.0,358.0,161.0,MOUNT BAKER,IMO9822906,WDJ6673,52.0,5.0,40.0,12.0,5.5,52.0,A
367776660,2024-12-30T20:44:42,21.30993,-157.86849,0.0,358.0,162.0,MOUNT BAKER,IMO9822906,WDJ6673,52.0,5.0,40.0,12.0,5.5,52.0,A
367776660,2024-12-30T21:23:44,21.30994,-157.86852,0.0,358.0,163.0,MOUNT BAKER,IMO9822906,WDJ6673,52.0,5.0,40.0,12.0,5.5,52.0,A
367776660,2024-12-30T21:26:41,21.30993,-157.86851,0.0,358.0,163.0,MOUNT BAKER,IMO9822906,WDJ6673,52.0,5.0,40.0,12.0,5.5,52.0,A
367776660,2024-12-30T21:29:43,21.30991,-157.86858,0.0,358.0,163.0,MOUNT BAKER,IMO9822906,WDJ6673,52.0,5.0,40.0,12.0,5.5,52.0,A
367776660,2024-12-30T21:38:40,21.3099,-157.86859,0.0,358.0,162.0,MOUNT BAKER,IMO9822906,WDJ6673,52.0,5.0,40.0,12.0,5.5,52.0,A
367776660,2024-12-30T21:41:43,21.30994,-157.8685,0.0,358.0,161.0,MOUNT BAKER,IMO9822906,WDJ6673,52.0,5.0,40.0,12.0,5.5,52.0,A
367776660,2024-12-30T21:47:54,21.30998,-157.87367,5.9,305.5,307.0,MOUNT BAKER,IMO9822906,WDJ6673,52.0,5.0,40.0,12.0,5.5,52.0,A
367776660,2024-12-30T21:57:23,21.3186,-157.88134,0.8,340.1,178.0,MOUNT BAKER,IMO9822906,WDJ6673,52.0,5.0,40.0,12.0,5.5,52.0,A
367776660,2024-12-30T22:16:18,21.31798,-157.88127,0.1,329.0,191.0,MOUNT BAKER,IMO9822906,WDJ6673,52.0,5.0,40.0,12.0,5.5,52.0,A
367776660,2024-12-30T22:54:37,21.26531,-157.86706,9.2,149.3,148.0,MOUNT BAKER,IMO9822906,WDJ6673,52.0,0.0,40.0,12.0,5.5,52.0,A
367776660,2024-12-30T22:59:21,21.25628,-157.85877,8.8,133.8,128.0,MOUNT BAKER,IMO9822906,WDJ6673,52.0,0.0,40.0,12.0,5.5,52.0,A
367776660,2024-12-30T23:00:07,21.25508,-157.85724,8.8,128.4,126.0,MOUNT BAKER,IMO9822906,WDJ6673,52.0,0.0,40.0,12.0,5.5,52.0,A
367776660,2024-12-30T23:05:51,21.24668,-157.84518,8.8,126.8,125.0,MOUNT BAKER,IMO9822906,WDJ6673,52.0,0.0,40.0,12.0,5.5,52.0,A
367776660,2024-12-30T23:21:40,21.2245,-157.81142,8.5,117.1,114.0,MOUNT BAKER,IMO9822906,WDJ6673,52.0,0.0,40.0,12.0,5.5,52.0,A
367776660,2024-12-30T23:42:15,21.20791,-157.76326,8.2,110.1,105.0,MOUNT BAKER,IMO9822906,WDJ6673,52.0,0.0,40.0,12.0,5.5,52.0,A
367776660,2024-12-30T23:57:10,21.1956,-157.73005,8.2,111.6,106.0,MOUNT BAKER,IMO9822906,WDJ6673,52.0,0.0,40.0,12.0,5.5,52.0,A
367776660,2024-12-31T00:00:08,21.19308,-157.72342,8.0,112.1,106.0,MOUNT BAKER,IMO9822906,WDJ6673,52.0,0.0,40.0,12.0,5.5,52.0,A
367776660,2024-12-31T00:02:21,21.19119,-157.71853,7.9,112.7,105.0,MOUNT BAKER,IMO9822906,WDJ6673,52.0,0.0,40.0,12.0,5.5,52.0,A
367776660,2024-12-31T00:05:37,21.18846,-157.71132,8.0,110.8,104.0,MOUNT BAKER,IMO9822906,WDJ6673,52.0,0.0,40.0,12.0,5.5,52.0,A
367776660,2024-12-31T00:06:47,21.18749,-157.70871,7.8,110.7,104.0,MOUNT BAKER,IMO9822906,WDJ6673,52.0,0.0,40.0,12.0,5.5,52.0,A
367776660,2024-12-31T00:07:58,21.18662,-157.7061,8.0,108.9,102.0,MOUNT BAKER,IMO9822906,WDJ6673,52.0,0.0,40.0,12.0,5.5,52.0,A
367776660,2024-12-31T00:10:08,21.18506,-157.70137,7.8,108.9,102.0,MOUNT BAKER,IMO9822906,WDJ6673,52.0,0.0,40.0,12.0,5.5,52.0,A
367776660,2024-12-31T00:12:20,21.18352,-157.69648,7.8,108.5,101.0,MOUNT BAKER,IMO9822906,WDJ6673,52.0,0.0,40.0,12.0,5.5,52.0,A
367776660,2024-12-31T00:13:27,21.18273,-157.69408,7.6,109.5,101.0,MOUNT BAKER,IMO9822906,WDJ6673,52.0,0.0,40.0,12.0,5.5,52.0,A
367776660,2024-12-31T00:14:37,21.18191,-157.69155,7.8,109.1,102.0,MOUNT BAKER,IMO9822906,WDJ6673,52.0,0.0,40.0,12.0,5.5,52.0,A
367776660,2024-12-31T00:11:10,21.18435,-157.69907,7.9,110.1,102.0,MOUNT BAKER,IMO9822906,WDJ6673,52.0,0.0,40.0,12.0,5.5,52.0,A
367776660,2024-12-31T00:15:41,21.18115,-157.68922,7.8,110.0,101.0,MOUNT BAKER,IMO9822906,WDJ6673,52.0,0.0,40.0,12.0,5.5,52.0,A
367776660,2024-12-31T00:17:04,21.18015,-157.68618,7.8,109.9,101.0,MOUNT BAKER,IMO9822906,WDJ6673,52.0,0.0,40.0,12.0,5.5,52.0,A
367776660,2024-12-31T00:18:08,21.17939,-157.68383,7.7,108.7,102.0,MOUNT BAKER,IMO9822906,WDJ6673,52.0,0.0,40.0,12.0,5.5,52.0,A
367776660,2024-12-31T00:01:18,21.19207,-157.72085,8.1,111.5,105.0,MOUNT BAKER,IMO9822906,WDJ6673,52.0,0.0,40.0,12.0,5.5,52.0,A
367776660,2024-12-31T00:19:18,21.17862,-157.68134,7.6,107.8,101.0,MOUNT BAKER,IMO9822906,WDJ6673,52.0,0.0,40.0,12.0,5.5,52.0,A
367776660,2024-12-31T00:21:25,21.17718,-157.67676,7.7,109.0,102.0,MOUNT BAKER,IMO9822906,WDJ6673,52.0,0.0,40.0,12.0,5.5,52.0,A
367776660,2024-12-31T00:23:38,21.17565,-157.67194,7.7,108.9,101.0,MOUNT BAKER,IMO9822906,WDJ6673,52.0,0.0,40.0,12.0,5.5,52.0,A
367776660,2024-12-31T00:22:28,21.17646,-157.67448,7.5,110.7,102.0,MOUNT BAKER,IMO9822906,WDJ6673,52.0,0.0,40.0,12.0,5.5,52.0,A
367776660,2024-12-31T00:20:19,21.17793,-157.6791,7.6,108.6,102.0,MOUNT BAKER,IMO9822906,WDJ6673,52.0,0.0,40.0,12.0,5.5,52.0,A
367776660,2024-12-31T00:25:48,21.17418,-157.66723,7.7,108.8,101.0,MOUNT BAKER,IMO9822906,WDJ6673,52.0,0.0,40.0,12.0,5.5,52.0,A
367776660,2024-12-31T00:26:49,21.17349,-157.66502,7.7,108.7,102.0,MOUNT BAKER,IMO9822906,WDJ6673,52.0,0.0,40.0,12.0,5.5,52.0,A
367776660,2024-12-31T00:27:55,21.17272,-157.66259,7.8,110.4,103.0,MOUNT BAKER,IMO9822906,WDJ6673,52.0,0.0,40.0,12.0,5.5,52.0,A
367776660,2024-12-31T00:29:07,21.17186,-157.65999,7.7,108.0,101.0,MOUNT BAKER,IMO9822906,WDJ6673,52.0,0.0,40.0,12.0,5.5,52.0,A
367776660,2024-12-31T00:03:28,21.19026,-157.71608,7.9,112.1,105.0,MOUNT BAKER,IMO9822906,WDJ6673,52.0,0.0,40.0,12.0,5.5,52.0,A
367776660,2024-12-31T00:33:36,21.16882,-157.65031,7.5,109.4,101.0,MOUNT BAKER,IMO9822906,WDJ6673,52.0,0.0,40.0,12.0,5.5,52.0,A
367776660,2024-12-31T00:32:35,21.16951,-157.6525,7.8,108.5,102.0,MOUNT BAKER,IMO9822906,WDJ6673,52.0,0.0,40.0,12.0,5.5,52.0,A
367776660,2024-12-31T00:34:37,21.1681,-157.6481,7.7,110.1,102.0,MOUNT BAKER,IMO9822906,WDJ6673,52.0,0.0,40.0,12.0,5.5,52.0,A
367776660,2024-12-31T00:35:57,21.16724,-157.64524,7.5,103.3,95.0,MOUNT BAKER,IMO9822906,WDJ6673,52.0,0.0,40.0,12.0,5.5,52.0,A
367776660,2024-12-31T00:37:02,21.16681,-157.64287,7.4,99.0,91.0,MOUNT BAKER,IMO9822906,WDJ6673,52.0,0.0,40.0,12.0,5.5,52.0,A
367776660,2024-12-31T00:38:18,21.1665,-157.64012,7.4,94.9,90.0,MOUNT BAKER,IMO9822906,WDJ6673,52.0,0.0,40.0,12.0,5.5,52.0,A
367776660,2024-12-31T00:41:58,21.16594,-157.632,7.4,95.0,90.0,MOUNT BAKER,IMO9822906,WDJ6673,52.0,0.0,40.0,12.0,5.5,52.0,A
367776660,2024-12-31T00:43:03,21.1658,-157.6296,7.5,93.9,89.0,MOUNT BAKER,IMO9822906,WDJ6673,52.0,0.0,40.0,12.0,5.5,52.0,A
367776660,2024-12-31T00:44:27,21.16563,-157.62648,7.6,93.3,90.0,MOUNT BAKER,IMO9822906,WDJ6673,52.0,0.0,40.0,12.0,5.5,52.0,A
367776660,2024-12-31T00:47:09,21.16529,-157.62052,7.5,91.5,89.0,MOUNT BAKER,IMO9822906,WDJ6673,52.0,0.0,40.0,12.0,5.5,52.0,A
367776660,2024-12-31T00:48:10,21.1652,-157.61824,7.5,91.8,89.0,MOUNT BAKER,IMO9822906,WDJ6673,52.0,0.0,40.0,12.0,5.5,52.0,A
367776660,2024-12-31T00:49:11,21.16512,-157.61592,7.7,94.0,90.0,MOUNT BAKER,IMO9822906,WDJ6673,52.0,0.0,40.0,12.0,5.5,52.0,A
367776660,2024-12-31T00:50:28,21.16493,-157.61297,7.6,94.3,90.0,MOUNT BAKER,IMO9822906,WDJ6673,52.0,0.0,40.0,12.0,5.5,52.0,A
367776660,2024-12-31T00:52:33,21.16476,-157.60829,7.7,91.5,90.0,MOUNT BAKER,IMO9822906,WDJ6673,52.0,0.0,40.0,12.0,5.5,52.0,A
367776660,2024-12-31T00:55:49,21.16447,-157.60093,7.6,92.0,89.0,MOUNT BAKER,IMO9822906,WDJ6673,52.0,0.0,40.0,12.0,5.5,52.0,A
367776660,2024-12-31T00:56:53,21.16438,-157.59853,7.5,93.4,91.0,MOUNT BAKER,IMO9822906,WDJ6673,52.0,0.0,40.0,12.0,5.5,52.0,A
367776660,2024-12-31T00:54:44,21.16455,-157.60337,7.5,92.1,89.0,MOUNT BAKER,IMO9822906,WDJ6673,52.0,0.0,40.0,12.0,5.5,52.0,A
367776660,2024-12-31T00:04:33,21.18933,-157.71371,8.0,112.6,106.0,MOUNT BAKER,IMO9822906,WDJ6673,52.0,0.0,40.0,12.0,5.5,52.0,A
367776660,2024-12-31T00:58:06,21.16419,-157.59582,7.7,94.1,92.0,MOUNT BAKER,IMO9822906,WDJ6673,52.0,0.0,40.0,12.0,5.5,52.0,A
367776660,2024-12-31T01:00:00,21.16378,-157.59151,7.5,95.9,93.0,MOUNT BAKER,IMO9822906,WDJ6673,52.0,0.0,40.0,12.0,5.5,52.0,A
367776660,2024-12-31T00:59:08,21.16396,-157.59345,7.6,95.2,91.0,MOUNT BAKER,IMO9822906,WDJ6673,52.0,0.0,40.0,12.0,5.5,52.0,A
367776660,2024-12-31T01:04:27,21.16302,-157.58159,7.5,94.8,92.0,MOUNT BAKER,IMO9822906,WDJ6673,52.0,0.0,40.0,12.0,5.5,52.0,A
367776660,2024-12-31T01:03:17,21.16317,-157.58422,7.5,95.9,92.0,MOUNT BAKER,IMO9822906,WDJ6673,52.0,0.0,40.0,12.0,5.5,52.0,A
367776660,2024-12-31T01:02:08,21.1634,-157.58674,7.6,93.5,91.0,MOUNT BAKER,IMO9822906,WDJ6673,52.0,0.0,40.0,12.0,5.5,52.0,A
367776660,2024-12-31T01:05:31,21.16271,-157.57921,7.6,97.6,94.0,MOUNT BAKER,IMO9822906,WDJ6673,52.0,0.0,40.0,12.0,5.5,52.0,A
367776660,2024-12-31T01:07:34,21.16209,-157.57459,7.7,98.3,93.0,MOUNT BAKER,IMO9822906,WDJ6673,52.0,0.0,40.0,12.0,5.5,52.0,A
367776660,2024-12-31T01:06:33,21.16244,-157.57685,7.7,98.0,94.0,MOUNT BAKER,IMO9822906,WDJ6673,52.0,0.0,40.0,12.0,5.5,52.0,A
367776660,2024-12-31T01:10:41,21.16121,-157.56762,7.6,98.7,95.0,MOUNT BAKER,IMO9822906,WDJ6673,52.0,0.0,40.0,12.0,5.5,52.0,A
367776660,2024-12-31T01:09:39,21.1615,-157.56991,7.6,98.3,95.0,MOUNT BAKER,IMO9822906,WDJ6673,52.0,0.0,40.0,12.0,5.5,52.0,A
367776660,2024-12-31T01:08:36,21.16182,-157.57219,7.5,98.8,94.0,MOUNT BAKER,IMO9822906,WDJ6673,52.0,0.0,40.0,12.0,5.5,52.0,A
367776660,2024-12-31T01:12:48,21.16055,-157.5629,7.4,98.9,93.0,MOUNT BAKER,IMO9822906,WDJ6673,52.0,0.0,40.0,12.0,5.5,52.0,A
367776660,2024-12-31T01:11:45,21.16087,-157.56523,7.7,96.9,92.0,MOUNT BAKER,IMO9822906,WDJ6673,52.0,0.0,40.0,12.0,5.5,52.0,A
367776660,2024-12-31T01:13:51,21.16023,-157.56061,7.4,96.3,93.0,MOUNT BAKER,IMO9822906,WDJ6673,52.0,0.0,40.0,12.0,5.5,52.0,A
367776660,2024-12-31T00:09:05,21.18581,-157.70364,7.9,109.5,103.0,MOUNT BAKER,IMO9822906,WDJ6673,52.0,0.0,40.0,12.0,5.5,52.0,A
367776660,2024-12-31T01:15:58,21.15963,-157.55595,7.5,99.2,93.0,MOUNT BAKER,IMO9822906,WDJ6673,52.0,0.0,40.0,12.0,5.5,52.0,A
367776660,2024-12-31T01:14:57,21.15992,-157.55817,7.6,97.0,94.0,MOUNT BAKER,IMO9822906,WDJ6673,52.0,0.0,40.0,12.0,5.5,52.0,A
367776660,2024-12-31T01:20:11,21.15826,-157.54669,7.4,98.3,95.0,MOUNT BAKER,IMO9822906,WDJ6673,52.0,0.0,40.0,12.0,5.5,52.0,A
367776660,2024-12-31T01:22:14,21.15769,-157.54209,7.6,97.6,93.0,MOUNT BAKER,IMO9822906,WDJ6673,52.0,0.0,40.0,12.0,5.5,52.0,A
367776660,2024-12-31T01:21:12,21.15796,-157.54442,7.6,97.9,93.0,MOUNT BAKER,IMO9822906,WDJ6673,52.0,0.0,40.0,12.0,5.5,52.0,A
367776660,2024-12-31T01:23:15,21.15744,-157.53982,7.7,96.2,93.0,MOUNT BAKER,IMO9822906,WDJ6673,52.0,0.0,40.0,12.0,5.5,52.0,A
367776660,2024-12-31T01:24:17,21.15712,-157.53746,7.7,96.8,94.0,MOUNT BAKER,IMO9822906,WDJ6673,52.0,0.0,40.0,12.0,5.5,52.0,A
367776660,2024-12-31T01:26:28,21.15654,-157.5325,7.7,98.0,94.0,MOUNT BAKER,IMO9822906,WDJ6673,52.0,0.0,40.0,12.0,5.5,52.0,A
367776660,2024-12-31T01:27:29,21.15626,-157.53021,7.7,96.8,94.0,MOUNT BAKER,IMO9822906,WDJ6673,52.0,0.0,40.0,12.0,5.5,52.0,A
367776660,2024-12-31T01:28:42,21.15595,-157.52744,7.7,97.0,94.0,MOUNT BAKER,IMO9822906,WDJ6673,52.0,0.0,40.0,12.0,5.5,52.0,A
367776660,2024-12-31T01:29:49,21.15564,-157.52494,7.5,96.6,93.0,MOUNT BAKER,IMO9822906,WDJ6673,52.0,0.0,40.0,12.0,5.5,52.0,A
367776660,2024-12-31T01:30:58,21.1553,-157.52237,7.7,96.7,93.0,MOUNT BAKER,IMO9822906,WDJ6673,52.0,0.0,40.0,12.0,5.5,52.0,A
367776660,2024-12-31T01:35:16,21.15403,-157.51275,7.7,96.5,94.0,MOUNT BAKER,IMO9822906,WDJ6673,52.0,0.0,40.0,12.0,5.5,52.0,A
367776660,2024-12-31T01:33:02,21.1547,-157.51777,7.6,97.8,94.0,MOUNT BAKER,IMO9822906,WDJ6673,52.0,0.0,40.0,12.0,5.5,52.0,A
367776660,2024-12-31T01:37:21,21.15338,-157.50814,7.6,97.4,90.0,MOUNT BAKER,IMO9822906,WDJ6673,52.0,0.0,40.0,12.0,5.5,52.0,A
367776660,2024-12-31T01:36:19,21.15371,-157.51044,7.6,97.3,94.0,MOUNT BAKER,IMO9822906,WDJ6673,52.0,0.0,40.0,12.0,5.5,52.0,A
367776660,2024-12-31T01:38:22,21.1532,-157.50584,7.6,94.1,89.0,MOUNT BAKER,IMO9822906,WDJ6673,52.0,0.0,40.0,12.0,5.5,52.0,A
367776660,2024-12-31T01:43:41,21.15265,-157.49402,7.5,92.3,89.0,MOUNT BAKER,IMO9822906,WDJ6673,52.0,0.0,40.0,12.0,5.5,52.0,A
367776660,2024-12-31T01:39:24,21.15308,-157.50349,7.7,92.1,89.0,MOUNT BAKER,IMO9822906,WDJ6673,52.0,0.0,40.0,12.0,5.5,52.0,A
367776660,2024-12-31T01:42:30,21.15276,-157.49666,7.5,92.6,88.0,MOUNT BAKER,IMO9822906,WDJ6673,52.0,0.0,40.0,12.0,5.5,52.0,A
367776660,2024-12-31T01:40:25,21.15293,-157.50124,7.3,93.0,88.0,MOUNT BAKER,IMO9822906,WDJ6673,52.0,0.0,40.0,12.0,5.5,52.0,A
367776660,2024-12-31T01:44:46,21.15255,-157.49155,7.7,92.3,89.0,MOUNT BAKER,IMO9822906,WDJ6673,52.0,0.0,40.0,12.0,5.5,52.0,A
367776660,2024-12-31T01:46:56,21.15231,-157.48662,7.8,96.5,91.0,MOUNT BAKER,IMO9822906,WDJ6673,52.0,0.0,40.0,12.0,5.5,52.0,A
367776660,2024-12-31T01:45:48,21.15247,-157.48919,7.6,92.6,90.0,MOUNT BAKER,IMO9822906,WDJ6673,52.0,0.0,40.0,12.0,5.5,52.0,A
367776660,2024-12-31T01:41:27,21.15284,-157.49898,7.3,93.9,89.0,MOUNT BAKER,IMO9822906,WDJ6673,52.0,0.0,40.0,12.0,5.5,52.0,A
367776660,2024-12-31T01:50:20,21.15088,-157.47889,7.8,103.8,98.0,MOUNT BAKER,IMO9822906,WDJ6673,52.0,0.0,40.0,12.0,5.5,52.0,A
367776660,2024-12-31T01:51:32,21.15018,-157.47618,7.8,105.7,100.0,MOUNT BAKER,IMO9822906,WDJ6673,52.0,0.0,40.0,12.0,5.5,52.0,A
367776660,2024-12-31T01:53:36,21.14918,-157.47153,7.7,102.6,96.0,MOUNT BAKER,IMO9822906,WDJ6673,52.0,0.0,40.0,12.0,5.5,52.0,A
367776660,2024-12-31T01:52:34,21.14968,-157.47387,7.7,102.3,96.0,MOUNT BAKER,IMO9822906,WDJ6673,52.0,0.0,40.0,12.0,5.5,52.0,A
367776660,2024-12-31T01:54:41,21.1487,-157.46908,7.9,101.8,97.0,MOUNT BAKER,IMO9822906,WDJ6673,52.0,0.0,40.0,12.0,5.5,52.0,A
367776660,2024-12-31T01:48:03,21.15192,-157.48404,7.8,100.4,94.0,MOUNT BAKER,IMO9822906,WDJ6673,52.0,0.0,40.0,12.0,5.5,52.0,A
367776660,2024-12-31T01:55:44,21.14822,-157.46668,7.7,101.2,96.0,MOUNT BAKER,IMO9822906,WDJ6673,52.0,0.0,40.0,12.0,5.5,52.0,A
367776660,2024-12-31T01:56:45,21.14778,-157.46435,7.9,101.2,97.0,MOUNT BAKER,IMO9822906,WDJ6673,52.0,0.0,40.0,12.0,5.5,52.0,A
367776660,2024-12-31T01:57:48,21.14732,-157.46192,7.9,101.5,97.0,MOUNT BAKER,IMO9822906,WDJ6673,52.0,0.0,40.0,12.0,5.5,52.0,A
367776660,2024-12-31T01:59:54,21.14626,-157.45695,8.1,101.9,98.0,MOUNT BAKER,IMO9822906,WDJ6673,52.0,0.0,40.0,12.0,5.5,52.0,A
367776660,2024-12-31T02:02:03,21.14524,-157.45197,7.8,101.5,96.0,MOUNT BAKER,IMO9822906,WDJ6673,52.0,0.0,40.0,12.0,5.5,52.0,A
367776660,2024-12-31T01:58:50,21.14683,-157.45947,7.9,101.7,97.0,MOUNT BAKER,IMO9822906,WDJ6673,52.0,0.0,40.0,12.0,5.5,52.0,A
367776660,2024-12-31T02:03:09,21.14477,-157.44949,7.9,101.6,97.0,MOUNT BAKER,IMO9822906,WDJ6673,52.0,0.0,40.0,12.0,5.5,52.0,A
367776660,2024-12-31T02:04:10,21.1443,-157.44718,7.8,102.5,95.0,MOUNT BAKER,IMO9822906,WDJ6673,52.0,0.0,40.0,12.0,5.5,52.0,A
367776660,2024-12-31T02:05:12,21.14381,-157.4448,7.9,102.4,96.0,MOUNT BAKER,IMO9822906,WDJ6673,52.0,0.0,40.0,12.0,5.5,52.0,A
367776660,2024-12-31T02:01:02,21.14571,-157.45431,7.9,101.3,97.0,MOUNT BAKER,IMO9822906,WDJ6673,52.0,0.0,40.0,12.0,5.5,52.0,A
367776660,2024-12-31T02:06:15,21.14334,-157.44245,7.7,103.7,97.0,MOUNT BAKER,IMO9822906,WDJ6673,52.0,0.0,40.0,12.0,5.5,52.0,A
367776660,2024-12-31T02:07:19,21.14288,-157.44007,7.8,101.0,96.0,MOUNT BAKER,IMO9822906,WDJ6673,52.0,0.0,40.0,12.0,5.5,52.0,A
367776660,2024-12-31T02:09:21,21.14191,-157.43543,7.7,100.8,95.0,MOUNT BAKER,IMO9822906,WDJ6673,52.0,0.0,40.0,12.0,5.5,52.0,A
367776660,2024-12-31T02:08:20,21.14241,-157.43775,7.7,103.5,98.0,MOUNT BAKER,IMO9822906,WDJ6673,52.0,0.0,40.0,12.0,5.5,52.0,A
367776660,2024-12-31T02:10:22,21.14146,-157.43316,7.7,105.7,103.0,MOUNT BAKER,IMO9822906,WDJ6673,52.0,0.0,40.0,12.0,5.5,52.0,A
367776660,2024-12-31T02:11:24,21.14073,-157.43085,8.1,108.5,105.0,MOUNT BAKER,IMO9822906,WDJ6673,52.0,0.0,40.0,12.0,5.5,52.0,A
367776660,2024-12-31T02:14:35,21.13698,-157.42412,8.5,129.4,125.0,MOUNT BAKER,IMO9822906,WDJ6673,52.0,0.0,40.0,12.0,5.5,52.0,A
367776660,2024-12-31T02:15:38,21.13535,-157.4221,8.5,131.6,125.0,MOUNT BAKER,IMO9822906,WDJ6673,52.0,0.0,40.0,12.0,5.5,52.0,A
367776660,2024-12-31T02:12:27,21.1398,-157.42852,8.2,116.1,112.0,MOUNT BAKER,IMO9822906,WDJ6673,52.0,0.0,40.0,12.0,5.5,52.0,A
367776660,2024-12-31T02:17:44,21.13195,-157.41813,8.5,132.4,124.0,MOUNT BAKER,IMO9822906,WDJ6673,52.0,0.0,40.0,12.0,5.5,52.0,A
367776660,2024-12-31T02:13:34,21.13838,-157.42615,8.3,123.9,117.0,MOUNT BAKER,IMO9822906,WDJ6673,52.0,0.0,40.0,12.0,5.5,52.0,A
367776660,2024-12-31T02:18:45,21.13032,-157.41624,8.6,132.1,124.0,MOUNT BAKER,IMO9822906,WDJ6673,52.0,0.0,40.0,12.0,5.5,52.0,A
367776660,2024-12-31T02:20:48,21.12701,-157.41245,8.6,132.8,123.0,MOUNT BAKER,IMO9822906,WDJ6673,52.0,0.0,40.0,12.0,5.5,52.0,A
367776660,2024-12-31T00:24:41,21.17494,-157.66967,7.9,108.7,101.0,MOUNT BAKER,IMO9822906,WDJ6673,52.0,0.0,40.0,12.0,5.5,52.0,A
367776660,2024-12-31T02:23:59,21.12176,-157.40642,8.8,133.9,125.0,MOUNT BAKER,IMO9822906,WDJ6673,52.0,0.0,40.0,12.0,5.5,52.0,A
367776660,2024-12-31T02:26:04,21.11832,-157.40248,8.7,132.9,123.0,MOUNT BAKER,IMO9822906,WDJ6673,52.0,0.0,40.0,12.0,5.5,52.0,A
367776660,2024-12-31T02:21:50,21.12534,-157.41048,8.7,132.6,125.0,MOUNT BAKER,IMO9822906,WDJ6673,52.0,0.0,40.0,12.0,5.5,52.0,A
367776660,2024-12-31T02:25:01,21.12007,-157.40445,8.7,133.5,125.0,MOUNT BAKER,IMO9822906,WDJ6673,52.0,0.0,40.0,12.0,5.5,52.0,A
367776660,2024-12-31T02:27:09,21.11655,-157.40046,8.7,133.0,125.0,MOUNT BAKER,IMO9822906,WDJ6673,52.0,0.0,40.0,12.0,5.5,52.0,A
367776660,2024-12-31T02:16:41,21.13365,-157.42009,8.7,132.5,124.0,MOUNT BAKER,IMO9822906,WDJ6673,52.0,0.0,40.0,12.0,5.5,52.0,A
367776660,2024-12-31T02:29:21,21.11287,-157.39638,8.7,135.1,125.0,MOUNT BAKER,IMO9822906,WDJ6673,52.0,0.0,40.0,12.0,5.5,52.0,A
367776660,2024-12-31T02:32:37,21.10738,-157.3904,8.7,133.6,124.0,MOUNT BAKER,IMO9822906,WDJ6673,52.0,0.0,40.0,12.0,5.5,52.0,A
367776660,2024-12-31T02:19:46,21.12867,-157.41433,8.5,133.1,124.0,MOUNT BAKER,IMO9822906,WDJ6673,52.0,0.0,40.0,12.0,5.5,52.0,A
367776660,2024-12-31T02:33:38,21.10564,-157.38852,8.6,133.5,123.0,MOUNT BAKER,IMO9822906,WDJ6673,52.0,0.0,40.0,12.0,5.5,52.0,A
367776660,2024-12-31T02:30:24,21.11112,-157.39447,8.4,134.2,124.0,MOUNT BAKER,IMO9822906,WDJ6673,52.0,0.0,40.0,12.0,5.5,52.0,A
367776660,2024-12-31T02:31:31,21.10923,-157.39242,8.8,134.6,125.0,MOUNT BAKER,IMO9822906,WDJ6673,52.0,0.0,40.0,12.0,5.5,52.0,A
367776660,2024-12-31T02:41:05,21.09334,-157.37439,8.9,131.0,121.0,MOUNT BAKER,IMO9822906,WDJ6673,52.0,0.0,40.0,12.0,5.5,52.0,A
367776660,2024-12-31T02:38:00,21.09837,-157.38038,8.7,133.5,123.0,MOUNT BAKER,IMO9822906,WDJ6673,52.0,0.0,40.0,12.0,5.5,52.0,A
367776660,2024-12-31T02:43:11,21.09001,-157.37014,8.9,129.5,119.0,MOUNT BAKER,IMO9822906,WDJ6673,52.0,0.0,40.0,12.0,5.5,52.0,A
367776660,2024-12-31T02:48:32,21.08126,-157.35942,9.0,131.7,122.0,MOUNT BAKER,IMO9822906,WDJ6673,52.0,0.0,40.0,12.0,5.5,52.0,A
367776660,2024-12-31T02:40:03,21.09499,-157.37646,8.7,130.2,121.0,MOUNT BAKER,IMO9822906,WDJ6673,52.0,0.0,40.0,12.0,5.5,52.0,A
367776660,2024-12-31T02:49:48,21.0792,-157.3569,8.8,130.9,122.0,MOUNT BAKER,IMO9822906,WDJ6673,52.0,0.0,40.0,12.0,5.5,52.0,A
367776660,2024-12-31T02:42:07,21.0917,-157.37231,8.8,129.5,120.0,MOUNT BAKER,IMO9822906,WDJ6673,52.0,0.0,40.0,12.0,5.5,52.0,A
367776660,2024-12-31T02:50:51,21.07751,-157.35478,8.9,131.1,119.0,MOUNT BAKER,IMO9822906,WDJ6673,52.0,0.0,40.0,12.0,5.5,52.0,A
367776660,2024-12-31T02:51:58,21.07578,-157.35256,8.8,130.1,121.0,MOUNT BAKER,IMO9822906,WDJ6673,52.0,0.0,40.0,12.0,5.5,52.0,A
367776660,2024-12-31T02:36:57,21.10009,-157.38232,8.6,133.3,124.0,MOUNT BAKER,IMO9822906,WDJ6673,52.0,0.0,40.0,12.0,5.5,52.0,A
367776660,2024-12-31T02:55:05,21.07089,-157.34609,9.0,126.6,121.0,MOUNT BAKER,IMO9822906,WDJ6673,52.0,0.0,40.0,12.0,5.5,52.0,A
367776660,2024-12-31T02:47:28,21.083,-157.36156,9.0,131.0,119.0,MOUNT BAKER,IMO9822906,WDJ6673,52.0,0.0,40.0,12.0,5.5,52.0,A
367776660,2024-12-31T02:39:01,21.09665,-157.37846,8.7,132.3,123.0,MOUNT BAKER,IMO9822906,WDJ6673,52.0,0.0,40.0,12.0,5.5,52.0,A
367776660,2024-12-31T00:30:08,21.1712,-157.65776,7.7,108.1,103.0,MOUNT BAKER,IMO9822906,WDJ6673,52.0,0.0,40.0,12.0,5.5,52.0,A
367776660,2024-12-31T02:54:02,21.07251,-157.3483,9.0,129.0,120.0,MOUNT BAKER,IMO9822906,WDJ6673,52.0,0.0,40.0,12.0,5.5,52.0,A
367776660,2024-12-31T02:52:59,21.07413,-157.35048,8.9,129.3,119.0,MOUNT BAKER,IMO9822906,WDJ6673,52.0,0.0,40.0,12.0,5.5,52.0,A
367776660,2024-12-31T02:58:14,21.06639,-157.33926,8.9,123.7,122.0,MOUNT BAKER,IMO9822906,WDJ6673,52.0,0.0,40.0,12.0,5.5,52.0,A
367776660,2024-12-31T00:31:15,21.17042,-157.65535,7.5,109.2,101.0,MOUNT BAKER,IMO9822906,WDJ6673,52.0,0.0,40.0,12.0,5.5,52.0,A
367776660,2024-12-31T02:44:13,21.08834,-157.36807,8.9,130.9,120.0,MOUNT BAKER,IMO9822906,WDJ6673,52.0,0.0,40.0,12.0,5.5,52.0,A
367776660,2024-12-31T02:56:07,21.06938,-157.34386,8.9,125.6,120.0,MOUNT BAKER,IMO9822906,WDJ6673,52.0,0.0,40.0,12.0,5.5,52.0,A
367776660,2024-12-31T03:02:03,21.06141,-157.3307,8.7,115.7,111.0,MOUNT BAKER,IMO9822906,WDJ6673,52.0,0.0,40.0,12.0,5.5,52.0,A
367776660,2024-12-31T02:57:12,21.06782,-157.3415,8.9,124.4,121.0,MOUNT BAKER,IMO9822906,WDJ6673,52.0,0.0,40.0,12.0,5.5,52.0,A
367776660,2024-12-31T03:03:27,21.06013,-157.3273,8.7,110.7,108.0,MOUNT BAKER,IMO9822906,WDJ6673,52.0,0.0,40.0,12.0,5.5,52.0,A
367776660,2024-12-31T03:00:01,21.06399,-157.33526,9.0,122.1,121.0,MOUNT BAKER,IMO9822906,WDJ6673,52.0,0.0,40.0,12.0,5.5,52.0,A
367776660,2024-12-31T03:05:31,21.05838,-157.32238,8.6,111.0,109.0,MOUNT BAKER,IMO9822906,WDJ6673,52.0,0.0,40.0,12.0,5.5,52.0,A
367776660,2024-12-31T03:09:57,21.05474,-157.31198,8.4,110.7,109.0,MOUNT BAKER,IMO9822906,WDJ6673,52.0,0.0,40.0,12.0,5.5,52.0,A
367776660,2024-12-31T03:06:36,21.05745,-157.31975,8.4,110.2,108.0,MOUNT BAKER,IMO9822906,WDJ6673,52.0,0.0,40.0,12.0,5.5,52.0,A
367776660,2024-12-31T03:12:11,21.05303,-157.30668,8.5,107.0,109.0,MOUNT BAKER,IMO9822906,WDJ6673,52.0,0.0,40.0,12.0,5.5,52.0,A
367776660,2024-12-31T03:13:13,21.05233,-157.30424,8.3,106.5,110.0,MOUNT BAKER,IMO9822906,WDJ6673,52.0,0.0,40.0,12.0,5.5,52.0,A
367776660,2024-12-31T03:14:15,21.05159,-157.30179,8.4,107.9,109.0,MOUNT BAKER,IMO9822906,WDJ6673,52.0,0.0,40.0,12.0,5.5,52.0,A
367776660,2024-12-31T03:08:54,21.05559,-157.31443,8.3,111.0,109.0,MOUNT BAKER,IMO9822906,WDJ6673,52.0,0.0,40.0,12.0,5.5,52.0,A
367776660,2024-12-31T03:01:02,21.06263,-157.33301,8.7,124.0,120.0,MOUNT BAKER,IMO9822906,WDJ6673,52.0,0.0,40.0,12.0,5.5,52.0,A
367776660,2024-12-31T03:16:39,21.04994,-157.29599,8.6,105.7,108.0,MOUNT BAKER,IMO9822906,WDJ6673,52.0,0.0,40.0,12.0,5.5,52.0,A
367776660,2024-12-31T03:17:44,21.04923,-157.2933,8.6,105.9,107.0,MOUNT BAKER,IMO9822906,WDJ6673,52.0,0.0,40.0,12.0,5.5,52.0,A
367776660,2024-12-31T03:21:17,21.04682,-157.2844,8.8,106.4,107.0,MOUNT BAKER,IMO9822906,WDJ6673,52.0,0.0,40.0,12.0,5.5,52.0,A
367776660,2024-12-31T03:15:17,21.05083,-157.2993,8.5,108.2,110.0,MOUNT BAKER,IMO9822906,WDJ6673,52.0,0.0,40.0,12.0,5.5,52.0,A
367776660,2024-12-31T03:18:57,21.04842,-157.29026,8.7,105.1,106.0,MOUNT BAKER,IMO9822906,WDJ6673,52.0,0.0,40.0,12.0,5.5,52.0,A
367776660,2024-12-31T03:04:30,21.05925,-157.32483,8.7,110.4,109.0,MOUNT BAKER,IMO9822906,WDJ6673,52.0,0.0,40.0,12.0,5.5,52.0,A
367776660,2024-12-31T03:23:28,21.04539,-157.27892,8.8,105.6,106.0,MOUNT BAKER,IMO9822906,WDJ6673,52.0,0.0,40.0,12.0,5.5,52.0,A
367776660,2024-12-31T03:24:38,21.04469,-157.27592,8.9,104.1,102.0,MOUNT BAKER,IMO9822906,WDJ6673,52.0,0.0,40.0,12.0,5.5,52.0,A
367776660,2024-12-31T03:07:47,21.05651,-157.31703,8.5,110.4,109.0,MOUNT BAKER,IMO9822906,WDJ6673,52.0,0.0,40.0,12.0,5.5,52.0,A
367776660,2024-12-31T03:30:14,21.04161,-157.26157,8.8,102.3,100.0,MOUNT BAKER,IMO9822906,WDJ6673,52.0,0.0,40.0,12.0,5.5,52.0,A
367776660,2024-12-31T03:11:07,21.05382,-157.30923,8.6,109.3,110.0,MOUNT BAKER,IMO9822906,WDJ6673,52.0,0.0,40.0,12.0,5.5,52.0,A
367776660,2024-12-31T03:29:10,21.04216,-157.26428,8.9,101.9,101.0,MOUNT BAKER,IMO9822906,WDJ6673,52.0,0.0,40.0,12.0,5.5,52.0,A
367776660,2024-12-31T03:31:20,21.04102,-157.25869,8.9,101.8,101.0,MOUNT BAKER,IMO9822906,WDJ6673,52.0,0.0,40.0,12.0,5.5,52.0,A
367776660,2024-12-31T03:33:38,21.03978,-157.25279,8.9,102.7,101.0,MOUNT BAKER,IMO9822906,WDJ6673,52.0,0.0,40.0,12.0,5.5,52.0,A
367776660,2024-12-31T03:28:08,21.0427,-157.26692,8.9,102.0,100.0,MOUNT BAKER,IMO9822906,WDJ6673,52.0,0.0,40.0,12.0,5.5,52.0,A
367776660,2024-12-31T03:36:01,21.03847,-157.24659,9.0,102.4,100.0,MOUNT BAKER,IMO9822906,WDJ6673,52.0,0.0,40.0,12.0,5.5,52.0,A
367776660,2024-12-31T03:38:28,21.03723,-157.24021,9.0,100.7,99.0,MOUNT BAKER,IMO9822906,WDJ6673,52.0,0.0,40.0,12.0,5.5,52.0,A
367776660,2024-12-31T03:34:48,21.03918,-157.24975,9.0,102.4,101.0,MOUNT BAKER,IMO9822906,WDJ6673,52.0,0.0,40.0,12.0,5.5,52.0,A
367776660,2024-12-31T03:43:08,21.03493,-157.22804,9.0,101.5,99.0,MOUNT BAKER,IMO9822906,WDJ6673,52.0,0.0,40.0,12.0,5.5,52.0,A
367776660,2024-12-31T03:37:08,21.03789,-157.24369,8.9,101.1,99.0,MOUNT BAKER,IMO9822906,WDJ6673,52.0,0.0,40.0,12.0,5.5,52.0,A
367776660,2024-12-31T03:45:14,21.03383,-157.22253,9.0,102.3,100.0,MOUNT BAKER,IMO9822906,WDJ6673,52.0,0.0,40.0,12.0,5.5,52.0,A
367776660,2024-12-31T03:22:18,21.0462,-157.28184,8.8,105.2,105.0,MOUNT BAKER,IMO9822906,WDJ6673,52.0,0.0,40.0,12.0,5.5,52.0,A
367776660,2024-12-31T03:39:29,21.03673,-157.23759,9.0,101.7,100.0,MOUNT BAKER,IMO9822906,WDJ6673,52.0,0.0,40.0,12.0,5.5,52.0,A
367776660,2024-12-31T03:48:27,21.03215,-157.21399,9.1,101.2,98.0,MOUNT BAKER,IMO9822906,WDJ6673,52.0,0.0,40.0,12.0,5.5,52.0,A
367776660,2024-12-31T03:49:28,21.03164,-157.2113,9.0,101.5,98.0,MOUNT BAKER,IMO9822906,WDJ6673,52.0,0.0,40.0,12.0,5.5,52.0,A
367776660,2024-12-31T03:41:58,21.03551,-157.23111,9.0,101.6,99.0,MOUNT BAKER,IMO9822906,WDJ6673,52.0,0.0,40.0,12.0,5.5,52.0,A
367776660,2024-12-31T03:52:08,21.03034,-157.20424,9.1,101.3,99.0,MOUNT BAKER,IMO9822906,WDJ6673,52.0,0.0,40.0,12.0,5.5,52.0,A
367776660,2024-12-31T03:50:57,21.03092,-157.20738,9.1,101.1,98.0,MOUNT BAKER,IMO9822906,WDJ6673,52.0,0.0,40.0,12.0,5.5,52.0,A
367776660,2024-12-31T03:54:28,21.02917,-157.19812,8.9,101.2,98.0,MOUNT BAKER,IMO9822906,WDJ6673,52.0,0.0,40.0,12.0,5.5,52.0,A
367776660,2024-12-31T03:55:37,21.02861,-157.19515,9.0,101.2,98.0,MOUNT BAKER,IMO9822906,WDJ6673,52.0,0.0,40.0,12.0,5.5,52.0,A
367776660,2024-12-31T03:57:57,21.02753,-157.1891,8.9,101.2,99.0,MOUNT BAKER,IMO9822906,WDJ6673,52.0,0.0,40.0,12.0,5.5,52.0,A
367776660,2024-12-31T03:59:07,21.02694,-157.18607,8.9,101.0,99.0,MOUNT BAKER,IMO9822906,WDJ6673,52.0,0.0,40.0,12.0,5.5,52.0,A
367776660,2024-12-31T03:56:50,21.02805,-157.19199,8.9,100.7,97.0,MOUNT BAKER,IMO9822906,WDJ6673,52.0,0.0,40.0,12.0,5.5,52.0,A
367776660,2024-12-31T04:00:07,21.02651,-157.1835,8.7,100.3,98.0,MOUNT BAKER,IMO9822906,WDJ6673,52.0,0.0,40.0,12.0,5.5,52.0,A
367776660,2024-12-31T04:03:18,21.0252,-157.17547,8.6,100.9,99.0,MOUNT BAKER,IMO9822906,WDJ6673,52.0,0.0,40.0,12.0,5.5,52.0,A
367776660,2024-12-31T03:53:18,21.02977,-157.20118,9.0,101.7,99.0,MOUNT BAKER,IMO9822906,WDJ6673,52.0,0.0,40.0,12.0,5.5,52.0,A
367776660,2024-12-31T04:02:17,21.0256,-157.17798,8.6,100.3,98.0,MOUNT BAKER,IMO9822906,WDJ6673,52.0,0.0,40.0,12.0,5.5,52.0,A
367776660,2024-12-31T04:06:47,21.02369,-157.16677,8.4,100.5,99.0,MOUNT BAKER,IMO9822906,WDJ6673,52.0,0.0,40.0,12.0,5.5,52.0,A
367776660,2024-12-31T00:39:40,21.16626,-157.63712,7.4,94.1,89.0,MOUNT BAKER,IMO9822906,WDJ6673,52.0,0.0,40.0,12.0,5.5,52.0,A
367776660,2024-12-31T04:09:18,21.0226,-157.16055,8.5,99.9,99.0,MOUNT BAKER,IMO9822906,WDJ6673,52.0,0.0,40.0,12.0,5.5,52.0,A
367776660,2024-12-31T04:10:27,21.02213,-157.15769,8.5,101.0,99.0,MOUNT BAKER,IMO9822906,WDJ6673,52.0,0.0,40.0,12.0,5.5,52.0,A
367776660,2024-12-31T00:40:49,21.16612,-157.63455,7.5,94.9,89.0,MOUNT BAKER,IMO9822906,WDJ6673,52.0,0.0,40.0,12.0,5.5,52.0,A
367776660,2024-12-31T03:44:13,21.03436,-157.2252,9.0,101.9,100.0,MOUNT BAKER,IMO9822906,WDJ6673,52.0,0.0,40.0,12.0,5.5,52.0,A
367776660,2024-12-31T04:11:37,21.02159,-157.15478,8.6,101.3,99.0,MOUNT BAKER,IMO9822906,WDJ6673,52.0,0.0,40.0,12.0,5.5,52.0,A
367776660,2024-12-31T04:05:38,21.02418,-157.16962,8.5,100.3,99.0,MOUNT BAKER,IMO9822906,WDJ6673,52.0,0.0,40.0,12.0,5.5,52.0,A
367776660,2024-12-31T04:13:57,21.02048,-157.14906,8.4,101.5,99.0,MOUNT BAKER,IMO9822906,WDJ6673,52.0,0.0,40.0,12.0,5.5,52.0,A
367776660,2024-12-31T03:46:18,21.03333,-157.21971,9.0,101.7,100.0,MOUNT BAKER,IMO9822906,WDJ6673,52.0,0.0,40.0,12.0,5.5,52.0,A
367776660,2024-12-31T04:17:18,21.01906,-157.14091,8.4,100.0,97.0,MOUNT BAKER,IMO9822906,WDJ6673,52.0,0.0,40.0,12.0,5.5,52.0,A
367776660,2024-12-31T04:16:17,21.01945,-157.14337,8.4,100.4,98.0,MOUNT BAKER,IMO9822906,WDJ6673,52.0,0.0,40.0,12.0,5.5,52.0,A
367776660,2024-12-31T00:45:37,21.1655,-157.62387,7.6,92.7,90.0,MOUNT BAKER,IMO9822906,WDJ6673,52.0,0.0,40.0,12.0,5.5,52.0,A
367776660,2024-12-31T04:21:57,21.01702,-157.12954,8.2,101.2,100.0,MOUNT BAKER,IMO9822906,WDJ6673,52.0,0.0,40.0,12.0,5.5,52.0,A
367776660,2024-12-31T00:51:32,21.16487,-157.61059,7.6,92.3,89.0,MOUNT BAKER,IMO9822906,WDJ6673,52.0,0.0,40.0,12.0,5.5,52.0,A
367776660,2024-12-31T04:23:08,21.01652,-157.12671,8.2,101.2,100.0,MOUNT BAKER,IMO9822906,WDJ6673,52.0,0.0,40.0,12.0,5.5,52.0,A
367776660,2024-12-31T00:53:34,21.16466,-157.60599,7.6,93.2,90.0,MOUNT BAKER,IMO9822906,WDJ6673,52.0,0.0,40.0,12.0,5.5,52.0,A
367776660,2024-12-31T04:25:26,21.01552,-157.12115,8.3,100.0,99.0,MOUNT BAKER,IMO9822906,WDJ6673,52.0,0.0,40.0,12.0,5.5,52.0,A
367776660,2024-12-31T04:24:17,21.016,-157.12395,8.3,100.1,98.0,MOUNT BAKER,IMO9822906,WDJ6673,52.0,0.0,40.0,12.0,5.5,52.0,A
367776660,2024-12-31T04:18:28,21.01857,-157.138,8.4,101.1,98.0,MOUNT BAKER,IMO9822906,WDJ6673,52.0,0.0,40.0,12.0,5.5,52.0,A
367776660,2024-12-31T04:28:57,21.01407,-157.1125,8.5,100.7,99.0,MOUNT BAKER,IMO9822906,WDJ6673,52.0,0.0,40.0,12.0,5.5,52.0,A
367776660,2024-12-31T04:34:38,21.01156,-157.09847,8.5,100.2,99.0,MOUNT BAKER,IMO9822906,WDJ6673,52.0,0.0,40.0,12.0,5.5,52.0,A
367776660,2024-12-31T04:30:08,21.01355,-157.10959,8.4,101.5,98.0,MOUNT BAKER,IMO9822906,WDJ6673,52.0,0.0,40.0,12.0,5.5,52.0,A
367776660,2024-12-31T04:01:13,21.02605,-157.18073,8.6,99.8,99.0,MOUNT BAKER,IMO9822906,WDJ6673,52.0,0.0,40.0,12.0,5.5,52.0,A
367776660,2024-12-31T04:38:07,21.01001,-157.08973,8.7,101.6,99.0,MOUNT BAKER,IMO9822906,WDJ6673,52.0,0.0,40.0,12.0,5.5,52.0,A
367776660,2024-12-31T04:32:28,21.01249,-157.10383,8.4,101.2,98.0,MOUNT BAKER,IMO9822906,WDJ6673,52.0,0.0,40.0,12.0,5.5,52.0,A
367776660,2024-12-31T04:04:23,21.02471,-157.17275,8.5,101.3,99.0,MOUNT BAKER,IMO9822906,WDJ6673,52.0,0.0,40.0,12.0,5.5,52.0,A
367776660,2024-12-31T04:35:47,21.01108,-157.0956,8.5,99.9,98.0,MOUNT BAKER,IMO9822906,WDJ6673,52.0,0.0,40.0,12.0,5.5,52.0,A
367776660,2024-12-31T04:36:57,21.01056,-157.09268,8.6,101.9,100.0,MOUNT BAKER,IMO9822906,WDJ6673,52.0,0.0,40.0,12.0,5.5,52.0,A
367776660,2024-12-31T04:44:57,21.00706,-157.07255,8.6,100.2,98.0,MOUNT BAKER,IMO9822906,WDJ6673,52.0,0.0,40.0,12.0,5.5,52.0,A
367776660,2024-12-31T04:07:58,21.02316,-157.16383,8.4,101.0,98.0,MOUNT BAKER,IMO9822906,WDJ6673,52.0,0.0,40.0,12.0,5.5,52.0,A
367776660,2024-12-31T04:47:18,21.00608,-157.06669,8.4,100.2,98.0,MOUNT BAKER,IMO9822906,WDJ6673,52.0,0.0,40.0,12.0,5.5,52.0,A
367776660,2024-12-31T04:41:38,21.00849,-157.08085,8.6,100.2,99.0,MOUNT BAKER,IMO9822906,WDJ6673,52.0,0.0,40.0,12.0,5.5,52.0,A
367776660,2024-12-31T04:48:27,21.00563,-157.06387,8.4,99.5,98.0,MOUNT BAKER,IMO9822906,WDJ6673,52.0,0.0,40.0,12.0,5.5,52.0,A
367776660,2024-12-31T04:50:48,21.00464,-157.05806,8.4,99.7,98.0,MOUNT BAKER,IMO9822906,WDJ6673,52.0,0.0,40.0,12.0,5.5,52.0,A
367776660,2024-12-31T04:49:37,21.00515,-157.06099,8.5,100.6,99.0,MOUNT BAKER,IMO9822906,WDJ6673,52.0,0.0,40.0,12.0,5.5,52.0,A
367776660,2024-12-31T04:51:57,21.00414,-157.0552,8.5,101.0,99.0,MOUNT BAKER,IMO9822906,WDJ6673,52.0,0.0,40.0,12.0,5.5,52.0,A
367776660,2024-12-31T04:15:08,21.01995,-157.14617,8.4,100.1,99.0,MOUNT BAKER,IMO9822906,WDJ6673,52.0,0.0,40.0,12.0,5.5,52.0,A
367776660,2024-12-31T04:53:08,21.00364,-157.05234,8.4,100.3,99.0,MOUNT BAKER,IMO9822906,WDJ6673,52.0,0.0,40.0,12.0,5.5,52.0,A
367776660,2024-12-31T04:54:18,21.00313,-157.04945,8.5,100.7,98.0,MOUNT BAKER,IMO9822906,WDJ6673,52.0,0.0,40.0,12.0,5.5,52.0,A
367776660,2024-12-31T04:19:35,21.0181,-157.13528,8.3,100.6,98.0,MOUNT BAKER,IMO9822906,WDJ6673,52.0,0.0,40.0,12.0,5.5,52.0,A
367776660,2024-12-31T04:56:38,21.00218,-157.04359,8.5,100.5,99.0,MOUNT BAKER,IMO9822906,WDJ6673,52.0,0.0,40.0,12.0,5.5,52.0,A
367776660,2024-12-31T04:55:28,21.00264,-157.0465,8.6,100.1,99.0,MOUNT BAKER,IMO9822906,WDJ6673,52.0,0.0,40.0,12.0,5.5,52.0,A
367776660,2024-12-31T05:00:08,21.0007,-157.03486,8.5,100.1,98.0,MOUNT BAKER,IMO9822906,WDJ6673,52.0,0.0,40.0,12.0,5.5,52.0,A
367776660,2024-12-31T04:57:48,21.00168,-157.04066,8.6,99.8,98.0,MOUNT BAKER,IMO9822906,WDJ6673,52.0,0.0,40.0,12.0,5.5,52.0,A
367776660,2024-12-31T01:01:03,21.16357,-157.58918,7.7,95.2,92.0,MOUNT BAKER,IMO9822906,WDJ6673,52.0,0.0,40.0,12.0,5.5,52.0,A
367776660,2024-12-31T05:02:28,20.99967,-157.02906,8.5,100.9,98.0,MOUNT BAKER,IMO9822906,WDJ6673,52.0,0.0,40.0,12.0,5.5,52.0,A
367776660,2024-12-31T05:03:34,20.99917,-157.02634,8.6,101.4,99.0,MOUNT BAKER,IMO9822906,WDJ6673,52.0,0.0,40.0,12.0,5.5,52.0,A
367776660,2024-12-31T05:01:18,21.00019,-157.03193,8.6,100.9,98.0,MOUNT BAKER,IMO9822906,WDJ6673,52.0,0.0,40.0,12.0,5.5,52.0,A
367776660,2024-12-31T05:06:57,20.99754,-157.01791,8.6,100.7,98.0,MOUNT BAKER,IMO9822906,WDJ6673,52.0,0.0,40.0,12.0,5.5,52.0,A
367776660,2024-12-31T05:05:47,20.99809,-157.02082,8.6,101.9,100.0,MOUNT BAKER,IMO9822906,WDJ6673,52.0,0.0,40.0,12.0,5.5,52.0,A
367776660,2024-12-31T05:10:17,20.99599,-157.00963,8.5,101.4,99.0,MOUNT BAKER,IMO9822906,WDJ6673,52.0,0.0,40.0,12.0,5.5,52.0,A
367776660,2024-12-31T05:11:28,20.99538,-157.00671,8.6,102.0,99.0,MOUNT BAKER,IMO9822906,WDJ6673,52.0,0.0,40.0,12.0,5.5,52.0,A
367776660,2024-12-31T05:14:57,20.99379,-156.99796,8.7,100.0,97.0,MOUNT BAKER,IMO9822906,WDJ6673,52.0,0.0,40.0,12.0,5.5,52.0,A
367776660,2024-12-31T05:15:58,20.9934,-156.99537,8.7,99.2,97.0,MOUNT BAKER,IMO9822906,WDJ6673,52.0,0.0,40.0,12.0,5.5,52.0,A
367776660,2024-12-31T05:17:07,20.99293,-156.99247,8.7,99.6,98.0,MOUNT BAKER,IMO9822906,WDJ6673,52.0,0.0,40.0,12.0,5.5,52.0,A
367776660,2024-12-31T05:20:34,20.99156,-156.98381,8.6,98.5,98.0,MOUNT BAKER,IMO9822906,WDJ6673,52.0,0.0,40.0,12.0,5.5,52.0,A
367776660,2024-12-31T05:21:35,20.99118,-156.98129,8.7,99.0,99.0,MOUNT BAKER,IMO9822906,WDJ6673,52.0,0.0,40.0,12.0,5.5,52.0,A
367776660,2024-12-31T04:39:17,21.00949,-157.0868,8.6,100.4,97.0,MOUNT BAKER,IMO9822906,WDJ6673,52.0,0.0,40.0,12.0,5.5,52.0,A
367776660,2024-12-31T05:22:38,20.99076,-156.97859,8.6,99.4,98.0,MOUNT BAKER,IMO9822906,WDJ6673,52.0,0.0,40.0,12.0,5.5,52.0,A
367776660,2024-12-31T04:40:27,21.009,-157.08384,8.6,99.8,98.0,MOUNT BAKER,IMO9822906,WDJ6673,52.0,0.0,40.0,12.0,5.5,52.0,A
367776660,2024-12-31T05:23:47,20.99034,-156.9757,8.6,99.4,98.0,MOUNT BAKER,IMO9822906,WDJ6673,52.0,0.0,40.0,12.0,5.5,52.0,A
367776660,2024-12-31T05:26:10,20.98939,-156.9697,8.5,99.5,96.0,MOUNT BAKER,IMO9822906,WDJ6673,52.0,0.0,40.0,12.0,5.5,52.0,A
367776660,2024-12-31T04:43:48,21.00757,-157.07543,8.6,100.1,99.0,MOUNT BAKER,IMO9822906,WDJ6673,52.0,0.0,40.0,12.0,5.5,52.0,A
367776660,2024-12-31T05:27:27,20.98889,-156.96649,8.6,99.5,98.0,MOUNT BAKER,IMO9822906,WDJ6673,52.0,0.0,40.0,12.0,5.5,52.0,A
367776660,2024-12-31T05:28:43,20.98843,-156.96328,8.6,99.3,98.0,MOUNT BAKER,IMO9822906,WDJ6673,52.0,0.0,40.0,12.0,5.5,52.0,A
367776660,2024-12-31T05:24:49,20.98991,-156.97311,8.6,98.4,98.0,MOUNT BAKER,IMO9822906,WDJ6673,52.0,0.0,40.0,12.0,5.5,52.0,A
367776660,2024-12-31T05:29:48,20.98804,-156.96055,8.6,98.8,96.0,MOUNT BAKER,IMO9822906,WDJ6673,52.0,0.0,40.0,12.0,5.5,52.0,A
367776660,2024-12-31T04:46:08,21.00659,-157.06957,8.5,100.2,99.0,MOUNT BAKER,IMO9822906,WDJ6673,52.0,0.0,40.0,12.0,5.5,52.0,A
367776660,2024-12-31T05:31:58,20.98724,-156.95509,8.4,98.6,98.0,MOUNT BAKER,IMO9822906,WDJ6673,52.0,0.0,40.0,12.0,5.5,52.0,A
367776660,2024-12-31T05:33:18,20.98674,-156.95177,8.5,99.1,98.0,MOUNT BAKER,IMO9822906,WDJ6673,52.0,0.0,40.0,12.0,5.5,52.0,A
367776660,2024-12-31T05:36:43,20.98553,-156.94316,8.7,97.7,99.0,MOUNT BAKER,IMO9822906,WDJ6673,52.0,0.0,40.0,12.0,5.5,52.0,A
367776660,2024-12-31T05:39:57,20.98392,-156.93503,8.6,102.3,101.0,MOUNT BAKER,IMO9822906,WDJ6673,52.0,0.0,40.0,12.0,5.5,52.0,A
367776660,2024-12-31T05:41:07,20.98334,-156.93213,8.5,101.9,101.0,MOUNT BAKER,IMO9822906,WDJ6673,52.0,0.0,40.0,12.0,5.5,52.0,A
367776660,2024-12-31T05:38:47,20.9845,-156.93795,8.7,101.6,100.0,MOUNT BAKER,IMO9822906,WDJ6673,52.0,0.0,40.0,12.0,5.5,52.0,A
367776660,2024-12-31T05:43:28,20.98224,-156.92625,8.5,101.1,101.0,MOUNT BAKER,IMO9822906,WDJ6673,52.0,0.0,40.0,12.0,5.5,52.0,A
367776660,2024-12-31T05:42:18,20.98279,-156.92917,8.6,101.2,100.0,MOUNT BAKER,IMO9822906,WDJ6673,52.0,0.0,40.0,12.0,5.5,52.0,A
367776660,2024-12-31T05:46:38,20.98076,-156.91836,8.6,101.4,100.0,MOUNT BAKER,IMO9822906,WDJ6673,52.0,0.0,40.0,12.0,5.5,52.0,A
367776660,2024-12-31T05:47:47,20.98024,-156.91553,8.5,102.3,101.0,MOUNT BAKER,IMO9822906,WDJ6673,52.0,0.0,40.0,12.0,5.5,52.0,A
367776660,2024-12-31T04:58:57,21.0012,-157.0378,8.6,99.4,98.0,MOUNT BAKER,IMO9822906,WDJ6673,52.0,0.0,40.0,12.0,5.5,52.0,A
367776660,2024-12-31T05:48:57,20.97968,-156.91268,8.4,101.5,100.0,MOUNT BAKER,IMO9822906,WDJ6673,52.0,0.0,40.0,12.0,5.5,52.0,A
367776660,2024-12-31T05:50:00,20.97922,-156.91011,8.4,100.3,101.0,MOUNT BAKER,IMO9822906,WDJ6673,52.0,0.0,40.0,12.0,5.5,52.0,A
367776660,2024-12-31T05:51:07,20.97875,-156.9074,8.4,101.0,101.0,MOUNT BAKER,IMO9822906,WDJ6673,52.0,0.0,40.0,12.0,5.5,52.0,A
367776660,2024-12-31T05:45:34,20.98126,-156.92104,8.6,100.9,101.0,MOUNT BAKER,IMO9822906,WDJ6673,52.0,0.0,40.0,12.0,5.5,52.0,A
367776660,2024-12-31T05:52:52,20.97795,-156.9031,8.5,101.2,100.0,MOUNT BAKER,IMO9822906,WDJ6673,52.0,0.0,40.0,12.0,5.5,52.0,A
367776660,2024-12-31T05:53:54,20.97745,-156.90051,8.5,100.6,101.0,MOUNT BAKER,IMO9822906,WDJ6673,52.0,0.0,40.0,12.0,5.5,52.0,A
367776660,2024-12-31T05:04:38,20.99865,-157.02369,8.6,102.1,99.0,MOUNT BAKER,IMO9822906,WDJ6673,52.0,0.0,40.0,12.0,5.5,52.0,A
367776660,2024-12-31T05:54:57,20.97703,-156.89791,8.5,100.7,101.0,MOUNT BAKER,IMO9822906,WDJ6673,52.0,0.0,40.0,12.0,5.5,52.0,A
367776660,2024-12-31T05:56:07,20.97651,-156.89502,8.4,100.7,100.0,MOUNT BAKER,IMO9822906,WDJ6673,52.0,0.0,40.0,12.0,5.5,52.0,A
367776660,2024-12-31T05:57:38,20.97573,-156.89134,8.3,103.8,103.0,MOUNT BAKER,IMO9822906,WDJ6673,52.0,0.0,40.0,12.0,5.5,52.0,A
367776660,2024-12-31T05:09:13,20.9965,-157.01229,8.5,101.1,98.0,MOUNT BAKER,IMO9822906,WDJ6673,52.0,0.0,40.0,12.0,5.5,52.0,A
367776660,2024-12-31T06:00:02,20.97402,-156.8857,8.4,110.3,110.0,MOUNT BAKER,IMO9822906,WDJ6673,52.0,0.0,40.0,12.0,5.5,52.0,A
367776660,2024-12-31T06:01:05,20.97318,-156.88329,8.3,111.5,109.0,MOUNT BAKER,IMO9822906,WDJ6673,52.0,0.0,40.0,12.0,5.5,52.0,A
367776660,2024-12-31T06:02:38,20.97196,-156.87972,8.2,110.2,110.0,MOUNT BAKER,IMO9822906,WDJ6673,52.0,0.0,40.0,12.0,5.5,52.0,A
367776660,2024-12-31T05:12:37,20.99487,-157.00384,8.5,101.2,97.0,MOUNT BAKER,IMO9822906,WDJ6673,52.0,0.0,40.0,12.0,5.5,52.0,A
367776660,2024-12-31T06:04:49,20.96982,-156.87491,8.3,117.0,118.0,MOUNT BAKER,IMO9822906,WDJ6673,52.0,0.0,40.0,12.0,5.5,52.0,A
367776660,2024-12-31T06:03:48,20.97089,-156.87714,8.4,115.5,116.0,MOUNT BAKER,IMO9822906,WDJ6673,52.0,0.0,40.0,12.0,5.5,52.0,A
367776660,2024-12-31T06:06:57,20.96699,-156.87047,8.5,126.9,127.0,MOUNT BAKER,IMO9822906,WDJ6673,52.0,0.0,40.0,12.0,5.5,52.0,A
367776660,2024-12-31T06:08:03,20.96541,-156.86828,8.4,128.2,126.0,MOUNT BAKER,IMO9822906,WDJ6673,52.0,0.0,40.0,12.0,5.5,52.0,A
367776660,2024-12-31T05:18:17,20.99246,-156.98954,8.6,99.4,97.0,MOUNT BAKER,IMO9822906,WDJ6673,52.0,0.0,40.0,12.0,5.5,52.0,A
367776660,2024-12-31T06:10:09,20.96218,-156.8643,8.5,133.8,133.0,MOUNT BAKER,IMO9822906,WDJ6673,52.0,0.0,40.0,12.0,5.5,52.0,A
367776660,2024-12-31T06:12:23,20.95854,-156.86028,8.4,134.4,135.0,MOUNT BAKER,IMO9822906,WDJ6673,52.0,0.0,40.0,12.0,5.5,52.0,A
367776660,2024-12-31T06:13:27,20.95676,-156.85842,8.4,134.6,135.0,MOUNT BAKER,IMO9822906,WDJ6673,52.0,0.0,40.0,12.0,5.5,52.0,A
367776660,2024-12-31T06:14:28,20.95508,-156.85665,8.4,134.2,134.0,MOUNT BAKER,IMO9822906,WDJ6673,52.0,0.0,40.0,12.0,5.5,52.0,A
367776660,2024-12-31T06:17:47,20.94967,-156.85074,8.4,134.7,133.0,MOUNT BAKER,IMO9822906,WDJ6673,52.0,0.0,40.0,12.0,5.5,52.0,A
367776660,2024-12-31T06:15:32,20.95338,-156.85475,8.4,133.3,134.0,MOUNT BAKER,IMO9822906,WDJ6673,52.0,0.0,40.0,12.0,5.5,52.0,A
367776660,2024-12-31T06:09:04,20.96389,-156.86632,8.4,128.4,129.0,MOUNT BAKER,IMO9822906,WDJ6673,52.0,0.0,40.0,12.0,5.5,52.0,A
367776660,2024-12-31T06:18:57,20.94775,-156.84868,8.3,133.7,134.0,MOUNT BAKER,IMO9822906,WDJ6673,52.0,0.0,40.0,12.0,5.5,52.0,A
367776660,2024-12-31T05:30:55,20.98762,-156.95773,8.7,98.6,97.0,MOUNT BAKER,IMO9822906,WDJ6673,52.0,0.0,40.0,12.0,5.5,52.0,A
367776660,2024-12-31T06:20:06,20.94592,-156.84662,8.3,134.2,133.0,MOUNT BAKER,IMO9822906,WDJ6673,52.0,0.0,40.0,12.0,5.5,52.0,A
367776660,2024-12-31T06:24:17,20.93905,-156.83919,8.5,135.1,134.0,MOUNT BAKER,IMO9822906,WDJ6673,52.0,0.0,40.0,12.0,5.5,52.0,A
367776660,2024-12-31T06:25:19,20.93725,-156.83737,8.6,136.2,134.0,MOUNT BAKER,IMO9822906,WDJ6673,52.0,0.0,40.0,12.0,5.5,52.0,A
367776660,2024-12-31T06:26:26,20.93535,-156.8354,8.5,136.0,135.0,MOUNT BAKER,IMO9822906,WDJ6673,52.0,0.0,40.0,12.0,5.5,52.0,A
367776660,2024-12-31T05:35:38,20.9859,-156.9459,8.6,99.0,97.0,MOUNT BAKER,IMO9822906,WDJ6673,52.0,0.0,40.0,12.0,5.5,52.0,A
367776660,2024-12-31T06:28:32,20.93189,-156.83169,8.4,132.9,132.0,MOUNT BAKER,IMO9822906,WDJ6673,52.0,0.0,40.0,12.0,5.5,52.0,A
367776660,2024-12-31T05:37:46,20.98505,-156.94051,8.6,102.0,101.0,MOUNT BAKER,IMO9822906,WDJ6673,52.0,0.0,40.0,12.0,5.5,52.0,A
367776660,2024-12-31T06:29:35,20.93006,-156.82983,8.4,135.7,133.0,MOUNT BAKER,IMO9822906,WDJ6673,52.0,0.0,40.0,12.0,5.5,52.0,A
367776660,2024-12-31T06:30:38,20.92829,-156.82799,8.5,136.7,134.0,MOUNT BAKER,IMO9822906,WDJ6673,52.0,0.0,40.0,12.0,5.5,52.0,A
367776660,2024-12-31T06:33:52,20.92286,-156.82231,8.4,135.7,134.0,MOUNT BAKER,IMO9822906,WDJ6673,52.0,0.0,40.0,12.0,5.5,52.0,A
367776660,2024-12-31T06:31:41,20.92653,-156.82614,8.4,136.1,134.0,MOUNT BAKER,IMO9822906,WDJ6673,52.0,0.0,40.0,12.0,5.5,52.0,A
367776660,2024-12-31T06:34:53,20.92114,-156.82051,8.5,134.7,132.0,MOUNT BAKER,IMO9822906,WDJ6673,52.0,0.0,40.0,12.0,5.5,52.0,A
367776660,2024-12-31T05:44:32,20.98175,-156.92361,8.6,101.3,100.0,MOUNT BAKER,IMO9822906,WDJ6673,52.0,0.0,40.0,12.0,5.5,52.0,A
367776660,2024-12-31T06:27:31,20.93352,-156.83346,8.6,134.9,133.0,MOUNT BAKER,IMO9822906,WDJ6673,52.0,0.0,40.0,12.0,5.5,52.0,A
367776660,2024-12-31T06:38:04,20.91585,-156.81484,8.4,133.6,133.0,MOUNT BAKER,IMO9822906,WDJ6673,52.0,0.0,40.0,12.0,5.5,52.0,A
367776660,2024-12-31T06:40:08,20.9125,-156.81118,8.3,134.8,135.0,MOUNT BAKER,IMO9822906,WDJ6673,52.0,0.0,40.0,12.0,5.5,52.0,A
367776660,2024-12-31T06:39:07,20.91413,-156.813,8.3,133.7,134.0,MOUNT BAKER,IMO9822906,WDJ6673,52.0,0.0,40.0,12.0,5.5,52.0,A
367776660,2024-12-31T06:41:09,20.91087,-156.80939,8.3,133.2,134.0,MOUNT BAKER,IMO9822906,WDJ6673,52.0,0.0,40.0,12.0,5.5,52.0,A
367776660,2024-12-31T06:35:55,20.91939,-156.81869,8.5,135.6,133.0,MOUNT BAKER,IMO9822906,WDJ6673,52.0,0.0,40.0,12.0,5.5,52.0,A
367776660,2024-12-31T06:42:31,20.90866,-156.80697,8.2,134.4,134.0,MOUNT BAKER,IMO9822906,WDJ6673,52.0,0.0,40.0,12.0,5.5,52.0,A
367776660,2024-12-31T06:43:32,20.90699,-156.80522,8.3,135.0,133.0,MOUNT BAKER,IMO9822906,WDJ6673,52.0,0.0,40.0,12.0,5.5,52.0,A
367776660,2024-12-31T06:46:17,20.90249,-156.80047,8.2,134.4,133.0,MOUNT BAKER,IMO9822906,WDJ6673,52.0,0.0,40.0,12.0,5.5,52.0,A
367776660,2024-12-31T06:49:30,20.89722,-156.79485,8.4,136.7,137.0,MOUNT BAKER,IMO9822906,WDJ6673,52.0,0.0,40.0,12.0,5.5,52.0,A
367776660,2024-12-31T06:50:34,20.89538,-156.79304,8.4,137.0,138.0,MOUNT BAKER,IMO9822906,WDJ6673,52.0,0.0,40.0,12.0,5.5,52.0,A
367776660,2024-12-31T06:52:47,20.89155,-156.7893,8.4,136.7,137.0,MOUNT BAKER,IMO9822906,WDJ6673,52.0,0.0,40.0,12.0,5.5,52.0,A
367776660,2024-12-31T06:51:44,20.89337,-156.79107,8.4,137.1,139.0,MOUNT BAKER,IMO9822906,WDJ6673,52.0,0.0,40.0,12.0,5.5,52.0,A
367776660,2024-12-31T06:53:48,20.88983,-156.78757,8.3,136.9,138.0,MOUNT BAKER,IMO9822906,WDJ6673,52.0,0.0,40.0,12.0,5.5,52.0,A
367776660,2024-12-31T06:55:53,20.88627,-156.78407,8.3,135.9,139.0,MOUNT BAKER,IMO9822906,WDJ6673,52.0,0.0,40.0,12.0,5.5,52.0,A
367776660,2024-12-31T06:05:53,20.96851,-156.87261,8.5,124.6,125.0,MOUNT BAKER,IMO9822906,WDJ6673,52.0,0.0,40.0,12.0,5.5,52.0,A
367776660,2024-12-31T06:54:50,20.88808,-156.78583,8.3,138.2,138.0,MOUNT BAKER,IMO9822906,WDJ6673,52.0,0.0,40.0,12.0,5.5,52.0,A
367776660,2024-12-31T06:56:54,20.88464,-156.78227,8.1,134.8,138.0,MOUNT BAKER,IMO9822906,WDJ6673,52.0,0.0,40.0,12.0,5.5,52.0,A
367776660,2024-12-31T06:59:21,20.88069,-156.77811,7.9,133.7,139.0,MOUNT BAKER,IMO9822906,WDJ6673,52.0,0.0,40.0,12.0,5.5,52.0,A
367776660,2024-12-31T06:57:55,20.88294,-156.78055,8.2,137.0,137.0,MOUNT BAKER,IMO9822906,WDJ6673,52.0,0.0,40.0,12.0,5.5,52.0,A
367776660,2024-12-31T07:01:07,20.87805,-156.77517,7.8,134.1,139.0,MOUNT BAKER,IMO9822906,WDJ6673,52.0,0.0,40.0,12.0,5.5,52.0,A
367776660,2024-12-31T07:00:04,20.87961,-156.7769,7.7,132.3,138.0,MOUNT BAKER,IMO9822906,WDJ6673,52.0,0.0,40.0,12.0,5.5,52.0,A
367776660,2024-12-31T07:03:17,20.87467,-156.77163,7.8,136.2,136.0,MOUNT BAKER,IMO9822906,WDJ6673,52.0,0.0,40.0,12.0,5.5,52.0,A
367776660,2024-12-31T07:04:28,20.8728,-156.76972,7.8,135.7,137.0,MOUNT BAKER,IMO9822906,WDJ6673,52.0,0.0,40.0,12.0,5.5,52.0,A
367776660,2024-12-31T07:06:35,20.86941,-156.76638,7.9,136.3,138.0,MOUNT BAKER,IMO9822906,WDJ6673,52.0,0.0,40.0,12.0,5.5,52.0,A
367776660,2024-12-31T07:08:38,20.86602,-156.76291,8.1,135.8,139.0,MOUNT BAKER,IMO9822906,WDJ6673,52.0,0.0,40.0,12.0,5.5,52.0,A
367776660,2024-12-31T07:09:42,20.86427,-156.76114,8.1,135.3,138.0,MOUNT BAKER,IMO9822906,WDJ6673,52.0,0.0,40.0,12.0,5.5,52.0,A
367776660,2024-12-31T07:11:52,20.86082,-156.75738,8.3,135.6,139.0,MOUNT BAKER,IMO9822906,WDJ6673,52.0,0.0,40.0,12.0,5.5,52.0,A
367776660,2024-12-31T07:12:57,20.85905,-156.75553,8.3,134.2,138.0,MOUNT BAKER,IMO9822906,WDJ6673,52.0,0.0,40.0,12.0,5.5,52.0,A
367776660,2024-12-31T06:16:37,20.95158,-156.85282,8.4,133.9,133.0,MOUNT BAKER,IMO9822906,WDJ6673,52.0,0.0,40.0,12.0,5.5,52.0,A
367776660,2024-12-31T07:10:45,20.86257,-156.75935,8.2,135.2,137.0,MOUNT BAKER,IMO9822906,WDJ6673,52.0,0.0,40.0,12.0,5.5,52.0,A
367776660,2024-12-31T07:15:08,20.85553,-156.75174,8.1,135.4,139.0,MOUNT BAKER,IMO9822906,WDJ6673,52.0,0.0,40.0,12.0,5.5,52.0,A
367776660,2024-12-31T07:17:11,20.85214,-156.74832,8.1,136.8,140.0,MOUNT BAKER,IMO9822906,WDJ6673,52.0,0.0,40.0,12.0,5.5,52.0,A
367776660,2024-12-31T07:16:09,20.85384,-156.75002,8.2,135.8,140.0,MOUNT BAKER,IMO9822906,WDJ6673,52.0,0.0,40.0,12.0,5.5,52.0,A
367776660,2024-12-31T07:18:17,20.85033,-156.74651,8.1,136.6,140.0,MOUNT BAKER,IMO9822906,WDJ6673,52.0,0.0,40.0,12.0,5.5,52.0,A
367776660,2024-12-31T07:19:21,20.84857,-156.74479,8.1,137.0,139.0,MOUNT BAKER,IMO9822906,WDJ6673,52.0,0.0,40.0,12.0,5.5,52.0,A
367776660,2024-12-31T06:21:08,20.94422,-156.84478,8.4,133.5,133.0,MOUNT BAKER,IMO9822906,WDJ6673,52.0,0.0,40.0,12.0,5.5,52.0,A
367776660,2024-12-31T06:22:10,20.94255,-156.84292,8.5,134.2,134.0,MOUNT BAKER,IMO9822906,WDJ6673,52.0,0.0,40.0,12.0,5.5,52.0,A
367776660,2024-12-31T06:23:11,20.94087,-156.84113,8.4,135.3,134.0,MOUNT BAKER,IMO9822906,WDJ6673,52.0,0.0,40.0,12.0,5.5,52.0,A
367776660,2024-12-31T07:21:28,20.84508,-156.74133,8.1,137.0,139.0,MOUNT BAKER,IMO9822906,WDJ6673,52.0,0.0,40.0,12.0,5.5,52.0,A
367776660,2024-12-31T07:23:41,20.84142,-156.73778,8.0,138.0,139.0,MOUNT BAKER,IMO9822906,WDJ6673,52.0,0.0,40.0,12.0,5.5,52.0,A
367776660,2024-12-31T07:22:38,20.84315,-156.73945,8.0,137.9,140.0,MOUNT BAKER,IMO9822906,WDJ6673,52.0,0.0,40.0,12.0,5.5,52.0,A
367776660,2024-12-31T07:24:46,20.83963,-156.73605,7.9,137.2,139.0,MOUNT BAKER,IMO9822906,WDJ6673,52.0,0.0,40.0,12.0,5.5,52.0,A
367776660,2024-12-31T07:26:51,20.83611,-156.73271,8.1,137.7,139.0,MOUNT BAKER,IMO9822906,WDJ6673,52.0,0.0,40.0,12.0,5.5,52.0,A
367776660,2024-12-31T07:27:52,20.83442,-156.73104,8.2,137.2,139.0,MOUNT BAKER,IMO9822906,WDJ6673,52.0,0.0,40.0,12.0,5.5,52.0,A
367776660,2024-12-31T07:29:58,20.83082,-156.72761,8.3,138.2,139.0,MOUNT BAKER,IMO9822906,WDJ6673,52.0,0.0,40.0,12.0,5.5,52.0,A
367776660,2024-12-31T07:31:03,20.82894,-156.72583,8.4,138.5,140.0,MOUNT BAKER,IMO9822906,WDJ6673,52.0,0.0,40.0,12.0,5.5,52.0,A
367776660,2024-12-31T06:32:47,20.92465,-156.82422,8.4,135.6,134.0,MOUNT BAKER,IMO9822906,WDJ6673,52.0,0.0,40.0,12.0,5.5,52.0,A
367776660,2024-12-31T01:17:02,21.15929,-157.5536,7.6,98.6,95.0,MOUNT BAKER,IMO9822906,WDJ6673,52.0,0.0,40.0,12.0,5.5,52.0,A
367776660,2024-12-31T07:39:00,20.8151,-156.71305,8.2,138.1,139.0,MOUNT BAKER,IMO9822906,WDJ6673,52.0,0.0,40.0,12.0,5.5,52.0,A
367776660,2024-12-31T07:36:58,20.81858,-156.71632,8.3,139.1,139.0,MOUNT BAKER,IMO9822906,WDJ6673,52.0,0.0,40.0,12.0,5.5,52.0,A
367776660,2024-12-31T07:37:59,20.81689,-156.7147,8.2,138.7,139.0,MOUNT BAKER,IMO9822906,WDJ6673,52.0,0.0,40.0,12.0,5.5,52.0,A
367776660,2024-12-31T01:18:07,21.15893,-157.55122,7.6,99.2,94.0,MOUNT BAKER,IMO9822906,WDJ6673,52.0,0.0,40.0,12.0,5.5,52.0,A
367776660,2024-12-31T06:45:15,20.90417,-156.80224,8.2,135.7,133.0,MOUNT BAKER,IMO9822906,WDJ6673,52.0,0.0,40.0,12.0,5.5,52.0,A
367776660,2024-12-31T07:43:58,20.80642,-156.70495,8.5,135.6,136.0,MOUNT BAKER,IMO9822906,WDJ6673,52.0,0.0,40.0,12.0,5.5,52.0,A
367776660,2024-12-31T07:41:12,20.81129,-156.70951,8.3,139.6,140.0,MOUNT BAKER,IMO9822906,WDJ6673,52.0,0.0,40.0,12.0,5.5,52.0,A
367776660,2024-12-31T07:42:37,20.80878,-156.70725,8.4,137.8,137.0,MOUNT BAKER,IMO9822906,WDJ6673,52.0,0.0,40.0,12.0,5.5,52.0,A
367776660,2024-12-31T01:19:08,21.15863,-157.54896,7.6,98.1,94.0,MOUNT BAKER,IMO9822906,WDJ6673,52.0,0.0,40.0,12.0,5.5,52.0,A
367776660,2024-12-31T07:46:17,20.80245,-156.70077,8.5,134.7,135.0,MOUNT BAKER,IMO9822906,WDJ6673,52.0,0.0,40.0,12.0,5.5,52.0,A
367776660,2024-12-31T07:45:07,20.80443,-156.70291,8.6,135.7,135.0,MOUNT BAKER,IMO9822906,WDJ6673,52.0,0.0,40.0,12.0,5.5,52.0,A
367776660,2024-12-31T07:49:35,20.79685,-156.69491,8.6,136.7,137.0,MOUNT BAKER,IMO9822906,WDJ6673,52.0,0.0,40.0,12.0,5.5,52.0,A
367776660,2024-12-31T07:48:28,20.79876,-156.69685,8.5,136.1,136.0,MOUNT BAKER,IMO9822906,WDJ6673,52.0,0.0,40.0,12.0,5.5,52.0,A
367776660,2024-12-31T07:51:39,20.79325,-156.69133,8.6,136.6,137.0,MOUNT BAKER,IMO9822906,WDJ6673,52.0,0.0,40.0,12.0,5.5,52.0,A
367776660,2024-12-31T07:50:38,20.795,-156.69309,8.6,136.3,135.0,MOUNT BAKER,IMO9822906,WDJ6673,52.0,0.0,40.0,12.0,5.5,52.0,A
367776660,2024-12-31T07:52:41,20.79147,-156.68954,8.6,136.3,135.0,MOUNT BAKER,IMO9822906,WDJ6673,52.0,0.0,40.0,12.0,5.5,52.0,A
367776660,2024-12-31T07:58:43,20.78108,-156.67895,8.6,134.3,134.0,MOUNT BAKER,IMO9822906,WDJ6673,52.0,0.0,40.0,12.0,5.5,52.0,A
367776660,2024-12-31T07:56:07,20.78555,-156.68353,8.5,136.1,136.0,MOUNT BAKER,IMO9822906,WDJ6673,52.0,0.0,40.0,12.0,5.5,52.0,A
367776660,2024-12-31T07:59:47,20.77931,-156.67697,8.6,133.0,135.0,MOUNT BAKER,IMO9822906,WDJ6673,52.0,0.0,40.0,12.0,5.5,52.0,A
367776660,2024-12-31T08:00:02,20.77891,-156.67649,8.6,133.3,135.0,MOUNT BAKER,IMO9822906,WDJ6673,52.0,0.0,40.0,12.0,5.5,52.0,A
367776660,2024-12-31T08:01:07,20.77709,-156.67446,8.7,133.7,136.0,MOUNT BAKER,IMO9822906,WDJ6673,52.0,0.0,40.0,12.0,5.5,52.0,A
367776660,2024-12-31T07:02:12,20.87637,-156.77339,7.8,135.3,138.0,MOUNT BAKER,IMO9822906,WDJ6673,52.0,0.0,40.0,12.0,5.5,52.0,A
367776660,2024-12-31T08:02:19,20.77505,-156.67219,8.9,134.1,135.0,MOUNT BAKER,IMO9822906,WDJ6673,52.0,0.0,40.0,12.0,5.5,52.0,A
367776660,2024-12-31T08:04:48,20.77069,-156.6674,9.0,135.0,136.0,MOUNT BAKER,IMO9822906,WDJ6673,52.0,0.0,40.0,12.0,5.5,52.0,A
367776660,2024-12-31T08:07:10,20.76647,-156.66293,9.0,135.4,136.0,MOUNT BAKER,IMO9822906,WDJ6673,52.0,0.0,40.0,12.0,5.5,52.0,A
367776660,2024-12-31T08:12:40,20.75655,-156.65252,9.1,137.8,138.0,MOUNT BAKER,IMO9822906,WDJ6673,52.0,0.0,40.0,12.0,5.5,52.0,A
367776660,2024-12-31T08:09:20,20.76263,-156.65876,9.1,134.7,136.0,MOUNT BAKER,IMO9822906,WDJ6673,52.0,0.0,40.0,12.0,5.5,52.0,A
367776660,2024-12-31T08:17:02,20.74835,-156.6447,9.1,138.7,137.0,MOUNT BAKER,IMO9822906,WDJ6673,52.0,0.0,40.0,12.0,5.5,52.0,A
367776660,2024-12-31T08:18:04,20.74635,-156.64288,9.1,139.3,137.0,MOUNT BAKER,IMO9822906,WDJ6673,52.0,0.0,40.0,12.0,5.5,52.0,A
367776660,2024-12-31T08:19:05,20.74443,-156.64104,9.1,137.9,138.0,MOUNT BAKER,IMO9822906,WDJ6673,52.0,0.0,40.0,12.0,5.5,52.0,A
367776660,2024-12-31T07:25:47,20.83797,-156.73447,8.0,138.0,139.0,MOUNT BAKER,IMO9822906,WDJ6673,52.0,0.0,40.0,12.0,5.5,52.0,A
367776660,2024-12-31T08:14:58,20.75229,-156.64844,9.0,138.2,138.0,MOUNT BAKER,IMO9822906,WDJ6673,52.0,0.0,40.0,12.0,5.5,52.0,A
367776660,2024-12-31T08:20:08,20.74244,-156.63914,9.2,138.4,138.0,MOUNT BAKER,IMO9822906,WDJ6673,52.0,0.0,40.0,12.0,5.5,52.0,A
367776660,2024-12-31T08:21:09,20.74047,-156.63731,9.2,138.8,138.0,MOUNT BAKER,IMO9822906,WDJ6673,52.0,0.0,40.0,12.0,5.5,52.0,A
367776660,2024-12-31T08:22:18,20.73825,-156.63526,9.2,138.9,138.0,MOUNT BAKER,IMO9822906,WDJ6673,52.0,0.0,40.0,12.0,5.5,52.0,A
367776660,2024-12-31T08:25:47,20.73139,-156.62902,9.3,140.3,138.0,MOUNT BAKER,IMO9822906,WDJ6673,52.0,0.0,40.0,12.0,5.5,52.0,A
367776660,2024-12-31T08:24:38,20.73367,-156.63102,9.2,138.9,137.0,MOUNT BAKER,IMO9822906,WDJ6673,52.0,0.0,40.0,12.0,5.5,52.0,A
367776660,2024-12-31T08:26:48,20.72944,-156.62722,9.2,139.3,138.0,MOUNT BAKER,IMO9822906,WDJ6673,52.0,0.0,40.0,12.0,5.5,52.0,A
367776660,2024-12-31T08:29:07,20.72492,-156.62302,9.3,137.6,134.0,MOUNT BAKER,IMO9822906,WDJ6673,52.0,0.0,40.0,12.0,5.5,52.0,A
367776660,2024-12-31T07:34:48,20.82237,-156.7198,8.2,139.6,140.0,MOUNT BAKER,IMO9822906,WDJ6673,52.0,0.0,40.0,12.0,5.5,52.0,A
367776660,2024-12-31T08:28:01,20.72702,-156.62504,9.2,139.7,135.0,MOUNT BAKER,IMO9822906,WDJ6673,52.0,0.0,40.0,12.0,5.5,52.0,A
367776660,2024-12-31T08:31:15,20.72089,-156.61908,9.2,137.3,135.0,MOUNT BAKER,IMO9822906,WDJ6673,52.0,0.0,40.0,12.0,5.5,52.0,A
367776660,2024-12-31T07:35:55,20.8204,-156.71801,8.3,139.7,139.0,MOUNT BAKER,IMO9822906,WDJ6673,52.0,0.0,40.0,12.0,5.5,52.0,A
367776660,2024-12-31T08:32:18,20.71884,-156.61715,9.2,138.0,134.0,MOUNT BAKER,IMO9822906,WDJ6673,52.0,0.0,40.0,12.0,5.5,52.0,A
367776660,2024-12-31T08:33:23,20.71679,-156.61516,9.2,137.1,134.0,MOUNT BAKER,IMO9822906,WDJ6673,52.0,0.0,40.0,12.0,5.5,52.0,A
367776660,2024-12-31T08:37:27,20.70898,-156.60765,9.3,137.1,133.0,MOUNT BAKER,IMO9822906,WDJ6673,52.0,0.0,40.0,12.0,5.5,52.0,A
367776660,2024-12-31T08:36:17,20.71119,-156.60986,9.3,137.8,134.0,MOUNT BAKER,IMO9822906,WDJ6673,52.0,0.0,40.0,12.0,5.5,52.0,A
367776660,2024-12-31T08:38:28,20.70708,-156.60575,9.3,136.9,133.0,MOUNT BAKER,IMO9822906,WDJ6673,52.0,0.0,40.0,12.0,5.5,52.0,A
367776660,2024-12-31T08:39:29,20.70515,-156.60386,9.3,137.1,134.0,MOUNT BAKER,IMO9822906,WDJ6673,52.0,0.0,40.0,12.0,5.5,52.0,A
367776660,2024-12-31T07:47:23,20.80061,-156.69879,8.5,134.7,136.0,MOUNT BAKER,IMO9822906,WDJ6673,52.0,0.0,40.0,12.0,5.5,52.0,A
367776660,2024-12-31T08:40:37,20.703,-156.60177,9.3,137.4,134.0,MOUNT BAKER,IMO9822906,WDJ6673,52.0,0.0,40.0,12.0,5.5,52.0,A
367776660,2024-12-31T08:41:40,20.70095,-156.59978,9.4,138.3,134.0,MOUNT BAKER,IMO9822906,WDJ6673,52.0,0.0,40.0,12.0,5.5,52.0,A
367776660,2024-12-31T07:53:43,20.78966,-156.68773,8.6,136.5,136.0,MOUNT BAKER,IMO9822906,WDJ6673,52.0,0.0,40.0,12.0,5.5,52.0,A
367776660,2024-12-31T01:25:22,21.15685,-157.53501,7.7,97.6,95.0,MOUNT BAKER,IMO9822906,WDJ6673,52.0,0.0,40.0,12.0,5.5,52.0,A
367776660,2024-12-31T08:43:57,20.69655,-156.59548,9.4,137.7,135.0,MOUNT BAKER,IMO9822906,WDJ6673,52.0,0.0,40.0,12.0,5.5,52.0,A
367776660,2024-12-31T08:46:11,20.69221,-156.59134,9.3,138.5,133.0,MOUNT BAKER,IMO9822906,WDJ6673,52.0,0.0,40.0,12.0,5.5,52.0,A
367776660,2024-12-31T08:45:07,20.69427,-156.5933,9.3,138.0,134.0,MOUNT BAKER,IMO9822906,WDJ6673,52.0,0.0,40.0,12.0,5.5,52.0,A
367776660,2024-12-31T08:47:14,20.69019,-156.58937,9.3,137.4,134.0,MOUNT BAKER,IMO9822906,WDJ6673,52.0,0.0,40.0,12.0,5.5,52.0,A
367776660,2024-12-31T08:48:22,20.68801,-156.58725,9.3,137.3,133.0,MOUNT BAKER,IMO9822906,WDJ6673,52.0,0.0,40.0,12.0,5.5,52.0,A
367776660,2024-12-31T07:57:18,20.7835,-156.68148,8.5,136.2,135.0,MOUNT BAKER,IMO9822906,WDJ6673,52.0,0.0,40.0,12.0,5.5,52.0,A
367776660,2024-12-31T08:49:24,20.68606,-156.58537,9.3,137.7,133.0,MOUNT BAKER,IMO9822906,WDJ6673,52.0,0.0,40.0,12.0,5.5,52.0,A
367776660,2024-12-31T08:51:38,20.68178,-156.58125,9.1,136.4,132.0,MOUNT BAKER,IMO9822906,WDJ6673,52.0,0.0,40.0,12.0,5.5,52.0,A
367776660,2024-12-31T08:54:57,20.67557,-156.57507,9.3,137.3,135.0,MOUNT BAKER,IMO9822906,WDJ6673,52.0,0.0,40.0,12.0,5.5,52.0,A
367776660,2024-12-31T08:57:27,20.67087,-156.57042,9.2,137.2,134.0,MOUNT BAKER,IMO9822906,WDJ6673,52.0,0.0,40.0,12.0,5.5,52.0,A
367776660,2024-12-31T08:58:37,20.66866,-156.56819,9.2,135.7,133.0,MOUNT BAKER,IMO9822906,WDJ6673,52.0,0.0,40.0,12.0,5.5,52.0,A
367776660,2024-12-31T08:06:01,20.76853,-156.6651,9.0,134.7,136.0,MOUNT BAKER,IMO9822906,WDJ6673,52.0,0.0,40.0,12.0,5.5,52.0,A
367776660,2024-12-31T08:59:47,20.6665,-156.56597,9.1,136.3,134.0,MOUNT BAKER,IMO9822906,WDJ6673,52.0,0.0,40.0,12.0,5.5,52.0,A
367776660,2024-12-31T08:08:17,20.7645,-156.66078,9.1,134.1,136.0,MOUNT BAKER,IMO9822906,WDJ6673,52.0,0.0,40.0,12.0,5.5,52.0,A
367776660,2024-12-31T09:00:02,20.66603,-156.56553,9.2,136.7,133.0,MOUNT BAKER,IMO9822906,WDJ6673,52.0,0.0,40.0,12.0,5.5,52.0,A
367776660,2024-12-31T09:01:07,20.66402,-156.56347,9.2,136.2,134.0,MOUNT BAKER,IMO9822906,WDJ6673,52.0,0.0,40.0,12.0,5.5,52.0,A
367776660,2024-12-31T08:10:28,20.76061,-156.6566,9.1,135.2,136.0,MOUNT BAKER,IMO9822906,WDJ6673,52.0,0.0,40.0,12.0,5.5,52.0,A
367776660,2024-12-31T09:03:27,20.65973,-156.55905,9.2,135.9,134.0,MOUNT BAKER,IMO9822906,WDJ6673,52.0,0.0,40.0,12.0,5.5,52.0,A
367776660,2024-12-31T09:02:17,20.66187,-156.56126,9.2,136.1,134.0,MOUNT BAKER,IMO9822906,WDJ6673,52.0,0.0,40.0,12.0,5.5,52.0,A
367776660,2024-12-31T09:04:37,20.65758,-156.55681,9.2,135.3,132.0,MOUNT BAKER,IMO9822906,WDJ6673,52.0,0.0,40.0,12.0,5.5,52.0,A
367776660,2024-12-31T08:13:44,20.75457,-156.65062,9.0,137.6,138.0,MOUNT BAKER,IMO9822906,WDJ6673,52.0,0.0,40.0,12.0,5.5,52.0,A
367776660,2024-12-31T09:05:47,20.6555,-156.55458,9.2,134.9,133.0,MOUNT BAKER,IMO9822906,WDJ6673,52.0,0.0,40.0,12.0,5.5,52.0,A
367776660,2024-12-31T09:07:57,20.65164,-156.55045,9.1,135.6,134.0,MOUNT BAKER,IMO9822906,WDJ6673,52.0,0.0,40.0,12.0,5.5,52.0,A
367776660,2024-12-31T09:09:07,20.64954,-156.54825,9.1,135.3,134.0,MOUNT BAKER,IMO9822906,WDJ6673,52.0,0.0,40.0,12.0,5.5,52.0,A
367776660,2024-12-31T08:15:59,20.75035,-156.64659,9.1,138.2,136.0,MOUNT BAKER,IMO9822906,WDJ6673,52.0,0.0,40.0,12.0,5.5,52.0,A
367776660,2024-12-31T09:11:20,20.64559,-156.54403,9.1,134.2,134.0,MOUNT BAKER,IMO9822906,WDJ6673,52.0,0.0,40.0,12.0,5.5,52.0,A
367776660,2024-12-31T09:06:53,20.65353,-156.55247,9.1,135.3,134.0,MOUNT BAKER,IMO9822906,WDJ6673,52.0,0.0,40.0,12.0,5.5,52.0,A
367776660,2024-12-31T09:10:18,20.64742,-156.546,9.1,135.1,134.0,MOUNT BAKER,IMO9822906,WDJ6673,52.0,0.0,40.0,12.0,5.5,52.0,A
367776660,2024-12-31T09:13:37,20.64157,-156.53965,9.0,134.7,134.0,MOUNT BAKER,IMO9822906,WDJ6673,52.0,0.0,40.0,12.0,5.5,52.0,A
367776660,2024-12-31T08:23:28,20.73594,-156.63317,9.3,139.8,136.0,MOUNT BAKER,IMO9822906,WDJ6673,52.0,0.0,40.0,12.0,5.5,52.0,A
367776660,2024-12-31T09:12:28,20.64362,-156.5419,9.0,134.7,133.0,MOUNT BAKER,IMO9822906,WDJ6673,52.0,0.0,40.0,12.0,5.5,52.0,A
367776660,2024-12-31T09:15:54,20.63765,-156.53531,9.0,134.5,134.0,MOUNT BAKER,IMO9822906,WDJ6673,52.0,0.0,40.0,12.0,5.5,52.0,A
367776660,2024-12-31T09:14:48,20.63951,-156.53736,8.9,133.4,133.0,MOUNT BAKER,IMO9822906,WDJ6673,52.0,0.0,40.0,12.0,5.5,52.0,A
367776660,2024-12-31T09:16:59,20.63572,-156.53321,9.0,133.8,134.0,MOUNT BAKER,IMO9822906,WDJ6673,52.0,0.0,40.0,12.0,5.5,52.0,A
367776660,2024-12-31T09:18:27,20.63314,-156.53043,9.1,134.4,134.0,MOUNT BAKER,IMO9822906,WDJ6673,52.0,0.0,40.0,12.0,5.5,52.0,A
367776660,2024-12-31T09:19:38,20.63104,-156.52819,9.0,134.5,134.0,MOUNT BAKER,IMO9822906,WDJ6673,52.0,0.0,40.0,12.0,5.5,52.0,A
367776660,2024-12-31T09:20:44,20.62913,-156.52605,9.0,134.2,133.0,MOUNT BAKER,IMO9822906,WDJ6673,52.0,0.0,40.0,12.0,5.5,52.0,A
367776660,2024-12-31T09:22:58,20.62524,-156.52177,9.1,133.8,133.0,MOUNT BAKER,IMO9822906,WDJ6673,52.0,0.0,40.0,12.0,5.5,52.0,A
367776660,2024-12-31T01:32:01,21.15499,-157.52002,7.5,97.6,94.0,MOUNT BAKER,IMO9822906,WDJ6673,52.0,0.0,40.0,12.0,5.5,52.0,A
367776660,2024-12-31T09:24:08,20.6232,-156.5195,9.1,134.7,134.0,MOUNT BAKER,IMO9822906,WDJ6673,52.0,0.0,40.0,12.0,5.5,52.0,A
367776660,2024-12-31T08:30:12,20.72285,-156.62102,9.3,137.7,136.0,MOUNT BAKER,IMO9822906,WDJ6673,52.0,0.0,40.0,12.0,5.5,52.0,A
367776660,2024-12-31T09:26:29,20.61908,-156.51501,9.0,135.3,134.0,MOUNT BAKER,IMO9822906,WDJ6673,52.0,0.0,40.0,12.0,5.5,52.0,A
367776660,2024-12-31T09:27:47,20.61677,-156.51247,9.1,134.6,134.0,MOUNT BAKER,IMO9822906,WDJ6673,52.0,0.0,40.0,12.0,5.5,52.0,A
367776660,2024-12-31T09:25:18,20.62113,-156.51727,9.1,134.0,133.0,MOUNT BAKER,IMO9822906,WDJ6673,52.0,0.0,40.0,12.0,5.5,52.0,A
367776660,2024-12-31T08:35:08,20.71342,-156.61194,9.2,138.7,135.0,MOUNT BAKER,IMO9822906,WDJ6673,52.0,0.0,40.0,12.0,5.5,52.0,A
367776660,2024-12-31T09:28:58,20.61468,-156.51017,9.1,134.4,134.0,MOUNT BAKER,IMO9822906,WDJ6673,52.0,0.0,40.0,12.0,5.5,52.0,A
367776660,2024-12-31T09:31:17,20.61061,-156.50565,9.1,134.3,133.0,MOUNT BAKER,IMO9822906,WDJ6673,52.0,0.0,40.0,12.0,5.5,52.0,A
367776660,2024-12-31T09:30:07,20.61262,-156.50793,9.2,134.1,133.0,MOUNT BAKER,IMO9822906,WDJ6673,52.0,0.0,40.0,12.0,5.5,52.0,A
367776660,2024-12-31T09:34:48,20.60447,-156.49886,9.0,134.2,133.0,MOUNT BAKER,IMO9822906,WDJ6673,52.0,0.0,40.0,12.0,5.5,52.0,A
367776660,2024-12-31T01:34:04,21.1544,-157.51547,7.5,98.1,94.0,MOUNT BAKER,IMO9822906,WDJ6673,52.0,0.0,40.0,12.0,5.5,52.0,A
367776660,2024-12-31T09:32:28,20.60851,-156.50336,9.0,134.2,133.0,MOUNT BAKER,IMO9822906,WDJ6673,52.0,0.0,40.0,12.0,5.5,52.0,A
367776660,2024-12-31T09:38:17,20.59835,-156.49225,9.0,134.9,133.0,MOUNT BAKER,IMO9822906,WDJ6673,52.0,0.0,40.0,12.0,5.5,52.0,A
367776660,2024-12-31T08:42:48,20.69873,-156.59763,9.3,137.8,134.0,MOUNT BAKER,IMO9822906,WDJ6673,52.0,0.0,40.0,12.0,5.5,52.0,A
367776660,2024-12-31T09:36:57,20.6007,-156.49482,9.0,135.4,134.0,MOUNT BAKER,IMO9822906,WDJ6673,52.0,0.0,40.0,12.0,5.5,52.0,A
367776660,2024-12-31T09:39:19,20.59654,-156.49034,9.0,136.3,136.0,MOUNT BAKER,IMO9822906,WDJ6673,52.0,0.0,40.0,12.0,5.5,52.0,A
367776660,2024-12-31T09:40:28,20.59449,-156.48835,9.1,137.9,136.0,MOUNT BAKER,IMO9822906,WDJ6673,52.0,0.0,40.0,12.0,5.5,52.0,A
367776660,2024-12-31T08:50:27,20.68404,-156.58344,9.3,138.1,134.0,MOUNT BAKER,IMO9822906,WDJ6673,52.0,0.0,40.0,12.0,5.5,52.0,A
367776660,2024-12-31T09:45:28,20.58527,-156.47939,8.6,138.0,135.0,MOUNT BAKER,IMO9822906,WDJ6673,52.0,0.0,40.0,12.0,5.5,52.0,A
367776660,2024-12-31T09:46:37,20.58321,-156.4774,8.8,137.3,135.0,MOUNT BAKER,IMO9822906,WDJ6673,52.0,0.0,40.0,12.0,5.5,52.0,A
367776660,2024-12-31T08:52:47,20.67966,-156.57908,9.3,136.6,134.0,MOUNT BAKER,IMO9822906,WDJ6673,52.0,0.0,40.0,12.0,5.5,52.0,A
367776660,2024-12-31T09:44:19,20.58735,-156.48138,8.9,138.5,137.0,MOUNT BAKER,IMO9822906,WDJ6673,52.0,0.0,40.0,12.0,5.5,52.0,A
367776660,2024-12-31T08:53:48,20.67776,-156.57719,9.2,136.4,134.0,MOUNT BAKER,IMO9822906,WDJ6673,52.0,0.0,40.0,12.0,5.5,52.0,A
367776660,2024-12-31T09:49:08,20.57866,-156.47303,8.8,137.9,135.0,MOUNT BAKER,IMO9822906,WDJ6673,52.0,0.0,40.0,12.0,5.5,52.0,A
367776660,2024-12-31T09:47:58,20.58075,-156.47509,8.9,137.9,135.0,MOUNT BAKER,IMO9822906,WDJ6673,52.0,0.0,40.0,12.0,5.5,52.0,A
367776660,2024-12-31T09:52:28,20.57269,-156.46728,8.7,138.6,136.0,MOUNT BAKER,IMO9822906,WDJ6673,52.0,0.0,40.0,12.0,5.5,52.0,A
367776660,2024-12-31T09:51:25,20.57452,-156.4691,8.6,137.7,135.0,MOUNT BAKER,IMO9822906,WDJ6673,52.0,0.0,40.0,12.0,5.5,52.0,A
367776660,2024-12-31T09:58:25,20.56196,-156.45733,8.7,138.2,136.0,MOUNT BAKER,IMO9822906,WDJ6673,52.0,0.0,40.0,12.0,5.5,52.0,A
367776660,2024-12-31T09:53:29,20.57081,-156.46556,8.7,138.2,135.0,MOUNT BAKER,IMO9822906,WDJ6673,52.0,0.0,40.0,12.0,5.5,52.0,A
367776660,2024-12-31T10:00:02,20.55904,-156.45467,8.3,139.1,136.0,MOUNT BAKER,IMO9822906,WDJ6673,52.0,0.0,40.0,12.0,5.5,52.0,A
367776660,2024-12-31T10:02:12,20.55529,-156.45118,8.4,139.1,135.0,MOUNT BAKER,IMO9822906,WDJ6673,52.0,0.0,40.0,12.0,5.5,52.0,A
367776660,2024-12-31T09:55:58,20.56633,-156.46139,8.6,139.4,137.0,MOUNT BAKER,IMO9822906,WDJ6673,52.0,0.0,40.0,12.0,5.5,52.0,A
367776660,2024-12-31T10:03:14,20.55345,-156.44951,8.4,139.3,134.0,MOUNT BAKER,IMO9822906,WDJ6673,52.0,0.0,40.0,12.0,5.5,52.0,A
367776660,2024-12-31T09:59:36,20.5598,-156.45537,8.5,139.2,136.0,MOUNT BAKER,IMO9822906,WDJ6673,52.0,0.0,40.0,12.0,5.5,52.0,A
367776660,2024-12-31T10:07:27,20.54659,-156.44237,8.1,136.1,131.0,MOUNT BAKER,IMO9822906,WDJ6673,52.0,0.0,40.0,12.0,5.5,52.0,A
367776660,2024-12-31T10:04:17,20.55165,-156.44772,8.3,137.2,132.0,MOUNT BAKER,IMO9822906,WDJ6673,52.0,0.0,40.0,12.0,5.5,52.0,A
367776660,2024-12-31T10:08:34,20.54476,-156.44051,8.0,135.3,130.0,MOUNT BAKER,IMO9822906,WDJ6673,52.0,0.0,40.0,12.0,5.5,52.0,A
367776660,2024-12-31T10:05:19,20.54993,-156.44594,8.1,136.1,132.0,MOUNT BAKER,IMO9822906,WDJ6673,52.0,0.0,40.0,12.0,5.5,52.0,A
367776660,2024-12-31T10:06:25,20.54821,-156.4441,7.8,134.7,131.0,MOUNT BAKER,IMO9822906,WDJ6673,52.0,0.0,40.0,12.0,5.5,52.0,A
367776660,2024-12-31T10:10:46,20.5413,-156.43695,7.8,136.7,132.0,MOUNT BAKER,IMO9822906,WDJ6673,52.0,0.0,40.0,12.0,5.5,52.0,A
367776660,2024-12-31T10:11:48,20.53972,-156.4353,7.8,135.6,132.0,MOUNT BAKER,IMO9822906,WDJ6673,52.0,0.0,40.0,12.0,5.5,52.0,A
367776660,2024-12-31T10:15:07,20.53458,-156.43005,7.7,134.0,129.0,MOUNT BAKER,IMO9822906,WDJ6673,52.0,0.0,40.0,12.0,5.5,52.0,A
367776660,2024-12-31T10:16:08,20.53301,-156.42829,7.9,133.4,127.0,MOUNT BAKER,IMO9822906,WDJ6673,52.0,0.0,40.0,12.0,5.5,52.0,A
367776660,2024-12-31T10:12:52,20.53806,-156.43362,7.9,137.5,131.0,MOUNT BAKER,IMO9822906,WDJ6673,52.0,0.0,40.0,12.0,5.5,52.0,A
367776660,2024-12-31T10:17:14,20.5314,-156.42649,7.8,132.9,128.0,MOUNT BAKER,IMO9822906,WDJ6673,52.0,0.0,40.0,12.0,5.5,52.0,A
367776660,2024-12-31T10:19:28,20.52809,-156.42294,7.5,134.0,128.0,MOUNT BAKER,IMO9822906,WDJ6673,52.0,0.0,40.0,12.0,5.5,52.0,A
367776660,2024-12-31T10:18:15,20.5299,-156.42485,7.3,134.1,127.0,MOUNT BAKER,IMO9822906,WDJ6673,52.0,0.0,40.0,12.0,5.5,52.0,A
367776660,2024-12-31T10:23:56,20.52193,-156.41599,7.1,132.2,127.0,MOUNT BAKER,IMO9822906,WDJ6673,52.0,0.0,40.0,12.0,5.5,52.0,A
367776660,2024-12-31T10:24:58,20.52056,-156.41443,7.3,133.2,127.0,MOUNT BAKER,IMO9822906,WDJ6673,52.0,0.0,40.0,12.0,5.5,52.0,A
367776660,2024-12-31T10:26:09,20.51887,-156.41253,7.2,133.5,127.0,MOUNT BAKER,IMO9822906,WDJ6673,52.0,0.0,40.0,12.0,5.5,52.0,A
367776660,2024-12-31T10:28:18,20.51583,-156.40916,7.3,132.5,127.0,MOUNT BAKER,IMO9822906,WDJ6673,52.0,0.0,40.0,12.0,5.5,52.0,A
367776660,2024-12-31T10:27:14,20.51732,-156.41081,7.4,135.5,127.0,MOUNT BAKER,IMO9822906,WDJ6673,52.0,0.0,40.0,12.0,5.5,52.0,A
367776660,2024-12-31T10:29:22,20.51434,-156.40745,7.4,132.7,128.0,MOUNT BAKER,IMO9822906,WDJ6673,52.0,0.0,40.0,12.0,5.5,52.0,A
367776660,2024-12-31T10:31:27,20.51144,-156.40404,7.5,131.5,125.0,MOUNT BAKER,IMO9822906,WDJ6673,52.0,0.0,40.0,12.0,5.5,52.0,A
367776660,2024-12-31T10:33:39,20.50856,-156.40061,7.2,129.7,126.0,MOUNT BAKER,IMO9822906,WDJ6673,52.0,0.0,40.0,12.0,5.5,52.0,A
367776660,2024-12-31T10:32:37,20.50989,-156.40226,6.6,131.2,126.0,MOUNT BAKER,IMO9822906,WDJ6673,52.0,0.0,40.0,12.0,5.5,52.0,A
367776660,2024-12-31T10:36:52,20.50426,-156.39542,7.4,131.0,126.0,MOUNT BAKER,IMO9822906,WDJ6673,52.0,0.0,40.0,12.0,5.5,52.0,A
367776660,2024-12-31T10:35:46,20.50571,-156.39716,7.2,131.6,126.0,MOUNT BAKER,IMO9822906,WDJ6673,52.0,0.0,40.0,12.0,5.5,52.0,A
367776660,2024-12-31T09:33:38,20.60654,-156.50111,9.0,133.9,133.0,MOUNT BAKER,IMO9822906,WDJ6673,52.0,0.0,40.0,12.0,5.5,52.0,A
367776660,2024-12-31T10:39:10,20.50128,-156.39174,7.1,130.9,123.0,MOUNT BAKER,IMO9822906,WDJ6673,52.0,0.0,40.0,12.0,5.5,52.0,A
367776660,2024-12-31T09:35:53,20.60254,-156.49679,9.0,134.3,135.0,MOUNT BAKER,IMO9822906,WDJ6673,52.0,0.0,40.0,12.0,5.5,52.0,A
367776660,2024-12-31T10:41:17,20.49869,-156.3884,7.1,127.8,123.0,MOUNT BAKER,IMO9822906,WDJ6673,52.0,0.0,40.0,12.0,5.5,52.0,A
367776660,2024-12-31T10:42:31,20.49718,-156.38635,7.2,129.2,122.0,MOUNT BAKER,IMO9822906,WDJ6673,52.0,0.0,40.0,12.0,5.5,52.0,A
367776660,2024-12-31T09:41:46,20.59204,-156.48593,9.1,138.0,136.0,MOUNT BAKER,IMO9822906,WDJ6673,52.0,0.0,40.0,12.0,5.5,52.0,A
367776660,2024-12-31T10:43:38,20.49585,-156.38459,6.5,128.3,122.0,MOUNT BAKER,IMO9822906,WDJ6673,52.0,0.0,40.0,12.0,5.5,52.0,A
367776660,2024-12-31T10:44:41,20.49463,-156.38295,6.9,130.6,122.0,MOUNT BAKER,IMO9822906,WDJ6673,52.0,0.0,40.0,12.0,5.5,52.0,A
367776660,2024-12-31T10:45:43,20.49337,-156.38129,7.1,128.2,122.0,MOUNT BAKER,IMO9822906,WDJ6673,52.0,0.0,40.0,12.0,5.5,52.0,A
367776660,2024-12-31T10:46:48,20.492,-156.37952,7.2,130.5,123.0,MOUNT BAKER,IMO9822906,WDJ6673,52.0,0.0,40.0,12.0,5.5,52.0,A
367776660,2024-12-31T10:47:50,20.4907,-156.37783,7.2,128.5,123.0,MOUNT BAKER,IMO9822906,WDJ6673,52.0,0.0,40.0,12.0,5.5,52.0,A
367776660,2024-12-31T10:48:52,20.48942,-156.37609,7.4,127.4,123.0,MOUNT BAKER,IMO9822906,WDJ6673,52.0,0.0,40.0,12.0,5.5,52.0,A
367776660,2024-12-31T09:50:18,20.57651,-156.47102,8.8,137.9,135.0,MOUNT BAKER,IMO9822906,WDJ6673,52.0,0.0,40.0,12.0,5.5,52.0,A
367776660,2024-12-31T10:49:54,20.48812,-156.37429,7.3,129.4,124.0,MOUNT BAKER,IMO9822906,WDJ6673,52.0,0.0,40.0,12.0,5.5,52.0,A
367776660,2024-12-31T10:52:01,20.48556,-156.37078,7.3,128.5,123.0,MOUNT BAKER,IMO9822906,WDJ6673,52.0,0.0,40.0,12.0,5.5,52.0,A
367776660,2024-12-31T10:50:57,20.48685,-156.37253,7.1,125.5,121.0,MOUNT BAKER,IMO9822906,WDJ6673,52.0,0.0,40.0,12.0,5.5,52.0,A
367776660,2024-12-31T10:53:04,20.48426,-156.36905,7.0,128.6,122.0,MOUNT BAKER,IMO9822906,WDJ6673,52.0,0.0,40.0,12.0,5.5,52.0,A
367776660,2024-12-31T10:54:12,20.48288,-156.36721,7.0,127.1,122.0,MOUNT BAKER,IMO9822906,WDJ6673,52.0,0.0,40.0,12.0,5.5,52.0,A
367776660,2024-12-31T10:55:13,20.48164,-156.3656,6.9,126.9,122.0,MOUNT BAKER,IMO9822906,WDJ6673,52.0,0.0,40.0,12.0,5.5,52.0,A
367776660,2024-12-31T09:57:07,20.56426,-156.45951,8.5,139.5,135.0,MOUNT BAKER,IMO9822906,WDJ6673,52.0,0.0,40.0,12.0,5.5,52.0,A
367776660,2024-12-31T10:56:15,20.4804,-156.36394,6.8,130.0,123.0,MOUNT BAKER,IMO9822906,WDJ6673,52.0,0.0,40.0,12.0,5.5,52.0,A
367776660,2024-12-31T11:00:07,20.4758,-156.35765,6.7,126.2,124.0,MOUNT BAKER,IMO9822906,WDJ6673,52.0,0.0,40.0,12.0,5.5,52.0,A
367776660,2024-12-31T10:58:31,20.47773,-156.3603,7.0,128.0,122.0,MOUNT BAKER,IMO9822906,WDJ6673,52.0,0.0,40.0,12.0,5.5,52.0,A
367776660,2024-12-31T10:59:44,20.47626,-156.35826,6.9,127.4,122.0,MOUNT BAKER,IMO9822906,WDJ6673,52.0,0.0,40.0,12.0,5.5,52.0,A
367776660,2024-12-31T11:01:08,20.47459,-156.35605,6.9,128.0,123.0,MOUNT BAKER,IMO9822906,WDJ6673,52.0,0.0,40.0,12.0,5.5,52.0,A
367776660,2024-12-31T11:02:09,20.47341,-156.35439,7.0,127.1,123.0,MOUNT BAKER,IMO9822906,WDJ6673,52.0,0.0,40.0,12.0,5.5,52.0,A
367776660,2024-12-31T11:05:16,20.46961,-156.34928,7.0,127.3,122.0,MOUNT BAKER,IMO9822906,WDJ6673,52.0,0.0,40.0,12.0,5.5,52.0,A
367776660,2024-12-31T11:03:12,20.4721,-156.35271,7.2,128.1,124.0,MOUNT BAKER,IMO9822906,WDJ6673,52.0,0.0,40.0,12.0,5.5,52.0,A
367776660,2024-12-31T11:07:25,20.46705,-156.34572,6.9,128.1,122.0,MOUNT BAKER,IMO9822906,WDJ6673,52.0,0.0,40.0,12.0,5.5,52.0,A
367776660,2024-12-31T11:06:18,20.46836,-156.34757,7.0,127.7,123.0,MOUNT BAKER,IMO9822906,WDJ6673,52.0,0.0,40.0,12.0,5.5,52.0,A
367776660,2024-12-31T11:08:33,20.46579,-156.34399,6.8,127.4,122.0,MOUNT BAKER,IMO9822906,WDJ6673,52.0,0.0,40.0,12.0,5.5,52.0,A
367776660,2024-12-31T10:13:58,20.53633,-156.43184,7.8,136.2,132.0,MOUNT BAKER,IMO9822906,WDJ6673,52.0,0.0,40.0,12.0,5.5,52.0,A
367776660,2024-12-31T01:49:10,21.15144,-157.48152,7.8,103.0,97.0,MOUNT BAKER,IMO9822906,WDJ6673,52.0,0.0,40.0,12.0,5.5,52.0,A
367776660,2024-12-31T11:13:57,20.45953,-156.33551,6.7,125.8,123.0,MOUNT BAKER,IMO9822906,WDJ6673,52.0,0.0,40.0,12.0,5.5,52.0,A
367776660,2024-12-31T11:09:34,20.4646,-156.34241,6.5,127.6,121.0,MOUNT BAKER,IMO9822906,WDJ6673,52.0,0.0,40.0,12.0,5.5,52.0,A
367776660,2024-12-31T11:11:49,20.46196,-156.33883,6.8,127.7,123.0,MOUNT BAKER,IMO9822906,WDJ6673,52.0,0.0,40.0,12.0,5.5,52.0,A
367776660,2024-12-31T11:16:02,20.45712,-156.3322,6.9,127.7,125.0,MOUNT BAKER,IMO9822906,WDJ6673,52.0,0.0,40.0,12.0,5.5,52.0,A
367776660,2024-12-31T11:19:15,20.45317,-156.32707,7.3,127.7,123.0,MOUNT BAKER,IMO9822906,WDJ6673,52.0,0.0,40.0,12.0,5.5,52.0,A
367776660,2024-12-31T11:20:17,20.45186,-156.32533,7.4,129.0,123.0,MOUNT BAKER,IMO9822906,WDJ6673,52.0,0.0,40.0,12.0,5.5,52.0,A
367776660,2024-12-31T11:18:07,20.45456,-156.32899,7.0,127.4,124.0,MOUNT BAKER,IMO9822906,WDJ6673,52.0,0.0,40.0,12.0,5.5,52.0,A
367776660,2024-12-31T11:21:18,20.45058,-156.32362,7.2,128.4,125.0,MOUNT BAKER,IMO9822906,WDJ6673,52.0,0.0,40.0,12.0,5.5,52.0,A
367776660,2024-12-31T11:22:38,20.4489,-156.32139,7.3,127.4,124.0,MOUNT BAKER,IMO9822906,WDJ6673,52.0,0.0,40.0,12.0,5.5,52.0,A
367776660,2024-12-31T11:24:57,20.44618,-156.3177,6.6,127.7,122.0,MOUNT BAKER,IMO9822906,WDJ6673,52.0,0.0,40.0,12.0,5.5,52.0,A
367776660,2024-12-31T10:22:44,20.52359,-156.41782,7.4,133.6,127.0,MOUNT BAKER,IMO9822906,WDJ6673,52.0,0.0,40.0,12.0,5.5,52.0,A
367776660,2024-12-31T11:23:48,20.44749,-156.31949,6.9,127.1,123.0,MOUNT BAKER,IMO9822906,WDJ6673,52.0,0.0,40.0,12.0,5.5,52.0,A
367776660,2024-12-31T11:25:58,20.44498,-156.31605,6.9,128.2,124.0,MOUNT BAKER,IMO9822906,WDJ6673,52.0,0.0,40.0,12.0,5.5,52.0,A
367776660,2024-12-31T11:28:07,20.44233,-156.31254,7.1,128.8,124.0,MOUNT BAKER,IMO9822906,WDJ6673,52.0,0.0,40.0,12.0,5.5,52.0,A
367776660,2024-12-31T11:30:25,20.43943,-156.30873,6.9,126.7,123.0,MOUNT BAKER,IMO9822906,WDJ6673,52.0,0.0,40.0,12.0,5.5,52.0,A
367776660,2024-12-31T11:29:10,20.44096,-156.31078,7.2,128.9,124.0,MOUNT BAKER,IMO9822906,WDJ6673,52.0,0.0,40.0,12.0,5.5,52.0,A
367776660,2024-12-31T11:31:27,20.43817,-156.30707,6.8,129.5,123.0,MOUNT BAKER,IMO9822906,WDJ6673,52.0,0.0,40.0,12.0,5.5,52.0,A
367776660,2024-12-31T11:32:28,20.43694,-156.30555,6.7,129.5,123.0,MOUNT BAKER,IMO9822906,WDJ6673,52.0,0.0,40.0,12.0,5.5,52.0,A
367776660,2024-12-31T11:34:44,20.43414,-156.30188,7.1,130.0,123.0,MOUNT BAKER,IMO9822906,WDJ6673,52.0,0.0,40.0,12.0,5.5,52.0,A
367776660,2024-12-31T11:36:48,20.43155,-156.29844,6.7,129.6,124.0,MOUNT BAKER,IMO9822906,WDJ6673,52.0,0.0,40.0,12.0,5.5,52.0,A
367776660,2024-12-31T11:37:55,20.43013,-156.2966,7.1,127.5,123.0,MOUNT BAKER,IMO9822906,WDJ6673,52.0,0.0,40.0,12.0,5.5,52.0,A
367776660,2024-12-31T11:39:57,20.42775,-156.29331,7.1,128.1,125.0,MOUNT BAKER,IMO9822906,WDJ6673,52.0,0.0,40.0,12.0,5.5,52.0,A
367776660,2024-12-31T10:37:55,20.50288,-156.39374,7.2,130.5,126.0,MOUNT BAKER,IMO9822906,WDJ6673,52.0,0.0,40.0,12.0,5.5,52.0,A
367776660,2024-12-31T11:41:02,20.42634,-156.29144,7.5,128.2,124.0,MOUNT BAKER,IMO9822906,WDJ6673,52.0,0.0,40.0,12.0,5.5,52.0,A
367776660,2024-12-31T11:45:00,20.42163,-156.28494,7.3,127.6,122.0,MOUNT BAKER,IMO9822906,WDJ6673,52.0,0.0,40.0,12.0,5.5,52.0,A
367776660,2024-12-31T11:42:31,20.42455,-156.28908,6.9,128.4,122.0,MOUNT BAKER,IMO9822906,WDJ6673,52.0,0.0,40.0,12.0,5.5,52.0,A
367776660,2024-12-31T11:43:48,20.42303,-156.28695,6.9,127.0,120.0,MOUNT BAKER,IMO9822906,WDJ6673,52.0,0.0,40.0,12.0,5.5,52.0,A
367776660,2024-12-31T11:46:03,20.42032,-156.28314,7.1,126.6,123.0,MOUNT BAKER,IMO9822906,WDJ6673,52.0,0.0,40.0,12.0,5.5,52.0,A
367776660,2024-12-31T11:47:14,20.41896,-156.28122,6.8,126.5,123.0,MOUNT BAKER,IMO9822906,WDJ6673,52.0,0.0,40.0,12.0,5.5,52.0,A
367776660,2024-12-31T11:48:18,20.41779,-156.27959,6.5,125.3,121.0,MOUNT BAKER,IMO9822906,WDJ6673,52.0,0.0,40.0,12.0,5.5,52.0,A
367776660,2024-12-31T11:49:20,20.41659,-156.27793,6.8,127.8,122.0,MOUNT BAKER,IMO9822906,WDJ6673,52.0,0.0,40.0,12.0,5.5,52.0,A
367776660,2024-12-31T11:51:25,20.41419,-156.27463,6.7,126.5,124.0,MOUNT BAKER,IMO9822906,WDJ6673,52.0,0.0,40.0,12.0,5.5,52.0,A
367776660,2024-12-31T11:54:33,20.41071,-156.26979,6.8,127.9,122.0,MOUNT BAKER,IMO9822906,WDJ6673,52.0,0.0,40.0,12.0,5.5,52.0,A
367776660,2024-12-31T11:52:26,20.41306,-156.27307,6.3,127.0,122.0,MOUNT BAKER,IMO9822906,WDJ6673,52.0,0.0,40.0,12.0,5.5,52.0,A
367776660,2024-12-31T11:55:34,20.40954,-156.26817,6.5,129.5,123.0,MOUNT BAKER,IMO9822906,WDJ6673,52.0,0.0,40.0,12.0,5.5,52.0,A
367776660,2024-12-31T11:53:31,20.41191,-156.27149,6.8,129.0,122.0,MOUNT BAKER,IMO9822906,WDJ6673,52.0,0.0,40.0,12.0,5.5,52.0,A
367776660,2024-12-31T02:00:00,21.1462,-157.45671,8.0,101.5,98.0,MOUNT BAKER,IMO9822906,WDJ6673,52.0,0.0,40.0,12.0,5.5,52.0,A
367776660,2024-12-31T11:57:40,20.40711,-156.26476,7.0,126.8,124.0,MOUNT BAKER,IMO9822906,WDJ6673,52.0,0.0,40.0,12.0,5.5,52.0,A
367776660,2024-12-31T11:58:41,20.40588,-156.26313,6.7,132.0,123.0,MOUNT BAKER,IMO9822906,WDJ6673,52.0,0.0,40.0,12.0,5.5,52.0,A
367776660,2024-12-31T12:00:05,20.40443,-156.26101,6.4,128.0,124.0,MOUNT BAKER,IMO9822906,WDJ6673,52.0,0.0,40.0,12.0,5.5,52.0,A
367776660,2024-12-31T10:57:22,20.4791,-156.3622,7.0,127.1,122.0,MOUNT BAKER,IMO9822906,WDJ6673,52.0,0.0,40.0,12.0,5.5,52.0,A
367776660,2024-12-31T12:47:07,20.34225,-156.19036,6.7,130.2,124.0,MOUNT BAKER,IMO9822906,WDJ6673,52.0,0.0,40.0,12.0,5.5,52.0,A
367776660,2024-12-31T12:49:11,20.33982,-156.18739,6.6,132.2,123.0,MOUNT BAKER,IMO9822906,WDJ6673,52.0,0.0,40.0,12.0,5.5,52.0,A
367776660,2024-12-31T12:53:27,20.33467,-156.18059,7.2,130.3,125.0,MOUNT BAKER,IMO9822906,WDJ6673,52.0,0.0,40.0,12.0,5.5,52.0,A
367776660,2024-12-31T12:54:29,20.33335,-156.17888,6.9,130.1,126.0,MOUNT BAKER,IMO9822906,WDJ6673,52.0,0.0,40.0,12.0,5.5,52.0,A
367776660,2024-12-31T12:56:46,20.33054,-156.17535,6.7,127.6,124.0,MOUNT BAKER,IMO9822906,WDJ6673,52.0,0.0,40.0,12.0,5.5,52.0,A
367776660,2024-12-31T12:55:38,20.33195,-156.17714,6.7,129.3,125.0,MOUNT BAKER,IMO9822906,WDJ6673,52.0,0.0,40.0,12.0,5.5,52.0,A
367776660,2024-12-31T12:57:51,20.32928,-156.17372,6.8,130.5,124.0,MOUNT BAKER,IMO9822906,WDJ6673,52.0,0.0,40.0,12.0,5.5,52.0,A
367776660,2024-12-31T11:10:47,20.46316,-156.3405,6.9,128.9,122.0,MOUNT BAKER,IMO9822906,WDJ6673,52.0,0.0,40.0,12.0,5.5,52.0,A
367776660,2024-12-31T13:01:02,20.32552,-156.1687,6.8,129.6,124.0,MOUNT BAKER,IMO9822906,WDJ6673,52.0,0.0,40.0,12.0,5.5,52.0,A
367776660,2024-12-31T13:02:03,20.3243,-156.1671,7.0,125.2,123.0,MOUNT BAKER,IMO9822906,WDJ6673,52.0,0.0,40.0,12.0,5.5,52.0,A
367776660,2024-12-31T13:04:15,20.32164,-156.16357,7.1,125.6,123.0,MOUNT BAKER,IMO9822906,WDJ6673,52.0,0.0,40.0,12.0,5.5,52.0,A
367776660,2024-12-31T13:06:19,20.3192,-156.16026,6.9,129.8,124.0,MOUNT BAKER,IMO9822906,WDJ6673,52.0,0.0,40.0,12.0,5.5,52.0,A
367776660,2024-12-31T11:17:04,20.45582,-156.33059,7.0,128.6,124.0,MOUNT BAKER,IMO9822906,WDJ6673,52.0,0.0,40.0,12.0,5.5,52.0,A
367776660,2024-12-31T13:05:17,20.32039,-156.16187,6.8,129.7,123.0,MOUNT BAKER,IMO9822906,WDJ6673,52.0,0.0,40.0,12.0,5.5,52.0,A
367776660,2024-12-31T13:07:21,20.31797,-156.1586,6.9,127.7,123.0,MOUNT BAKER,IMO9822906,WDJ6673,52.0,0.0,40.0,12.0,5.5,52.0,A
367776660,2024-12-31T13:09:25,20.3155,-156.15523,7.2,128.5,124.0,MOUNT BAKER,IMO9822906,WDJ6673,52.0,0.0,40.0,12.0,5.5,52.0,A
367776660,2024-12-31T13:08:24,20.31671,-156.15692,7.0,129.7,125.0,MOUNT BAKER,IMO9822906,WDJ6673,52.0,0.0,40.0,12.0,5.5,52.0,A
367776660,2024-12-31T13:10:27,20.31423,-156.15353,7.0,126.3,122.0,MOUNT BAKER,IMO9822906,WDJ6673,52.0,0.0,40.0,12.0,5.5,52.0,A
367776660,2024-12-31T13:11:30,20.31296,-156.15179,7.0,128.7,124.0,MOUNT BAKER,IMO9822906,WDJ6673,52.0,0.0,40.0,12.0,5.5,52.0,A
367776660,2024-12-31T13:12:32,20.31174,-156.15017,6.8,128.7,122.0,MOUNT BAKER,IMO9822906,WDJ6673,52.0,0.0,40.0,12.0,5.5,52.0,A
367776660,2024-12-31T13:14:40,20.30925,-156.14678,6.8,129.0,124.0,MOUNT BAKER,IMO9822906,WDJ6673,52.0,0.0,40.0,12.0,5.5,52.0,A
367776660,2024-12-31T13:13:33,20.31054,-156.14854,6.8,127.3,124.0,MOUNT BAKER,IMO9822906,WDJ6673,52.0,0.0,40.0,12.0,5.5,52.0,A
367776660,2024-12-31T13:15:43,20.30802,-156.14515,6.9,127.5,124.0,MOUNT BAKER,IMO9822906,WDJ6673,52.0,0.0,40.0,12.0,5.5,52.0,A
367776660,2024-12-31T13:17:57,20.30529,-156.1415,7.3,130.8,123.0,MOUNT BAKER,IMO9822906,WDJ6673,52.0,0.0,40.0,12.0,5.5,52.0,A
367776660,2024-12-31T13:21:19,20.30107,-156.13593,7.2,127.9,123.0,MOUNT BAKER,IMO9822906,WDJ6673,52.0,0.0,40.0,12.0,5.5,52.0,A
367776660,2024-12-31T13:20:16,20.30238,-156.13765,7.2,128.4,122.0,MOUNT BAKER,IMO9822906,WDJ6673,52.0,0.0,40.0,12.0,5.5,52.0,A
367776660,2024-12-31T13:23:30,20.29828,-156.13218,7.1,126.5,123.0,MOUNT BAKER,IMO9822906,WDJ6673,52.0,0.0,40.0,12.0,5.5,52.0,A
367776660,2024-12-31T13:24:31,20.29704,-156.13048,7.2,126.6,123.0,MOUNT BAKER,IMO9822906,WDJ6673,52.0,0.0,40.0,12.0,5.5,52.0,A
367776660,2024-12-31T13:22:25,20.29967,-156.13399,7.3,126.3,125.0,MOUNT BAKER,IMO9822906,WDJ6673,52.0,0.0,40.0,12.0,5.5,52.0,A
367776660,2024-12-31T13:25:32,20.29579,-156.1288,7.2,129.0,123.0,MOUNT BAKER,IMO9822906,WDJ6673,52.0,0.0,40.0,12.0,5.5,52.0,A
367776660,2024-12-31T13:26:33,20.29449,-156.12706,7.2,127.3,122.0,MOUNT BAKER,IMO9822906,WDJ6673,52.0,0.0,40.0,12.0,5.5,52.0,A
367776660,2024-12-31T13:27:40,20.29313,-156.12518,7.2,127.3,123.0,MOUNT BAKER,IMO9822906,WDJ6673,52.0,0.0,40.0,12.0,5.5,52.0,A
367776660,2024-12-31T13:29:45,20.29051,-156.12182,6.9,129.6,124.0,MOUNT BAKER,IMO9822906,WDJ6673,52.0,0.0,40.0,12.0,5.5,52.0,A
367776660,2024-12-31T13:30:53,20.28908,-156.11997,7.1,128.2,123.0,MOUNT BAKER,IMO9822906,WDJ6673,52.0,0.0,40.0,12.0,5.5,52.0,A
367776660,2024-12-31T11:35:47,20.43282,-156.30016,7.4,128.6,123.0,MOUNT BAKER,IMO9822906,WDJ6673,52.0,0.0,40.0,12.0,5.5,52.0,A
367776660,2024-12-31T13:35:07,20.2838,-156.11306,7.2,128.4,124.0,MOUNT BAKER,IMO9822906,WDJ6673,52.0,0.0,40.0,12.0,5.5,52.0,A
367776660,2024-12-31T13:34:02,20.28515,-156.11479,6.9,129.3,125.0,MOUNT BAKER,IMO9822906,WDJ6673,52.0,0.0,40.0,12.0,5.5,52.0,A
367776660,2024-12-31T11:38:56,20.42892,-156.29491,7.3,128.9,124.0,MOUNT BAKER,IMO9822906,WDJ6673,52.0,0.0,40.0,12.0,5.5,52.0,A
367776660,2024-12-31T13:36:08,20.28251,-156.11136,7.1,128.2,123.0,MOUNT BAKER,IMO9822906,WDJ6673,52.0,0.0,40.0,12.0,5.5,52.0,A
367776660,2024-12-31T13:32:58,20.28647,-156.11654,7.2,130.1,123.0,MOUNT BAKER,IMO9822906,WDJ6673,52.0,0.0,40.0,12.0,5.5,52.0,A
367776660,2024-12-31T13:38:13,20.27984,-156.10781,7.5,127.0,124.0,MOUNT BAKER,IMO9822906,WDJ6673,52.0,0.0,40.0,12.0,5.5,52.0,A
367776660,2024-12-31T13:40:21,20.27713,-156.10424,7.3,131.8,125.0,MOUNT BAKER,IMO9822906,WDJ6673,52.0,0.0,40.0,12.0,5.5,52.0,A
367776660,2024-12-31T13:42:38,20.27414,-156.10048,7.2,129.2,126.0,MOUNT BAKER,IMO9822906,WDJ6673,52.0,0.0,40.0,12.0,5.5,52.0,A
367776660,2024-12-31T13:46:03,20.26974,-156.09475,7.2,128.3,123.0,MOUNT BAKER,IMO9822906,WDJ6673,52.0,0.0,40.0,12.0,5.5,52.0,A
367776660,2024-12-31T13:44:59,20.27112,-156.09659,7.3,126.8,123.0,MOUNT BAKER,IMO9822906,WDJ6673,52.0,0.0,40.0,12.0,5.5,52.0,A
367776660,2024-12-31T13:47:05,20.26846,-156.09308,7.1,128.0,127.0,MOUNT BAKER,IMO9822906,WDJ6673,52.0,0.0,40.0,12.0,5.5,52.0,A
367776660,2024-12-31T13:48:08,20.26705,-156.0914,7.2,135.4,128.0,MOUNT BAKER,IMO9822906,WDJ6673,52.0,0.0,40.0,12.0,5.5,52.0,A
367776660,2024-12-31T13:51:17,20.26207,-156.08677,7.8,141.3,138.0,MOUNT BAKER,IMO9822906,WDJ6673,52.0,0.0,40.0,12.0,5.5,52.0,A
367776660,2024-12-31T13:49:14,20.2654,-156.08968,7.5,136.9,134.0,MOUNT BAKER,IMO9822906,WDJ6673,52.0,0.0,40.0,12.0,5.5,52.0,A
367776660,2024-12-31T11:56:37,20.40833,-156.26647,6.9,125.0,122.0,MOUNT BAKER,IMO9822906,WDJ6673,52.0,0.0,40.0,12.0,5.5,52.0,A
367776660,2024-12-31T13:53:21,20.25848,-156.08395,7.8,142.5,139.0,MOUNT BAKER,IMO9822906,WDJ6673,52.0,0.0,40.0,12.0,5.5,52.0,A
367776660,2024-12-31T13:54:24,20.25664,-156.08245,7.7,141.5,137.0,MOUNT BAKER,IMO9822906,WDJ6673,52.0,0.0,40.0,12.0,5.5,52.0,A
367776660,2024-12-31T13:55:27,20.25476,-156.08105,7.9,142.8,138.0,MOUNT BAKER,IMO9822906,WDJ6673,52.0,0.0,40.0,12.0,5.5,52.0,A
367776660,2024-12-31T13:52:19,20.26024,-156.08531,7.9,142.8,137.0,MOUNT BAKER,IMO9822906,WDJ6673,52.0,0.0,40.0,12.0,5.5,52.0,A
367776660,2024-12-31T13:56:32,20.25283,-156.07952,7.9,145.5,137.0,MOUNT BAKER,IMO9822906,WDJ6673,52.0,0.0,40.0,12.0,5.5,52.0,A
367776660,2024-12-31T13:58:42,20.24903,-156.07655,7.9,143.0,137.0,MOUNT BAKER,IMO9822906,WDJ6673,52.0,0.0,40.0,12.0,5.5,52.0,A
367776660,2024-12-31T13:57:40,20.25085,-156.078,8.0,143.9,135.0,MOUNT BAKER,IMO9822906,WDJ6673,52.0,0.0,40.0,12.0,5.5,52.0,A
367776660,2024-12-31T14:00:00,20.24667,-156.07469,8.0,142.9,136.0,MOUNT BAKER,IMO9822906,WDJ6673,52.0,0.0,40.0,12.0,5.5,52.0,A
367776660,2024-12-31T14:01:01,20.24485,-156.07324,7.9,142.2,138.0,MOUNT BAKER,IMO9822906,WDJ6673,52.0,0.0,40.0,12.0,5.5,52.0,A
367776660,2024-12-31T13:59:45,20.24723,-156.07516,8.0,142.6,138.0,MOUNT BAKER,IMO9822906,WDJ6673,52.0,0.0,40.0,12.0,5.5,52.0,A
367776660,2024-12-31T12:48:10,20.341,-156.18885,6.3,130.5,124.0,MOUNT BAKER,IMO9822906,WDJ6673,52.0,0.0,40.0,12.0,5.5,52.0,A
367776660,2024-12-31T14:02:03,20.24304,-156.0718,8.1,141.5,137.0,MOUNT BAKER,IMO9822906,WDJ6673,52.0,0.0,40.0,12.0,5.5,52.0,A
367776660,2024-12-31T14:03:04,20.24121,-156.07033,8.0,141.9,137.0,MOUNT BAKER,IMO9822906,WDJ6673,52.0,0.0,40.0,12.0,5.5,52.0,A
367776660,2024-12-31T12:50:14,20.33858,-156.18576,6.8,129.4,123.0,MOUNT BAKER,IMO9822906,WDJ6673,52.0,0.0,40.0,12.0,5.5,52.0,A
367776660,2024-12-31T14:05:11,20.23746,-156.06733,7.9,144.5,135.0,MOUNT BAKER,IMO9822906,WDJ6673,52.0,0.0,40.0,12.0,5.5,52.0,A
367776660,2024-12-31T12:51:15,20.33735,-156.1841,6.9,129.5,122.0,MOUNT BAKER,IMO9822906,WDJ6673,52.0,0.0,40.0,12.0,5.5,52.0,A
367776660,2024-12-31T12:52:25,20.33594,-156.18226,7.0,130.4,124.0,MOUNT BAKER,IMO9822906,WDJ6673,52.0,0.0,40.0,12.0,5.5,52.0,A
367776660,2024-12-31T14:08:21,20.23166,-156.0627,8.1,142.9,138.0,MOUNT BAKER,IMO9822906,WDJ6673,52.0,0.0,40.0,12.0,5.5,52.0,A
367776660,2024-12-31T14:10:30,20.22771,-156.0596,8.2,143.3,137.0,MOUNT BAKER,IMO9822906,WDJ6673,52.0,0.0,40.0,12.0,5.5,52.0,A
367776660,2024-12-31T14:11:33,20.22579,-156.05811,8.1,144.2,138.0,MOUNT BAKER,IMO9822906,WDJ6673,52.0,0.0,40.0,12.0,5.5,52.0,A
367776660,2024-12-31T14:12:35,20.22389,-156.05663,8.2,142.7,138.0,MOUNT BAKER,IMO9822906,WDJ6673,52.0,0.0,40.0,12.0,5.5,52.0,A
367776660,2024-12-31T14:09:28,20.22959,-156.06109,8.1,144.1,138.0,MOUNT BAKER,IMO9822906,WDJ6673,52.0,0.0,40.0,12.0,5.5,52.0,A
367776660,2024-12-31T14:14:44,20.2199,-156.05352,8.1,143.2,137.0,MOUNT BAKER,IMO9822906,WDJ6673,52.0,0.0,40.0,12.0,5.5,52.0,A
367776660,2024-12-31T14:15:45,20.21803,-156.05211,8.2,143.7,138.0,MOUNT BAKER,IMO9822906,WDJ6673,52.0,0.0,40.0,12.0,5.5,52.0,A
367776660,2024-12-31T14:17:49,20.21425,-156.04903,8.3,142.8,139.0,MOUNT BAKER,IMO9822906,WDJ6673,52.0,0.0,40.0,12.0,5.5,52.0,A
367776660,2024-12-31T14:16:46,20.21617,-156.05059,8.3,143.2,136.0,MOUNT BAKER,IMO9822906,WDJ6673,52.0,0.0,40.0,12.0,5.5,52.0,A
367776660,2024-12-31T14:18:50,20.2123,-156.0475,8.6,144.3,138.0,MOUNT BAKER,IMO9822906,WDJ6673,52.0,0.0,40.0,12.0,5.5,52.0,A
367776660,2024-12-31T14:19:51,20.21042,-156.04596,8.5,142.4,139.0,MOUNT BAKER,IMO9822906,WDJ6673,52.0,0.0,40.0,12.0,5.5,52.0,A
367776660,2024-12-31T14:21:59,20.20639,-156.04267,8.6,142.6,138.0,MOUNT BAKER,IMO9822906,WDJ6673,52.0,0.0,40.0,12.0,5.5,52.0,A
367776660,2024-12-31T14:23:00,20.20444,-156.0411,8.6,142.9,138.0,MOUNT BAKER,IMO9822906,WDJ6673,52.0,0.0,40.0,12.0,5.5,52.0,A
367776660,2024-12-31T14:25:04,20.20053,-156.03786,8.6,142.0,139.0,MOUNT BAKER,IMO9822906,WDJ6673,52.0,0.0,40.0,12.0,5.5,52.0,A
367776660,2024-12-31T14:26:05,20.19864,-156.03627,8.6,140.9,136.0,MOUNT BAKER,IMO9822906,WDJ6673,52.0,0.0,40.0,12.0,5.5,52.0,A
367776660,2024-12-31T14:20:56,20.20835,-156.04429,8.7,142.4,136.0,MOUNT BAKER,IMO9822906,WDJ6673,52.0,0.0,40.0,12.0,5.5,52.0,A
367776660,2024-12-31T13:03:07,20.323,-156.16537,6.8,128.0,125.0,MOUNT BAKER,IMO9822906,WDJ6673,52.0,0.0,40.0,12.0,5.5,52.0,A
367776660,2024-12-31T14:24:01,20.20255,-156.03954,8.6,143.0,139.0,MOUNT BAKER,IMO9822906,WDJ6673,52.0,0.0,40.0,12.0,5.5,52.0,A
367776660,2024-12-31T14:28:07,20.1948,-156.03303,8.7,140.9,137.0,MOUNT BAKER,IMO9822906,WDJ6673,52.0,0.0,40.0,12.0,5.5,52.0,A
367776660,2024-12-31T14:30:14,20.19079,-156.0296,8.7,140.1,136.0,MOUNT BAKER,IMO9822906,WDJ6673,52.0,0.0,40.0,12.0,5.5,52.0,A
367776660,2024-12-31T14:32:44,20.18608,-156.0255,8.7,141.3,137.0,MOUNT BAKER,IMO9822906,WDJ6673,52.0,0.0,40.0,12.0,5.5,52.0,A
367776660,2024-12-31T14:29:10,20.19279,-156.03132,8.6,141.9,137.0,MOUNT BAKER,IMO9822906,WDJ6673,52.0,0.0,40.0,12.0,5.5,52.0,A
367776660,2024-12-31T14:31:39,20.18812,-156.02727,8.8,140.4,137.0,MOUNT BAKER,IMO9822906,WDJ6673,52.0,0.0,40.0,12.0,5.5,52.0,A
367776660,2024-12-31T14:33:55,20.18382,-156.02353,8.7,139.9,138.0,MOUNT BAKER,IMO9822906,WDJ6673,52.0,0.0,40.0,12.0,5.5,52.0,A
367776660,2024-12-31T14:34:57,20.18186,-156.02187,8.7,140.9,138.0,MOUNT BAKER,IMO9822906,WDJ6673,52.0,0.0,40.0,12.0,5.5,52.0,A
367776660,2024-12-31T14:37:02,20.17795,-156.01844,8.8,141.7,139.0,MOUNT BAKER,IMO9822906,WDJ6673,52.0,0.0,40.0,12.0,5.5,52.0,A
367776660,2024-12-31T14:39:04,20.17399,-156.0152,9.0,142.7,142.0,MOUNT BAKER,IMO9822906,WDJ6673,52.0,0.0,40.0,12.0,5.5,52.0,A
367776660,2024-12-31T14:38:03,20.17592,-156.01679,8.8,142.5,140.0,MOUNT BAKER,IMO9822906,WDJ6673,52.0,0.0,40.0,12.0,5.5,52.0,A
367776660,2024-12-31T14:41:12,20.16973,-156.01187,8.9,143.8,141.0,MOUNT BAKER,IMO9822906,WDJ6673,52.0,0.0,40.0,12.0,5.5,52.0,A
367776660,2024-12-31T02:22:54,21.12357,-157.40845,8.7,131.8,124.0,MOUNT BAKER,IMO9822906,WDJ6673,52.0,0.0,40.0,12.0,5.5,52.0,A
367776660,2024-12-31T14:44:37,20.163,-156.00629,8.9,140.3,139.0,MOUNT BAKER,IMO9822906,WDJ6673,52.0,0.0,40.0,12.0,5.5,52.0,A
367776660,2024-12-31T14:42:30,20.16708,-156.00975,9.0,143.3,142.0,MOUNT BAKER,IMO9822906,WDJ6673,52.0,0.0,40.0,12.0,5.5,52.0,A
367776660,2024-12-31T14:45:41,20.16092,-156.00449,8.8,140.4,141.0,MOUNT BAKER,IMO9822906,WDJ6673,52.0,0.0,40.0,12.0,5.5,52.0,A
367776660,2024-12-31T14:43:31,20.16513,-156.00811,8.9,140.4,138.0,MOUNT BAKER,IMO9822906,WDJ6673,52.0,0.0,40.0,12.0,5.5,52.0,A
367776660,2024-12-31T14:46:44,20.15892,-156.0028,8.8,139.8,140.0,MOUNT BAKER,IMO9822906,WDJ6673,52.0,0.0,40.0,12.0,5.5,52.0,A
367776660,2024-12-31T14:55:11,20.1428,-155.98837,9.0,138.9,137.0,MOUNT BAKER,IMO9822906,WDJ6673,52.0,0.0,40.0,12.0,5.5,52.0,A
367776660,2024-12-31T14:51:02,20.15074,-155.99555,9.0,139.9,139.0,MOUNT BAKER,IMO9822906,WDJ6673,52.0,0.0,40.0,12.0,5.5,52.0,A
367776660,2024-12-31T14:53:05,20.14677,-155.992,9.0,139.3,138.0,MOUNT BAKER,IMO9822906,WDJ6673,52.0,0.0,40.0,12.0,5.5,52.0,A
367776660,2024-12-31T14:54:09,20.14473,-155.99015,9.0,139.5,138.0,MOUNT BAKER,IMO9822906,WDJ6673,52.0,0.0,40.0,12.0,5.5,52.0,A
367776660,2024-12-31T13:31:55,20.28781,-156.11827,7.3,126.9,124.0,MOUNT BAKER,IMO9822906,WDJ6673,52.0,0.0,40.0,12.0,5.5,52.0,A
367776660,2024-12-31T14:59:25,20.13473,-155.98102,9.0,139.2,140.0,MOUNT BAKER,IMO9822906,WDJ6673,52.0,0.0,40.0,12.0,5.5,52.0,A
367776660,2024-12-31T02:28:18,21.1146,-157.39829,8.7,133.4,125.0,MOUNT BAKER,IMO9822906,WDJ6673,52.0,0.0,40.0,12.0,5.5,52.0,A
367776660,2024-12-31T15:00:01,20.13357,-155.97994,8.9,138.6,138.0,MOUNT BAKER,IMO9822906,WDJ6673,52.0,0.0,40.0,12.0,5.5,52.0,A
367776660,2024-12-31T15:03:52,20.12669,-155.97296,8.9,134.5,135.0,MOUNT BAKER,IMO9822906,WDJ6673,52.0,0.0,40.0,12.0,5.5,52.0,A
367776660,2024-12-31T15:02:47,20.12856,-155.97498,8.9,135.1,135.0,MOUNT BAKER,IMO9822906,WDJ6673,52.0,0.0,40.0,12.0,5.5,52.0,A
367776660,2024-12-31T13:37:11,20.28119,-156.10959,7.3,129.5,125.0,MOUNT BAKER,IMO9822906,WDJ6673,52.0,0.0,40.0,12.0,5.5,52.0,A
367776660,2024-12-31T15:05:55,20.12331,-155.96943,7.1,136.3,135.0,MOUNT BAKER,IMO9822906,WDJ6673,52.0,0.0,40.0,12.0,5.5,52.0,A
367776660,2024-12-31T13:39:15,20.27856,-156.10609,7.2,127.4,122.0,MOUNT BAKER,IMO9822906,WDJ6673,52.0,0.0,40.0,12.0,5.5,52.0,A
367776660,2024-12-31T15:08:06,20.12123,-155.9672,4.1,134.3,135.0,MOUNT BAKER,IMO9822906,WDJ6673,52.0,0.0,40.0,12.0,5.5,52.0,A
367776660,2024-12-31T15:09:08,20.12042,-155.96636,4.0,131.3,132.0,MOUNT BAKER,IMO9822906,WDJ6673,52.0,0.0,40.0,12.0,5.5,52.0,A
367776660,2024-12-31T15:11:20,20.11896,-155.96441,3.5,126.6,132.0,MOUNT BAKER,IMO9822906,WDJ6673,52.0,0.0,40.0,12.0,5.5,52.0,A
367776660,2024-12-31T15:10:18,20.11961,-155.96531,3.8,128.5,131.0,MOUNT BAKER,IMO9822906,WDJ6673,52.0,0.0,40.0,12.0,5.5,52.0,A
367776660,2024-12-31T15:15:37,20.1168,-155.96105,3.3,127.8,131.0,MOUNT BAKER,IMO9822906,WDJ6673,52.0,0.0,40.0,12.0,5.5,52.0,A
367776660,2024-12-31T15:12:21,20.11841,-155.9636,3.1,121.3,124.0,MOUNT BAKER,IMO9822906,WDJ6673,52.0,0.0,40.0,12.0,5.5,52.0,A
367776660,2024-12-31T15:14:27,20.11746,-155.96194,3.2,126.6,131.0,MOUNT BAKER,IMO9822906,WDJ6673,52.0,0.0,40.0,12.0,5.5,52.0,A
367776660,2024-12-31T15:16:38,20.11623,-155.96024,3.3,127.6,132.0,MOUNT BAKER,IMO9822906,WDJ6673,52.0,0.0,40.0,12.0,5.5,52.0,A
367776660,2024-12-31T15:13:25,20.11795,-155.96273,3.2,123.6,122.0,MOUNT BAKER,IMO9822906,WDJ6673,52.0,0.0,40.0,12.0,5.5,52.0,A
367776660,2024-12-31T15:17:41,20.11561,-155.95938,3.4,130.8,133.0,MOUNT BAKER,IMO9822906,WDJ6673,52.0,0.0,40.0,12.0,5.5,52.0,A
367776660,2024-12-31T15:20:48,20.11378,-155.9571,3.0,137.2,143.0,MOUNT BAKER,IMO9822906,WDJ6673,52.0,0.0,40.0,12.0,5.5,52.0,A
367776660,2024-12-31T15:18:43,20.115,-155.95858,3.5,129.1,133.0,MOUNT BAKER,IMO9822906,WDJ6673,52.0,0.0,40.0,12.0,5.5,52.0,A
367776660,2024-12-31T15:21:56,20.11303,-155.95644,3.1,139.1,146.0,MOUNT BAKER,IMO9822906,WDJ6673,52.0,0.0,40.0,12.0,5.5,52.0,A
367776660,2024-12-31T15:19:44,20.1144,-155.95786,3.2,132.4,137.0,MOUNT BAKER,IMO9822906,WDJ6673,52.0,0.0,40.0,12.0,5.5,52.0,A
367776660,2024-12-31T15:25:03,20.11088,-155.95462,3.2,141.8,146.0,MOUNT BAKER,IMO9822906,WDJ6673,52.0,0.0,40.0,12.0,5.5,52.0,A
367776660,2024-12-31T15:26:04,20.11016,-155.95404,3.2,142.3,146.0,MOUNT BAKER,IMO9822906,WDJ6673,52.0,0.0,40.0,12.0,5.5,52.0,A
367776660,2024-12-31T15:27:05,20.10948,-155.95344,3.2,142.5,147.0,MOUNT BAKER,IMO9822906,WDJ6673,52.0,0.0,40.0,12.0,5.5,52.0,A
367776660,2024-12-31T15:28:07,20.10871,-155.95287,3.2,143.6,146.0,MOUNT BAKER,IMO9822906,WDJ6673,52.0,0.0,40.0,12.0,5.5,52.0,A
367776660,2024-12-31T15:29:08,20.10799,-155.95225,3.3,141.0,146.0,MOUNT BAKER,IMO9822906,WDJ6673,52.0,0.0,40.0,12.0,5.5,52.0,A
367776660,2024-12-31T14:04:07,20.23936,-156.06883,8.1,144.0,137.0,MOUNT BAKER,IMO9822906,WDJ6673,52.0,0.0,40.0,12.0,5.5,52.0,A
367776660,2024-12-31T15:33:21,20.10491,-155.94975,3.5,142.9,145.0,MOUNT BAKER,IMO9822906,WDJ6673,52.0,0.0,40.0,12.0,5.5,52.0,A
367776660,2024-12-31T15:35:28,20.1033,-155.94848,2.7,143.8,146.0,MOUNT BAKER,IMO9822906,WDJ6673,52.0,0.0,40.0,12.0,5.5,52.0,A
367776660,2024-12-31T15:38:51,20.10118,-155.94684,2.8,142.7,146.0,MOUNT BAKER,IMO9822906,WDJ6673,52.0,0.0,40.0,12.0,5.5,52.0,A
367776660,2024-12-31T15:36:48,20.1025,-155.94789,2.8,142.7,145.0,MOUNT BAKER,IMO9822906,WDJ6673,52.0,0.0,40.0,12.0,5.5,52.0,A
367776660,2024-12-31T15:40:58,20.09991,-155.94576,3.2,138.2,135.0,MOUNT BAKER,IMO9822906,WDJ6673,52.0,0.0,40.0,12.0,5.5,52.0,A
367776660,2024-12-31T15:42:34,20.09893,-155.94456,3.0,128.5,133.0,MOUNT BAKER,IMO9822906,WDJ6673,52.0,0.0,40.0,12.0,5.5,52.0,A
367776660,2024-12-31T15:43:35,20.09833,-155.94377,3.6,129.0,132.0,MOUNT BAKER,IMO9822906,WDJ6673,52.0,0.0,40.0,12.0,5.5,52.0,A
367776660,2024-12-31T15:45:43,20.09695,-155.94194,3.7,128.9,133.0,MOUNT BAKER,IMO9822906,WDJ6673,52.0,0.0,40.0,12.0,5.5,52.0,A
367776660,2024-12-31T15:46:47,20.09625,-155.94105,3.8,128.1,134.0,MOUNT BAKER,IMO9822906,WDJ6673,52.0,0.0,40.0,12.0,5.5,52.0,A
367776660,2024-12-31T15:48:54,20.09486,-155.93917,3.8,128.9,136.0,MOUNT BAKER,IMO9822906,WDJ6673,52.0,0.0,40.0,12.0,5.5,52.0,A
367776660,2024-12-31T15:50:39,20.09367,-155.93765,3.7,128.5,135.0,MOUNT BAKER,IMO9822906,WDJ6673,52.0,0.0,40.0,12.0,5.5,52.0,A
367776660,2024-12-31T15:52:46,20.09238,-155.93571,3.9,119.7,125.0,MOUNT BAKER,IMO9822906,WDJ6673,52.0,0.0,40.0,12.0,5.5,52.0,A
367776660,2024-12-31T15:53:47,20.09183,-155.93466,3.9,117.0,121.0,MOUNT BAKER,IMO9822906,WDJ6673,52.0,0.0,40.0,12.0,5.5,52.0,A
367776660,2024-12-31T15:56:04,20.09072,-155.93234,3.9,116.6,123.0,MOUNT BAKER,IMO9822906,WDJ6673,52.0,0.0,40.0,12.0,5.5,52.0,A
367776660,2024-12-31T15:57:07,20.09016,-155.93128,3.8,118.5,123.0,MOUNT BAKER,IMO9822906,WDJ6673,52.0,0.0,40.0,12.0,5.5,52.0,A
367776660,2024-12-31T15:55:00,20.09124,-155.93342,3.9,117.0,122.0,MOUNT BAKER,IMO9822906,WDJ6673,52.0,0.0,40.0,12.0,5.5,52.0,A
367776660,2024-12-31T15:58:17,20.08954,-155.93012,3.9,118.3,124.0,MOUNT BAKER,IMO9822906,WDJ6673,52.0,0.0,40.0,12.0,5.5,52.0,A
367776660,2024-12-31T14:27:06,20.19665,-156.03464,8.7,141.5,137.0,MOUNT BAKER,IMO9822906,WDJ6673,52.0,0.0,40.0,12.0,5.5,52.0,A
367776660,2024-12-31T16:01:24,20.08792,-155.92703,3.8,119.2,123.0,MOUNT BAKER,IMO9822906,WDJ6673,52.0,0.0,40.0,12.0,5.5,52.0,A
367776660,2024-12-31T16:00:17,20.08853,-155.92811,3.9,120.2,123.0,MOUNT BAKER,IMO9822906,WDJ6673,52.0,0.0,40.0,12.0,5.5,52.0,A
367776660,2024-12-31T16:03:29,20.08685,-155.92497,3.8,120.5,123.0,MOUNT BAKER,IMO9822906,WDJ6673,52.0,0.0,40.0,12.0,5.5,52.0,A
367776660,2024-12-31T16:06:41,20.0852,-155.92187,3.9,121.7,124.0,MOUNT BAKER,IMO9822906,WDJ6673,52.0,0.0,40.0,12.0,5.5,52.0,A
367776660,2024-12-31T16:07:48,20.08454,-155.92078,3.8,122.2,126.0,MOUNT BAKER,IMO9822906,WDJ6673,52.0,0.0,40.0,12.0,5.5,52.0,A
367776660,2024-12-31T16:08:54,20.08393,-155.91974,3.8,122.8,125.0,MOUNT BAKER,IMO9822906,WDJ6673,52.0,0.0,40.0,12.0,5.5,52.0,A
367776660,2024-12-31T16:09:57,20.0833,-155.91874,3.8,122.9,125.0,MOUNT BAKER,IMO9822906,WDJ6673,52.0,0.0,40.0,12.0,5.5,52.0,A
367776660,2024-12-31T16:11:00,20.08269,-155.91772,3.8,123.2,125.0,MOUNT BAKER,IMO9822906,WDJ6673,52.0,0.0,40.0,12.0,5.5,52.0,A
367776660,2024-12-31T16:12:01,20.08211,-155.91676,3.8,122.3,125.0,MOUNT BAKER,IMO9822906,WDJ6673,52.0,0.0,40.0,12.0,5.5,52.0,A
367776660,2024-12-31T14:36:01,20.17986,-156.02008,8.7,140.1,138.0,MOUNT BAKER,IMO9822906,WDJ6673,52.0,0.0,40.0,12.0,5.5,52.0,A
367776660,2024-12-31T16:14:11,20.08088,-155.91472,3.8,122.4,126.0,MOUNT BAKER,IMO9822906,WDJ6673,52.0,0.0,40.0,12.0,5.5,52.0,A
367776660,2024-12-31T14:40:10,20.17173,-156.01344,8.9,142.6,141.0,MOUNT BAKER,IMO9822906,WDJ6673,52.0,0.0,40.0,12.0,5.5,52.0,A
367776660,2024-12-31T16:16:27,20.07957,-155.91259,3.8,122.9,125.0,MOUNT BAKER,IMO9822906,WDJ6673,52.0,0.0,40.0,12.0,5.5,52.0,A
367776660,2024-12-31T16:13:07,20.08149,-155.91571,3.8,122.0,125.0,MOUNT BAKER,IMO9822906,WDJ6673,52.0,0.0,40.0,12.0,5.5,52.0,A
367776660,2024-12-31T16:19:48,20.07766,-155.90946,3.7,122.1,126.0,MOUNT BAKER,IMO9822906,WDJ6673,52.0,0.0,40.0,12.0,5.5,52.0,A
367776660,2024-12-31T16:17:37,20.0789,-155.91151,3.8,122.7,126.0,MOUNT BAKER,IMO9822906,WDJ6673,52.0,0.0,40.0,12.0,5.5,52.0,A
367776660,2024-12-31T16:20:57,20.077,-155.90843,3.7,123.2,126.0,MOUNT BAKER,IMO9822906,WDJ6673,52.0,0.0,40.0,12.0,5.5,52.0,A
367776660,2024-12-31T14:47:57,20.15662,-156.00081,8.9,139.6,138.0,MOUNT BAKER,IMO9822906,WDJ6673,52.0,0.0,40.0,12.0,5.5,52.0,A
367776660,2024-12-31T16:22:17,20.07625,-155.90721,3.8,122.2,126.0,MOUNT BAKER,IMO9822906,WDJ6673,52.0,0.0,40.0,12.0,5.5,52.0,A
367776660,2024-12-31T16:23:33,20.07548,-155.90601,3.8,123.3,125.0,MOUNT BAKER,IMO9822906,WDJ6673,52.0,0.0,40.0,12.0,5.5,52.0,A
367776660,2024-12-31T14:50:01,20.15266,-155.99723,8.9,140.5,137.0,MOUNT BAKER,IMO9822906,WDJ6673,52.0,0.0,40.0,12.0,5.5,52.0,A
367776660,2024-12-31T16:25:38,20.0743,-155.90407,3.8,123.3,125.0,MOUNT BAKER,IMO9822906,WDJ6673,52.0,0.0,40.0,12.0,5.5,52.0,A
367776660,2024-12-31T16:26:46,20.07364,-155.903,3.7,123.4,125.0,MOUNT BAKER,IMO9822906,WDJ6673,52.0,0.0,40.0,12.0,5.5,52.0,A
367776660,2024-12-31T02:34:40,21.10396,-157.3866,8.7,133.8,125.0,MOUNT BAKER,IMO9822906,WDJ6673,52.0,0.0,40.0,12.0,5.5,52.0,A
367776660,2024-12-31T02:35:41,21.10226,-157.3847,8.7,133.4,126.0,MOUNT BAKER,IMO9822906,WDJ6673,52.0,0.0,40.0,12.0,5.5,52.0,A
367776660,2024-12-31T16:31:14,20.07148,-155.89938,3.0,124.0,128.0,MOUNT BAKER,IMO9822906,WDJ6673,52.0,0.0,40.0,12.0,5.5,52.0,A
367776660,2024-12-31T16:30:02,20.07199,-155.90025,2.7,121.0,128.0,MOUNT BAKER,IMO9822906,WDJ6673,52.0,0.0,40.0,12.0,5.5,52.0,A
367776660,2024-12-31T16:27:55,20.07296,-155.90194,3.8,123.9,125.0,MOUNT BAKER,IMO9822906,WDJ6673,52.0,0.0,40.0,12.0,5.5,52.0,A
367776660,2024-12-31T14:57:14,20.13886,-155.98478,9.0,139.1,139.0,MOUNT BAKER,IMO9822906,WDJ6673,52.0,0.0,40.0,12.0,5.5,52.0,A
367776660,2024-12-31T16:28:57,20.07242,-155.90102,3.2,123.3,126.0,MOUNT BAKER,IMO9822906,WDJ6673,52.0,0.0,40.0,12.0,5.5,52.0,A
367776660,2024-12-31T16:34:24,20.07013,-155.89714,2.4,122.1,128.0,MOUNT BAKER,IMO9822906,WDJ6673,52.0,0.0,40.0,12.0,5.5,52.0,A
367776660,2024-12-31T16:38:27,20.06891,-155.89483,2.3,120.8,129.0,MOUNT BAKER,IMO9822906,WDJ6673,52.0,0.0,40.0,12.0,5.5,52.0,A
367776660,2024-12-31T16:36:07,20.06964,-155.89624,2.1,118.7,129.0,MOUNT BAKER,IMO9822906,WDJ6673,52.0,0.0,40.0,12.0,5.5,52.0,A
367776660,2024-12-31T15:01:03,20.13167,-155.97817,9.0,139.2,138.0,MOUNT BAKER,IMO9822906,WDJ6673,52.0,0.0,40.0,12.0,5.5,52.0,A
367776660,2024-12-31T16:40:48,20.06795,-155.89325,3.0,123.3,129.0,MOUNT BAKER,IMO9822906,WDJ6673,52.0,0.0,40.0,12.0,5.5,52.0,A
367776660,2024-12-31T16:39:37,20.06849,-155.89412,2.8,123.6,129.0,MOUNT BAKER,IMO9822906,WDJ6673,52.0,0.0,40.0,12.0,5.5,52.0,A
367776660,2024-12-31T15:07:02,20.12209,-155.96819,4.3,136.1,137.0,MOUNT BAKER,IMO9822906,WDJ6673,52.0,0.0,40.0,12.0,5.5,52.0,A
367776660,2024-12-31T16:43:07,20.06696,-155.89164,2.7,122.5,129.0,MOUNT BAKER,IMO9822906,WDJ6673,52.0,0.0,40.0,12.0,5.5,52.0,A
367776660,2024-12-31T16:44:17,20.0665,-155.89084,2.8,121.6,129.0,MOUNT BAKER,IMO9822906,WDJ6673,52.0,0.0,40.0,12.0,5.5,52.0,A
367776660,2024-12-31T16:41:58,20.06744,-155.89242,2.8,122.3,129.0,MOUNT BAKER,IMO9822906,WDJ6673,52.0,0.0,40.0,12.0,5.5,52.0,A
367776660,2024-12-31T16:49:58,20.06395,-155.88626,3.8,112.5,114.0,MOUNT BAKER,IMO9822906,WDJ6673,52.0,0.0,40.0,12.0,5.5,52.0,A
367776660,2024-12-31T16:50:59,20.06357,-155.88518,3.8,110.3,115.0,MOUNT BAKER,IMO9822906,WDJ6673,52.0,0.0,40.0,12.0,5.5,52.0,A
367776660,2024-12-31T16:52:08,20.06314,-155.88396,3.9,111.6,115.0,MOUNT BAKER,IMO9822906,WDJ6673,52.0,0.0,40.0,12.0,5.5,52.0,A
367776660,2024-12-31T16:56:48,20.0611,-155.879,4.0,113.5,116.0,MOUNT BAKER,IMO9822906,WDJ6673,52.0,0.0,40.0,12.0,5.5,52.0,A
367776660,2024-12-31T16:55:38,20.06161,-155.88027,4.1,113.3,115.0,MOUNT BAKER,IMO9822906,WDJ6673,52.0,0.0,40.0,12.0,5.5,52.0,A
367776660,2024-12-31T16:59:08,20.06,-155.8764,3.7,112.7,116.0,MOUNT BAKER,IMO9822906,WDJ6673,52.0,0.0,40.0,12.0,5.5,52.0,A
367776660,2024-12-31T16:57:58,20.06057,-155.87769,4.2,113.7,115.0,MOUNT BAKER,IMO9822906,WDJ6673,52.0,0.0,40.0,12.0,5.5,52.0,A
367776660,2024-12-31T16:53:18,20.06264,-155.88273,3.9,112.6,115.0,MOUNT BAKER,IMO9822906,WDJ6673,52.0,0.0,40.0,12.0,5.5,52.0,A
367776660,2024-12-31T15:22:57,20.11233,-155.95585,3.1,142.4,145.0,MOUNT BAKER,IMO9822906,WDJ6673,52.0,0.0,40.0,12.0,5.5,52.0,A
367776660,2024-12-31T17:02:27,20.05869,-155.87306,4.2,113.5,116.0,MOUNT BAKER,IMO9822906,WDJ6673,52.0,0.0,40.0,12.0,5.5,52.0,A
367776660,2024-12-31T17:01:18,20.05917,-155.87424,3.7,111.9,116.0,MOUNT BAKER,IMO9822906,WDJ6673,52.0,0.0,40.0,12.0,5.5,52.0,A
367776660,2024-12-31T17:04:38,20.0576,-155.87049,4.5,115.9,118.0,MOUNT BAKER,IMO9822906,WDJ6673,52.0,0.0,40.0,12.0,5.5,52.0,A
367776660,2024-12-31T17:07:00,20.05595,-155.86718,6.7,118.9,119.0,MOUNT BAKER,IMO9822906,WDJ6673,52.0,0.0,40.0,12.0,5.5,52.0,A
367776660,2024-12-31T17:08:07,20.05487,-155.86513,7.4,119.0,118.0,MOUNT BAKER,IMO9822906,WDJ6673,52.0,0.0,40.0,12.0,5.5,52.0,A
367776660,2024-12-31T17:09:11,20.05377,-155.86306,7.5,119.0,119.0,MOUNT BAKER,IMO9822906,WDJ6673,52.0,0.0,40.0,12.0,5.5,52.0,A
367776660,2024-12-31T15:32:19,20.10566,-155.95039,3.3,143.2,145.0,MOUNT BAKER,IMO9822906,WDJ6673,52.0,0.0,40.0,12.0,5.5,52.0,A
367776660,2024-12-31T17:10:15,20.05268,-155.86097,7.6,119.5,120.0,MOUNT BAKER,IMO9822906,WDJ6673,52.0,0.0,40.0,12.0,5.5,52.0,A
367776660,2024-12-31T17:05:57,20.05681,-155.86887,5.2,117.8,118.0,MOUNT BAKER,IMO9822906,WDJ6673,52.0,0.0,40.0,12.0,5.5,52.0,A
367776660,2024-12-31T15:34:24,20.10402,-155.94905,3.9,144.2,145.0,MOUNT BAKER,IMO9822906,WDJ6673,52.0,0.0,40.0,12.0,5.5,52.0,A
367776660,2024-12-31T17:11:17,20.05157,-155.85903,7.6,120.4,121.0,MOUNT BAKER,IMO9822906,WDJ6673,52.0,0.0,40.0,12.0,5.5,52.0,A
367776660,2024-12-31T17:12:20,20.05043,-155.85695,7.6,120.8,119.0,MOUNT BAKER,IMO9822906,WDJ6673,52.0,0.0,40.0,12.0,5.5,52.0,A
367776660,2024-12-31T15:37:50,20.10181,-155.94734,2.9,141.5,146.0,MOUNT BAKER,IMO9822906,WDJ6673,52.0,0.0,40.0,12.0,5.5,52.0,A
367776660,2024-12-31T17:15:57,20.04678,-155.84975,7.7,117.9,118.0,MOUNT BAKER,IMO9822906,WDJ6673,52.0,0.0,40.0,12.0,5.5,52.0,A
367776660,2024-12-31T17:14:29,20.04821,-155.85269,7.7,117.9,117.0,MOUNT BAKER,IMO9822906,WDJ6673,52.0,0.0,40.0,12.0,5.5,52.0,A
367776660,2024-12-31T17:16:58,20.04573,-155.84768,7.8,118.2,119.0,MOUNT BAKER,IMO9822906,WDJ6673,52.0,0.0,40.0,12.0,5.5,52.0,A
367776660,2024-12-31T17:18:08,20.04452,-155.84531,7.8,117.5,117.0,MOUNT BAKER,IMO9822906,WDJ6673,52.0,0.0,40.0,12.0,5.5,52.0,A
367776660,2024-12-31T17:22:23,20.04092,-155.83821,6.0,120.2,121.0,MOUNT BAKER,IMO9822906,WDJ6673,52.0,0.0,40.0,12.0,5.5,52.0,A
367776660,2024-12-31T15:47:48,20.09558,-155.94015,3.8,129.0,134.0,MOUNT BAKER,IMO9822906,WDJ6673,52.0,0.0,40.0,12.0,5.5,52.0,A
367776660,2024-12-31T17:19:16,20.04347,-155.84323,6.5,118.7,118.0,MOUNT BAKER,IMO9822906,WDJ6673,52.0,0.0,40.0,12.0,5.5,52.0,A
367776660,2024-12-31T17:20:17,20.04262,-155.84146,6.9,116.8,116.0,MOUNT BAKER,IMO9822906,WDJ6673,52.0,0.0,40.0,12.0,5.5,52.0,A
367776660,2024-12-31T17:26:47,20.03776,-155.83263,4.8,126.9,132.0,MOUNT BAKER,IMO9822906,WDJ6673,52.0,0.0,40.0,12.0,5.5,52.0,A
367776660,2024-12-31T17:25:40,20.03845,-155.83387,5.1,120.5,119.0,MOUNT BAKER,IMO9822906,WDJ6673,52.0,0.0,40.0,12.0,5.5,52.0,A
367776660,2024-12-31T17:27:50,20.03721,-155.83156,2.8,77.3,15.0,MOUNT BAKER,IMO9822906,WDJ6673,52.0,0.0,40.0,12.0,5.5,52.0,A
367776660,2024-12-31T17:24:37,20.03919,-155.83524,5.5,119.8,117.0,MOUNT BAKER,IMO9822906,WDJ6673,52.0,0.0,40.0,12.0,5.5,52.0,A
367776660,2024-12-31T17:28:55,20.03693,-155.83104,3.9,139.2,309.0,MOUNT BAKER,IMO9822906,WDJ6673,52.0,0.0,40.0,12.0,5.5,52.0,A
367776660,2024-12-31T17:31:07,20.03612,-155.82973,0.5,91.8,258.0,MOUNT BAKER,IMO9822906,WDJ6673,52.0,0.0,40.0,12.0,5.5,52.0,A
367776660,2024-12-31T17:33:17,20.03583,-155.82977,0.8,150.0,166.0,MOUNT BAKER,IMO9822906,WDJ6673,52.0,0.0,40.0,12.0,5.5,52.0,A
367776660,2024-12-31T17:32:14,20.03595,-155.82983,0.1,113.7,215.0,MOUNT BAKER,IMO9822906,WDJ6673,52.0,0.0,40.0,12.0,5.5,52.0,A
367776660,2024-12-31T17:34:20,20.0357,-155.82948,1.0,93.1,144.0,MOUNT BAKER,IMO9822906,WDJ6673,52.0,0.0,40.0,12.0,5.5,52.0,A
367776660,2024-12-31T17:36:37,20.0357,-155.82906,0.3,101.5,136.0,MOUNT BAKER,IMO9822906,WDJ6673,52.0,0.0,40.0,12.0,5.5,52.0,A
367776660,2024-12-31T17:37:48,20.03566,-155.82904,0.2,134.4,137.0,MOUNT BAKER,IMO9822906,WDJ6673,52.0,0.0,40.0,12.0,5.5,52.0,A
367776660,2024-12-31T17:38:57,20.03568,-155.82902,0.1,134.4,137.0,MOUNT BAKER,IMO9822906,WDJ6673,52.0,0.0,40.0,12.0,5.5,52.0,A
367776660,2024-12-31T17:35:28,20.0357,-155.8292,0.7,87.9,137.0,MOUNT BAKER,IMO9822906,WDJ6673,52.0,0.0,40.0,12.0,5.5,52.0,A
367776660,2024-12-31T17:40:37,20.03564,-155.82902,0.0,134.4,137.0,MOUNT BAKER,IMO9822906,WDJ6673,52.0,0.0,40.0,12.0,5.5,52.0,A
367776660,2024-12-31T17:41:48,20.03568,-155.829,0.0,134.4,137.0,MOUNT BAKER,IMO9822906,WDJ6673,52.0,0.0,40.0,12.0,5.5,52.0,A
367776660,2024-12-31T17:42:57,20.03565,-155.82896,0.0,134.4,137.0,MOUNT BAKER,IMO9822906,WDJ6673,52.0,0.0,40.0,12.0,5.5,52.0,A
367776660,2024-12-31T17:44:04,20.03566,-155.82896,0.0,134.4,136.0,MOUNT BAKER,IMO9822906,WDJ6673,52.0,0.0,40.0,12.0,5.5,52.0,A
367776660,2024-12-31T17:45:06,20.03568,-155.82899,0.0,134.4,133.0,MOUNT BAKER,IMO9822906,WDJ6673,52.0,0.0,40.0,12.0,5.5,52.0,A
367776660,2024-12-31T17:50:20,20.03629,-155.82918,0.2,45.7,324.0,MOUNT BAKER,IMO9822906,WDJ6673,52.0,0.0,40.0,12.0,5.5,52.0,A
367776660,2024-12-31T17:52:37,20.03625,-155.8292,0.0,45.7,321.0,MOUNT BAKER,IMO9822906,WDJ6673,52.0,0.0,40.0,12.0,5.5,52.0,A
367776660,2024-12-31T17:47:12,20.03572,-155.82933,0.9,355.6,248.0,MOUNT BAKER,IMO9822906,WDJ6673,52.0,0.0,40.0,12.0,5.5,52.0,A
367776660,2024-12-31T16:15:18,20.08024,-155.91366,3.8,123.1,125.0,MOUNT BAKER,IMO9822906,WDJ6673,52.0,0.0,40.0,12.0,5.5,52.0,A
367776660,2024-12-31T17:48:15,20.03597,-155.82941,0.6,3.3,332.0,MOUNT BAKER,IMO9822906,WDJ6673,52.0,0.0,40.0,12.0,5.5,52.0,A
367776660,2024-12-31T17:51:25,20.03634,-155.82918,0.0,45.7,320.0,MOUNT BAKER,IMO9822906,WDJ6673,52.0,0.0,40.0,12.0,5.5,52.0,A
367776660,2024-12-31T18:00:52,20.03641,-155.8292,0.0,45.7,319.0,MOUNT BAKER,IMO9822906,WDJ6673,52.0,5.0,40.0,12.0,5.5,52.0,A
367776660,2024-12-31T02:45:17,21.0866,-157.36593,9.0,130.7,121.0,MOUNT BAKER,IMO9822906,WDJ6673,52.0,0.0,40.0,12.0,5.5,52.0,A
367776660,2024-12-31T02:46:24,21.08478,-157.36368,9.0,132.2,122.0,MOUNT BAKER,IMO9822906,WDJ6673,52.0,0.0,40.0,12.0,5.5,52.0,A
367776660,2024-12-31T18:09:54,20.03627,-155.82918,0.0,45.7,318.0,MOUNT BAKER,IMO9822906,WDJ6673,52.0,5.0,40.0,12.0,5.5,52.0,A
367776660,2024-12-31T18:15:54,20.03628,-155.82917,0.0,45.7,318.0,MOUNT BAKER,IMO9822906,WDJ6673,52.0,5.0,40.0,12.0,5.5,52.0,A
367776660,2024-12-31T16:33:18,20.07053,-155.89787,2.9,123.2,129.0,MOUNT BAKER,IMO9822906,WDJ6673,52.0,0.0,40.0,12.0,5.5,52.0,A
367776660,2024-12-31T18:18:55,20.03629,-155.82917,0.0,45.7,317.0,MOUNT BAKER,IMO9822906,WDJ6673,52.0,5.0,40.0,12.0,5.5,52.0,A
367776660,2024-12-31T16:37:26,20.06928,-155.89543,2.3,119.6,129.0,MOUNT BAKER,IMO9822906,WDJ6673,52.0,0.0,40.0,12.0,5.5,52.0,A
367776660,2024-12-31T18:21:54,20.03629,-155.82913,0.0,45.7,318.0,MOUNT BAKER,IMO9822906,WDJ6673,52.0,5.0,40.0,12.0,5.5,52.0,A
367776660,2024-12-31T18:27:53,20.0363,-155.82914,0.0,45.7,318.0,MOUNT BAKER,IMO9822906,WDJ6673,52.0,5.0,40.0,12.0,5.5,52.0,A
367776660,2024-12-31T18:33:52,20.03628,-155.82913,0.0,45.7,319.0,MOUNT BAKER,IMO9822906,WDJ6673,52.0,5.0,40.0,12.0,5.5,52.0,A
367776660,2024-12-31T18:36:53,20.03636,-155.82902,0.0,45.7,320.0,MOUNT BAKER,IMO9822906,WDJ6673,52.0,5.0,40.0,12.0,5.5,52.0,A
367776660,2024-12-31T16:48:54,20.0644,-155.88736,3.6,116.2,117.0,MOUNT BAKER,IMO9822906,WDJ6673,52.0,0.0,40.0,12.0,5.5,52.0,A
367776660,2024-12-31T18:42:52,20.03643,-155.82902,0.0,45.7,317.0,MOUNT BAKER,IMO9822906,WDJ6673,52.0,5.0,40.0,12.0,5.5,52.0,A
367776660,2024-12-31T16:54:28,20.06215,-155.8815,3.9,113.4,116.0,MOUNT BAKER,IMO9822906,WDJ6673,52.0,0.0,40.0,12.0,5.5,52.0,A
367776660,2024-12-31T17:00:08,20.05962,-155.87543,3.7,112.0,115.0,MOUNT BAKER,IMO9822906,WDJ6673,52.0,0.0,40.0,12.0,5.5,52.0,A
367776660,2024-12-31T18:51:58,20.03636,-155.82905,0.0,45.7,319.0,MOUNT BAKER,IMO9822906,WDJ6673,52.0,5.0,40.0,12.0,5.5,52.0,A
367776660,2024-12-31T18:54:55,20.03635,-155.82914,0.0,45.7,317.0,MOUNT BAKER,IMO9822906,WDJ6673,52.0,5.0,40.0,12.0,5.5,52.0,A
367776660,2024-12-31T18:57:57,20.03632,-155.82913,0.0,45.7,321.0,MOUNT BAKER,IMO9822906,WDJ6673,52.0,5.0,40.0,12.0,5.5,52.0,A
367776660,2024-12-31T19:06:54,20.0363,-155.82918,0.0,45.7,319.0,MOUNT BAKER,IMO9822906,WDJ6673,52.0,5.0,40.0,12.0,5.5,52.0,A
367776660,2024-12-31T17:13:26,20.04925,-155.85481,7.7,119.5,118.0,MOUNT BAKER,IMO9822906,WDJ6673,52.0,0.0,40.0,12.0,5.5,52.0,A
367776660,2024-12-31T19:12:53,20.03631,-155.82917,0.0,45.7,320.0,MOUNT BAKER,IMO9822906,WDJ6673,52.0,5.0,40.0,12.0,5.5,52.0,A
367776660,2024-12-31T19:18:53,20.03634,-155.82921,0.0,45.7,320.0,MOUNT BAKER,IMO9822906,WDJ6673,52.0,5.0,40.0,12.0,5.5,52.0,A
367776660,2024-12-31T02:59:18,21.06493,-157.33689,9.0,122.9,121.0,MOUNT BAKER,IMO9822906,WDJ6673,52.0,0.0,40.0,12.0,5.5,52.0,A
367776660,2024-12-31T19:21:59,20.03635,-155.82917,0.0,45.7,317.0,MOUNT BAKER,IMO9822906,WDJ6673,52.0,5.0,40.0,12.0,5.5,52.0,A
367776660,2024-12-31T17:23:34,20.0399,-155.83649,5.1,120.8,120.0,MOUNT BAKER,IMO9822906,WDJ6673,52.0,0.0,40.0,12.0,5.5,52.0,A
367776660,2024-12-31T19:27:58,20.03635,-155.82915,0.0,45.7,321.0,MOUNT BAKER,IMO9822906,WDJ6673,52.0,5.0,40.0,12.0,5.5,52.0,A
367776660,2024-12-31T19:30:54,20.03637,-155.82914,0.0,45.7,318.0,MOUNT BAKER,IMO9822906,WDJ6673,52.0,5.0,40.0,12.0,5.5,52.0,A
367776660,2024-12-31T19:36:54,20.03635,-155.82914,0.0,45.7,319.0,MOUNT BAKER,IMO9822906,WDJ6673,52.0,5.0,40.0,12.0,5.5,52.0,A
367776660,2024-12-31T19:42:52,20.03635,-155.82916,0.0,45.7,319.0,MOUNT BAKER,IMO9822906,WDJ6673,52.0,5.0,40.0,12.0,5.5,52.0,A
367776660,2024-12-31T19:45:50,20.03638,-155.82913,0.0,45.7,318.0,MOUNT BAKER,IMO9822906,WDJ6673,52.0,5.0,40.0,12.0,5.5,52.0,A
367776660,2024-12-31T17:46:08,20.03553,-155.82913,0.7,238.3,163.0,MOUNT BAKER,IMO9822906,WDJ6673,52.0,0.0,40.0,12.0,5.5,52.0,A
367776660,2024-12-31T19:48:54,20.03635,-155.82918,0.0,45.7,320.0,MOUNT BAKER,IMO9822906,WDJ6673,52.0,5.0,40.0,12.0,5.5,52.0,A
367776660,2024-12-31T17:49:17,20.03632,-155.82934,0.9,22.6,311.0,MOUNT BAKER,IMO9822906,WDJ6673,52.0,0.0,40.0,12.0,5.5,52.0,A
367776660,2024-12-31T19:54:53,20.03634,-155.82915,0.0,45.7,319.0,MOUNT BAKER,IMO9822906,WDJ6673,52.0,5.0,40.0,12.0,5.5,52.0,A
367776660,2024-12-31T17:53:48,20.03628,-155.82918,0.0,45.7,318.0,MOUNT BAKER,IMO9822906,WDJ6673,52.0,0.0,40.0,12.0,5.5,52.0,A
367776660,2024-12-31T20:00:55,20.03635,-155.82915,0.0,45.7,320.0,MOUNT BAKER,IMO9822906,WDJ6673,52.0,5.0,40.0,12.0,5.5,52.0,A
367776660,2024-12-31T19:57:54,20.03633,-155.82917,0.0,45.7,317.0,MOUNT BAKER,IMO9822906,WDJ6673,52.0,5.0,40.0,12.0,5.5,52.0,A
367776660,2024-12-31T17:54:58,20.03631,-155.82919,0.0,45.7,318.0,MOUNT BAKER,IMO9822906,WDJ6673,52.0,5.0,40.0,12.0,5.5,52.0,A
367776660,2024-12-31T18:03:52,20.03633,-155.8292,0.0,45.7,318.0,MOUNT BAKER,IMO9822906,WDJ6673,52.0,5.0,40.0,12.0,5.5,52.0,A
367776660,2024-12-31T20:09:52,20.03635,-155.82917,0.0,45.7,320.0,MOUNT BAKER,IMO9822906,WDJ6673,52.0,5.0,40.0,12.0,5.5,52.0,A
367776660,2024-12-31T20:06:57,20.03633,-155.82916,0.0,45.7,320.0,MOUNT BAKER,IMO9822906,WDJ6673,52.0,5.0,40.0,12.0,5.5,52.0,A
367776660,2024-12-31T18:06:53,20.03628,-155.8292,0.0,45.7,318.0,MOUNT BAKER,IMO9822906,WDJ6673,52.0,5.0,40.0,12.0,5.5,52.0,A
367776660,2024-12-31T20:12:55,20.03637,-155.82915,0.0,45.7,320.0,MOUNT BAKER,IMO9822906,WDJ6673,52.0,5.0,40.0,12.0,5.5,52.0,A
367776660,2024-12-31T20:18:55,20.03634,-155.82913,0.0,45.7,320.0,MOUNT BAKER,IMO9822906,WDJ6673,52.0,5.0,40.0,12.0,5.5,52.0,A
367776660,2024-12-31T20:21:56,20.03635,-155.82916,0.0,45.7,320.0,MOUNT BAKER,IMO9822906,WDJ6673,52.0,5.0,40.0,12.0,5.5,52.0,A
367776660,2024-12-31T20:30:56,20.03635,-155.82916,0.0,45.7,321.0,MOUNT BAKER,IMO9822906,WDJ6673,52.0,5.0,40.0,12.0,5.5,52.0,A
367776660,2024-12-31T20:33:57,20.03633,-155.82916,0.0,45.7,320.0,MOUNT BAKER,IMO9822906,WDJ6673,52.0,5.0,40.0,12.0,5.5,52.0,A
367776660,2024-12-31T20:39:56,20.03633,-155.82914,0.0,45.7,320.0,MOUNT BAKER,IMO9822906,WDJ6673,52.0,5.0,40.0,12.0,5.5,52.0,A
367776660,2024-12-31T20:42:58,20.03634,-155.82915,0.0,45.7,318.0,MOUNT BAKER,IMO9822906,WDJ6673,52.0,5.0,40.0,12.0,5.5,52.0,A
367776660,2024-12-31T20:48:56,20.03634,-155.82914,0.0,45.7,320.0,MOUNT BAKER,IMO9822906,WDJ6673,52.0,5.0,40.0,12.0,5.5,52.0,A
367776660,2024-12-31T20:45:54,20.03636,-155.82913,0.0,45.7,320.0,MOUNT BAKER,IMO9822906,WDJ6673,52.0,5.0,40.0,12.0,5.5,52.0,A
367776660,2024-12-31T18:45:56,20.03636,-155.82916,0.0,45.7,320.0,MOUNT BAKER,IMO9822906,WDJ6673,52.0,5.0,40.0,12.0,5.5,52.0,A
367776660,2024-12-31T20:57:56,20.03634,-155.82914,0.0,45.7,321.0,MOUNT BAKER,IMO9822906,WDJ6673,52.0,5.0,40.0,12.0,5.5,52.0,A
367776660,2024-12-31T21:00:58,20.03636,-155.82917,0.0,45.7,318.0,MOUNT BAKER,IMO9822906,WDJ6673,52.0,5.0,40.0,12.0,5.5,52.0,A
367776660,2024-12-31T21:03:54,20.03634,-155.82916,0.0,45.7,318.0,MOUNT BAKER,IMO9822906,WDJ6673,52.0,5.0,40.0,12.0,5.5,52.0,A
367776660,2024-12-31T19:00:56,20.03632,-155.82916,0.0,45.7,318.0,MOUNT BAKER,IMO9822906,WDJ6673,52.0,5.0,40.0,12.0,5.5,52.0,A
367776660,2024-12-31T21:13:00,20.03632,-155.8292,0.0,45.7,318.0,MOUNT BAKER,IMO9822906,WDJ6673,52.0,5.0,40.0,12.0,5.5,52.0,A
367776660,2024-12-31T21:21:59,20.03632,-155.82917,0.0,45.7,319.0,MOUNT BAKER,IMO9822906,WDJ6673,52.0,5.0,40.0,12.0,5.5,52.0,A
367776660,2024-12-31T19:15:57,20.03633,-155.82917,0.0,45.7,318.0,MOUNT BAKER,IMO9822906,WDJ6673,52.0,5.0,40.0,12.0,5.5,52.0,A
367776660,2024-12-31T21:30:59,20.03625,-155.82922,0.0,45.7,317.0,MOUNT BAKER,IMO9822906,WDJ6673,52.0,5.0,40.0,12.0,5.5,52.0,A
367776660,2024-12-31T21:24:59,20.03631,-155.82915,0.0,45.7,317.0,MOUNT BAKER,IMO9822906,WDJ6673,52.0,5.0,40.0,12.0,5.5,52.0,A
367776660,2024-12-31T19:33:59,20.03635,-155.82915,0.0,45.7,316.0,MOUNT BAKER,IMO9822906,WDJ6673,52.0,5.0,40.0,12.0,5.5,52.0,A
367776660,2024-12-31T21:40:00,20.03632,-155.82913,0.0,45.7,317.0,MOUNT BAKER,IMO9822906,WDJ6673,52.0,5.0,40.0,12.0,5.5,52.0,A
367776660,2024-12-31T21:33:59,20.03632,-155.82915,0.0,45.7,318.0,MOUNT BAKER,IMO9822906,WDJ6673,52.0,5.0,40.0,12.0,5.5,52.0,A
367776660,2024-12-31T21:42:59,20.03633,-155.82912,0.0,45.7,319.0,MOUNT BAKER,IMO9822906,WDJ6673,52.0,5.0,40.0,12.0,5.5,52.0,A
367776660,2024-12-31T21:36:59,20.03636,-155.82903,0.0,45.7,319.0,MOUNT BAKER,IMO9822906,WDJ6673,52.0,5.0,40.0,12.0,5.5,52.0,A
367776660,2024-12-31T21:49:01,20.03631,-155.82916,0.0,45.7,317.0,MOUNT BAKER,IMO9822906,WDJ6673,52.0,5.0,40.0,12.0,5.5,52.0,A
367776660,2024-12-31T21:57:53,20.03634,-155.82912,0.0,45.7,320.0,MOUNT BAKER,IMO9822906,WDJ6673,52.0,5.0,40.0,12.0,5.5,52.0,A
367776660,2024-12-31T22:09:53,20.03637,-155.82912,0.0,45.7,319.0,MOUNT BAKER,IMO9822906,WDJ6673,52.0,5.0,40.0,12.0,5.5,52.0,A
367776660,2024-12-31T22:06:59,20.03635,-155.82916,0.0,45.7,317.0,MOUNT BAKER,IMO9822906,WDJ6673,52.0,5.0,40.0,12.0,5.5,52.0,A
367776660,2024-12-31T22:19:01,20.03639,-155.82913,0.0,45.7,319.0,MOUNT BAKER,IMO9822906,WDJ6673,52.0,5.0,40.0,12.0,5.5,52.0,A
367776660,2024-12-31T22:21:56,20.03641,-155.82908,0.0,45.7,317.0,MOUNT BAKER,IMO9822906,WDJ6673,52.0,5.0,40.0,12.0,5.5,52.0,A
367776660,2024-12-31T22:27:57,20.0364,-155.82914,0.0,45.7,318.0,MOUNT BAKER,IMO9822906,WDJ6673,52.0,5.0,40.0,12.0,5.5,52.0,A
367776660,2024-12-31T22:15:56,20.03639,-155.82912,0.0,45.7,318.0,MOUNT BAKER,IMO9822906,WDJ6673,52.0,5.0,40.0,12.0,5.5,52.0,A
367776660,2024-12-31T22:33:56,20.03643,-155.82915,0.0,45.7,319.0,MOUNT BAKER,IMO9822906,WDJ6673,52.0,5.0,40.0,12.0,5.5,52.0,A
367776660,2024-12-31T22:31:01,20.03639,-155.82913,0.0,45.7,318.0,MOUNT BAKER,IMO9822906,WDJ6673,52.0,5.0,40.0,12.0,5.5,52.0,A
367776660,2024-12-31T22:36:51,20.03641,-155.82915,0.0,45.7,318.0,MOUNT BAKER,IMO9822906,WDJ6673,52.0,5.0,40.0,12.0,5.5,52.0,A
367776660,2024-12-31T03:20:05,21.04767,-157.28743,9.0,105.5,107.0,MOUNT BAKER,IMO9822906,WDJ6673,52.0,0.0,40.0,12.0,5.5,52.0,A
367776660,2024-12-31T22:39:55,20.03638,-155.82915,0.0,45.7,320.0,MOUNT BAKER,IMO9822906,WDJ6673,52.0,5.0,40.0,12.0,5.5,52.0,A
367776660,2024-12-31T22:48:57,20.03639,-155.82918,0.0,45.7,321.0,MOUNT BAKER,IMO9822906,WDJ6673,52.0,5.0,40.0,12.0,5.5,52.0,A
367776660,2024-12-31T22:51:57,20.03641,-155.82917,0.0,45.7,317.0,MOUNT BAKER,IMO9822906,WDJ6673,52.0,5.0,40.0,12.0,5.5,52.0,A
367776660,2024-12-31T22:54:57,20.03638,-155.82917,0.0,45.7,318.0,MOUNT BAKER,IMO9822906,WDJ6673,52.0,5.0,40.0,12.0,5.5,52.0,A
367776660,2024-12-31T22:57:58,20.03637,-155.82918,0.0,45.7,320.0,MOUNT BAKER,IMO9822906,WDJ6673,52.0,5.0,40.0,12.0,5.5,52.0,A
367776660,2024-12-31T23:00:58,20.03639,-155.82916,0.0,45.7,319.0,MOUNT BAKER,IMO9822906,WDJ6673,52.0,5.0,40.0,12.0,5.5,52.0,A
367776660,2024-12-31T23:03:58,20.03641,-155.82913,0.0,45.7,321.0,MOUNT BAKER,IMO9822906,WDJ6673,52.0,5.0,40.0,12.0,5.5,52.0,A
367776660,2024-12-31T23:13:00,20.03637,-155.82916,0.0,45.7,318.0,MOUNT BAKER,IMO9822906,WDJ6673,52.0,5.0,40.0,12.0,5.5,52.0,A
367776660,2024-12-31T23:15:57,20.03637,-155.82916,0.0,45.7,320.0,MOUNT BAKER,IMO9822906,WDJ6673,52.0,5.0,40.0,12.0,5.5,52.0,A
367776660,2024-12-31T03:25:48,21.04402,-157.27293,8.9,104.1,103.0,MOUNT BAKER,IMO9822906,WDJ6673,52.0,0.0,40.0,12.0,5.5,52.0,A
367776660,2024-12-31T21:06:59,20.03634,-155.82915,0.0,45.7,319.0,MOUNT BAKER,IMO9822906,WDJ6673,52.0,5.0,40.0,12.0,5.5,52.0,A
367776660,2024-12-31T23:21:56,20.03639,-155.82916,0.0,45.7,320.0,MOUNT BAKER,IMO9822906,WDJ6673,52.0,5.0,40.0,12.0,5.5,52.0,A
367776660,2024-12-31T23:30:57,20.03641,-155.82916,0.0,45.7,318.0,MOUNT BAKER,IMO9822906,WDJ6673,52.0,5.0,40.0,12.0,5.5,52.0,A
367776660,2024-12-31T23:27:56,20.03636,-155.82915,0.0,45.7,321.0,MOUNT BAKER,IMO9822906,WDJ6673,52.0,5.0,40.0,12.0,5.5,52.0,A
367776660,2024-12-31T21:15:57,20.03631,-155.82914,0.0,45.7,320.0,MOUNT BAKER,IMO9822906,WDJ6673,52.0,5.0,40.0,12.0,5.5,52.0,A
367776660,2024-12-31T03:26:57,21.0433,-157.27001,9.0,103.6,102.0,MOUNT BAKER,IMO9822906,WDJ6673,52.0,0.0,40.0,12.0,5.5,52.0,A
367776660,2024-12-31T21:18:59,20.0363,-155.82918,0.0,45.7,318.0,MOUNT BAKER,IMO9822906,WDJ6673,52.0,5.0,40.0,12.0,5.5,52.0,A
367776660,2024-12-31T23:36:56,20.03639,-155.82916,0.0,45.7,319.0,MOUNT BAKER,IMO9822906,WDJ6673,52.0,5.0,40.0,12.0,5.5,52.0,A
367776660,2024-12-31T23:48:54,20.03638,-155.82919,0.0,45.7,319.0,MOUNT BAKER,IMO9822906,WDJ6673,52.0,5.0,40.0,12.0,5.5,52.0,A
367776660,2024-12-31T23:51:56,20.03639,-155.82915,0.0,45.7,319.0,MOUNT BAKER,IMO9822906,WDJ6673,52.0,5.0,40.0,12.0,5.5,52.0,A
367776660,2024-12-31T23:54:56,20.03639,-155.82916,0.0,45.7,321.0,MOUNT BAKER,IMO9822906,WDJ6673,52.0,5.0,40.0,12.0,5.5,52.0,A
367776660,2024-12-31T03:32:27,21.04043,-157.25584,8.9,102.5,100.0,MOUNT BAKER,IMO9822906,WDJ6673,52.0,0.0,40.0,12.0,5.5,52.0,A
367776660,2024-12-31T03:40:48,21.03609,-157.23415,9.0,101.4,99.0,MOUNT BAKER,IMO9822906,WDJ6673,52.0,0.0,40.0,12.0,5.5,52.0,A
367776660,2024-12-31T03:47:24,21.0327,-157.21679,9.1,102.4,98.0,MOUNT BAKER,IMO9822906,WDJ6673,52.0,0.0,40.0,12.0,5.5,52.0,A
367776660,2024-12-31T22:01:01,20.03636,-155.82914,0.0,45.7,320.0,MOUNT BAKER,IMO9822906,WDJ6673,52.0,5.0,40.0,12.0,5.5,52.0,A
367776660,2024-12-31T22:03:54,20.03638,-155.82915,0.0,45.7,318.0,MOUNT BAKER,IMO9822906,WDJ6673,52.0,5.0,40.0,12.0,5.5,52.0,A
367776660,2024-12-31T04:12:47,21.02102,-157.15192,8.4,101.9,100.0,MOUNT BAKER,IMO9822906,WDJ6673,52.0,0.0,40.0,12.0,5.5,52.0,A
367776660,2024-12-31T04:20:47,21.01756,-157.13234,8.4,101.3,100.0,MOUNT BAKER,IMO9822906,WDJ6673,52.0,0.0,40.0,12.0,5.5,52.0,A
367776660,2024-12-31T04:26:37,21.015,-157.11827,8.4,100.9,98.0,MOUNT BAKER,IMO9822906,WDJ6673,52.0,0.0,40.0,12.0,5.5,52.0,A
367776660,2024-12-31T04:27:47,21.01454,-157.11539,8.4,100.3,99.0,MOUNT BAKER,IMO9822906,WDJ6673,52.0,0.0,40.0,12.0,5.5,52.0,A
367776660,2024-12-31T04:31:18,21.01302,-157.10671,8.5,101.2,99.0,MOUNT BAKER,IMO9822906,WDJ6673,52.0,0.0,40.0,12.0,5.5,52.0,A
367776660,2024-12-31T04:33:37,21.01197,-157.10099,8.5,100.5,98.0,MOUNT BAKER,IMO9822906,WDJ6673,52.0,0.0,40.0,12.0,5.5,52.0,A
367776660,2024-12-31T04:42:47,21.00799,-157.07798,8.5,101.0,99.0,MOUNT BAKER,IMO9822906,WDJ6673,52.0,0.0,40.0,12.0,5.5,52.0,A
367776660,2024-12-31T05:08:08,20.997,-157.01498,8.5,101.3,97.0,MOUNT BAKER,IMO9822906,WDJ6673,52.0,0.0,40.0,12.0,5.5,52.0,A
367776660,2024-12-31T05:13:47,20.99432,-157.00092,8.7,101.5,99.0,MOUNT BAKER,IMO9822906,WDJ6673,52.0,0.0,40.0,12.0,5.5,52.0,A
367776660,2024-12-31T23:09:57,20.03641,-155.82911,0.0,45.7,317.0,MOUNT BAKER,IMO9822906,WDJ6673,52.0,5.0,40.0,12.0,5.5,52.0,A
367776660,2024-12-31T05:19:28,20.99197,-156.98657,8.6,99.5,97.0,MOUNT BAKER,IMO9822906,WDJ6673,52.0,0.0,40.0,12.0,5.5,52.0,A
367776660,2024-12-31T23:24:51,20.03639,-155.82916,0.0,45.7,320.0,MOUNT BAKER,IMO9822906,WDJ6673,52.0,5.0,40.0,12.0,5.5,52.0,A
367776660,2024-12-31T05:34:27,20.98631,-156.94886,8.6,98.6,98.0,MOUNT BAKER,IMO9822906,WDJ6673,52.0,0.0,40.0,12.0,5.5,52.0,A
367776660,2024-12-31T23:39:56,20.03638,-155.82915,0.0,45.7,318.0,MOUNT BAKER,IMO9822906,WDJ6673,52.0,5.0,40.0,12.0,5.5,52.0,A
367776660,2024-12-31T05:59:13,20.97466,-156.88763,8.2,109.0,109.0,MOUNT BAKER,IMO9822906,WDJ6673,52.0,0.0,40.0,12.0,5.5,52.0,A
367776660,2024-12-31T06:11:22,20.9602,-156.86211,8.4,134.9,134.0,MOUNT BAKER,IMO9822906,WDJ6673,52.0,0.0,40.0,12.0,5.5,52.0,A
367776660,2024-12-31T06:36:57,20.91767,-156.81685,8.5,135.7,134.0,MOUNT BAKER,IMO9822906,WDJ6673,52.0,0.0,40.0,12.0,5.5,52.0,A
367776660,2024-12-31T06:47:25,20.9007,-156.79845,8.3,133.1,133.0,MOUNT BAKER,IMO9822906,WDJ6673,52.0,0.0,40.0,12.0,5.5,52.0,A
367776660,2024-12-31T06:48:26,20.89908,-156.79664,8.4,133.6,134.0,MOUNT BAKER,IMO9822906,WDJ6673,52.0,0.0,40.0,12.0,5.5,52.0,A
367776660,2024-12-31T07:05:30,20.87116,-156.76805,8.0,136.3,138.0,MOUNT BAKER,IMO9822906,WDJ6673,52.0,0.0,40.0,12.0,5.5,52.0,A
367776660,2024-12-31T07:07:37,20.86768,-156.76463,8.0,136.3,139.0,MOUNT BAKER,IMO9822906,WDJ6673,52.0,0.0,40.0,12.0,5.5,52.0,A
367776660,2024-12-31T07:14:07,20.85716,-156.75349,8.2,134.5,137.0,MOUNT BAKER,IMO9822906,WDJ6673,52.0,0.0,40.0,12.0,5.5,52.0,A
367776660,2024-12-31T07:20:24,20.84683,-156.74305,8.1,137.1,140.0,MOUNT BAKER,IMO9822906,WDJ6673,52.0,0.0,40.0,12.0,5.5,52.0,A
367776660,2024-12-31T07:28:57,20.83261,-156.72932,8.2,138.3,139.0,MOUNT BAKER,IMO9822906,WDJ6673,52.0,0.0,40.0,12.0,5.5,52.0,A
367776660,2024-12-31T07:32:17,20.82679,-156.72379,8.3,138.7,140.0,MOUNT BAKER,IMO9822906,WDJ6673,52.0,0.0,40.0,12.0,5.5,52.0,A
367776660,2024-12-31T07:33:37,20.82447,-156.72165,8.3,139.5,141.0,MOUNT BAKER,IMO9822906,WDJ6673,52.0,0.0,40.0,12.0,5.5,52.0,A
367776660,2024-12-31T07:40:07,20.81315,-156.71126,8.3,139.2,139.0,MOUNT BAKER,IMO9822906,WDJ6673,52.0,0.0,40.0,12.0,5.5,52.0,A
367776660,2024-12-31T07:54:48,20.78776,-156.68586,8.5,136.9,135.0,MOUNT BAKER,IMO9822906,WDJ6673,52.0,0.0,40.0,12.0,5.5,52.0,A
367776660,2024-12-31T08:03:38,20.77278,-156.66968,9.0,133.6,135.0,MOUNT BAKER,IMO9822906,WDJ6673,52.0,0.0,40.0,12.0,5.5,52.0,A
367776660,2024-12-31T08:11:38,20.75849,-156.65445,9.1,136.9,137.0,MOUNT BAKER,IMO9822906,WDJ6673,52.0,0.0,40.0,12.0,5.5,52.0,A
367776660,2024-12-31T08:56:07,20.67336,-156.57287,9.3,137.0,134.0,MOUNT BAKER,IMO9822906,WDJ6673,52.0,0.0,40.0,12.0,5.5,52.0,A
367776660,2024-12-31T09:21:48,20.62731,-156.52402,9.1,133.9,133.0,MOUNT BAKER,IMO9822906,WDJ6673,52.0,0.0,40.0,12.0,5.5,52.0,A
367776660,2024-12-31T09:43:18,20.5892,-156.48319,8.9,137.2,135.0,MOUNT BAKER,IMO9822906,WDJ6673,52.0,0.0,40.0,12.0,5.5,52.0,A
367776660,2024-12-31T09:54:38,20.5687,-156.46363,8.6,138.7,136.0,MOUNT BAKER,IMO9822906,WDJ6673,52.0,0.0,40.0,12.0,5.5,52.0,A
367776660,2024-12-31T10:01:07,20.55717,-156.45291,8.4,138.8,135.0,MOUNT BAKER,IMO9822906,WDJ6673,52.0,0.0,40.0,12.0,5.5,52.0,A
367776660,2024-12-31T10:09:37,20.5431,-156.43878,8.1,135.6,132.0,MOUNT BAKER,IMO9822906,WDJ6673,52.0,0.0,40.0,12.0,5.5,52.0,A
367776660,2024-12-31T10:20:36,20.52652,-156.4212,7.1,133.0,128.0,MOUNT BAKER,IMO9822906,WDJ6673,52.0,0.0,40.0,12.0,5.5,52.0,A
367776660,2024-12-31T10:21:38,20.5251,-156.41957,7.3,133.2,127.0,MOUNT BAKER,IMO9822906,WDJ6673,52.0,0.0,40.0,12.0,5.5,52.0,A
367776660,2024-12-31T10:30:24,20.51287,-156.40579,7.5,133.5,126.0,MOUNT BAKER,IMO9822906,WDJ6673,52.0,0.0,40.0,12.0,5.5,52.0,A
367776660,2024-12-31T10:34:40,20.5072,-156.39895,7.3,132.0,126.0,MOUNT BAKER,IMO9822906,WDJ6673,52.0,0.0,40.0,12.0,5.5,52.0,A
367776660,2024-12-31T10:40:14,20.49994,-156.39008,6.8,128.6,122.0,MOUNT BAKER,IMO9822906,WDJ6673,52.0,0.0,40.0,12.0,5.5,52.0,A
367776660,2024-12-31T11:04:15,20.47082,-156.35098,7.1,128.3,123.0,MOUNT BAKER,IMO9822906,WDJ6673,52.0,0.0,40.0,12.0,5.5,52.0,A
367776660,2024-12-31T11:12:52,20.46076,-156.33721,6.6,129.6,122.0,MOUNT BAKER,IMO9822906,WDJ6673,52.0,0.0,40.0,12.0,5.5,52.0,A
367776660,2024-12-31T11:14:59,20.45833,-156.33387,6.7,126.6,123.0,MOUNT BAKER,IMO9822906,WDJ6673,52.0,0.0,40.0,12.0,5.5,52.0,A
367776660,2024-12-31T11:27:05,20.44361,-156.31424,7.0,127.3,123.0,MOUNT BAKER,IMO9822906,WDJ6673,52.0,0.0,40.0,12.0,5.5,52.0,A
367776660,2024-12-31T11:33:31,20.43562,-156.30389,7.1,128.5,124.0,MOUNT BAKER,IMO9822906,WDJ6673,52.0,0.0,40.0,12.0,5.5,52.0,A
367776660,2024-12-31T11:50:23,20.41541,-156.27627,6.7,133.5,124.0,MOUNT BAKER,IMO9822906,WDJ6673,52.0,0.0,40.0,12.0,5.5,52.0,A
367776660,2024-12-31T11:59:46,20.40474,-156.26145,6.3,125.3,122.0,MOUNT BAKER,IMO9822906,WDJ6673,52.0,0.0,40.0,12.0,5.5,52.0,A
367776660,2024-12-31T12:46:05,20.34361,-156.19197,6.9,134.3,125.0,MOUNT BAKER,IMO9822906,WDJ6673,52.0,0.0,40.0,12.0,5.5,52.0,A
367776660,2024-12-31T12:59:01,20.32786,-156.17184,6.6,128.9,124.0,MOUNT BAKER,IMO9822906,WDJ6673,52.0,0.0,40.0,12.0,5.5,52.0,A
367776660,2024-12-31T13:00:01,20.32673,-156.17031,6.7,128.1,123.0,MOUNT BAKER,IMO9822906,WDJ6673,52.0,0.0,40.0,12.0,5.5,52.0,A
367776660,2024-12-31T13:16:47,20.30671,-156.14344,6.9,128.3,123.0,MOUNT BAKER,IMO9822906,WDJ6673,52.0,0.0,40.0,12.0,5.5,52.0,A
367776660,2024-12-31T13:19:06,20.30381,-156.13958,7.3,129.7,123.0,MOUNT BAKER,IMO9822906,WDJ6673,52.0,0.0,40.0,12.0,5.5,52.0,A
367776660,2024-12-31T13:28:42,20.2918,-156.1235,7.2,128.0,124.0,MOUNT BAKER,IMO9822906,WDJ6673,52.0,0.0,40.0,12.0,5.5,52.0,A
367776660,2024-12-31T13:41:22,20.27582,-156.10256,7.3,129.3,125.0,MOUNT BAKER,IMO9822906,WDJ6673,52.0,0.0,40.0,12.0,5.5,52.0,A
367776660,2024-12-31T13:43:45,20.27272,-156.09869,7.2,131.4,128.0,MOUNT BAKER,IMO9822906,WDJ6673,52.0,0.0,40.0,12.0,5.5,52.0,A
367776660,2024-12-31T13:50:15,20.26381,-156.08824,7.6,141.5,135.0,MOUNT BAKER,IMO9822906,WDJ6673,52.0,0.0,40.0,12.0,5.5,52.0,A
367776660,2024-12-31T14:06:12,20.23561,-156.06582,8.2,143.0,138.0,MOUNT BAKER,IMO9822906,WDJ6673,52.0,0.0,40.0,12.0,5.5,52.0,A
367776660,2024-12-31T14:07:18,20.23359,-156.06421,8.2,143.8,138.0,MOUNT BAKER,IMO9822906,WDJ6673,52.0,0.0,40.0,12.0,5.5,52.0,A
367776660,2024-12-31T14:13:37,20.22196,-156.05511,8.3,141.5,136.0,MOUNT BAKER,IMO9822906,WDJ6673,52.0,0.0,40.0,12.0,5.5,52.0,A
367776660,2024-12-31T14:48:59,20.15464,-155.99898,9.0,140.4,138.0,MOUNT BAKER,IMO9822906,WDJ6673,52.0,0.0,40.0,12.0,5.5,52.0,A
367776660,2024-12-31T14:52:04,20.14874,-155.99373,9.0,140.8,137.0,MOUNT BAKER,IMO9822906,WDJ6673,52.0,0.0,40.0,12.0,5.5,52.0,A
367776660,2024-12-31T14:56:13,20.14081,-155.98656,9.0,139.6,140.0,MOUNT BAKER,IMO9822906,WDJ6673,52.0,0.0,40.0,12.0,5.5,52.0,A
367776660,2024-12-31T14:58:24,20.13666,-155.98272,9.0,139.1,138.0,MOUNT BAKER,IMO9822906,WDJ6673,52.0,0.0,40.0,12.0,5.5,52.0,A
367776660,2024-12-31T15:04:53,20.12492,-155.97107,8.4,135.8,136.0,MOUNT BAKER,IMO9822906,WDJ6673,52.0,0.0,40.0,12.0,5.5,52.0,A
367776660,2024-12-31T15:23:59,20.11164,-155.95524,3.2,141.4,146.0,MOUNT BAKER,IMO9822906,WDJ6673,52.0,0.0,40.0,12.0,5.5,52.0,A
367776660,2024-12-31T15:30:15,20.10718,-155.95164,3.3,142.9,146.0,MOUNT BAKER,IMO9822906,WDJ6673,52.0,0.0,40.0,12.0,5.5,52.0,A
367776660,2024-12-31T15:31:16,20.10645,-155.95102,3.3,142.7,145.0,MOUNT BAKER,IMO9822906,WDJ6673,52.0,0.0,40.0,12.0,5.5,52.0,A
367776660,2024-12-31T15:39:54,20.10054,-155.94629,2.6,140.4,147.0,MOUNT BAKER,IMO9822906,WDJ6673,52.0,0.0,40.0,12.0,5.5,52.0,A
367776660,2024-12-31T15:44:37,20.09766,-155.94288,3.7,128.1,134.0,MOUNT BAKER,IMO9822906,WDJ6673,52.0,0.0,40.0,12.0,5.5,52.0,A
367776660,2024-12-31T15:51:40,20.093,-155.93678,3.8,122.0,125.0,MOUNT BAKER,IMO9822906,WDJ6673,52.0,0.0,40.0,12.0,5.5,52.0,A
367776660,2024-12-31T15:59:20,20.089,-155.92908,3.8,118.9,124.0,MOUNT BAKER,IMO9822906,WDJ6673,52.0,0.0,40.0,12.0,5.5,52.0,A
367776660,2024-12-31T16:02:28,20.08736,-155.92597,3.9,120.6,124.0,MOUNT BAKER,IMO9822906,WDJ6673,52.0,0.0,40.0,12.0,5.5,52.0,A
367776660,2024-12-31T16:04:32,20.0863,-155.92397,3.8,119.3,124.0,MOUNT BAKER,IMO9822906,WDJ6673,52.0,0.0,40.0,12.0,5.5,52.0,A
367776660,2024-12-31T16:05:38,20.08575,-155.92288,3.9,120.8,125.0,MOUNT BAKER,IMO9822906,WDJ6673,52.0,0.0,40.0,12.0,5.5,52.0,A
367776660,2024-12-31T16:18:38,20.07833,-155.91055,3.8,122.3,127.0,MOUNT BAKER,IMO9822906,WDJ6673,52.0,0.0,40.0,12.0,5.5,52.0,A
367776660,2024-12-31T16:24:37,20.07488,-155.90501,3.8,122.0,125.0,MOUNT BAKER,IMO9822906,WDJ6673,52.0,0.0,40.0,12.0,5.5,52.0,A
367776660,2024-12-31T16:32:17,20.07101,-155.89862,3.0,123.0,128.0,MOUNT BAKER,IMO9822906,WDJ6673,52.0,0.0,40.0,12.0,5.5,52.0,A
367776660,2024-12-31T16:45:28,20.06602,-155.89002,2.7,123.4,129.0,MOUNT BAKER,IMO9822906,WDJ6673,52.0,0.0,40.0,12.0,5.5,52.0,A
367776660,2024-12-31T16:46:37,20.06552,-155.88925,2.8,122.0,128.0,MOUNT BAKER,IMO9822906,WDJ6673,52.0,0.0,40.0,12.0,5.5,52.0,A
367776660,2024-12-31T16:47:50,20.06489,-155.88821,3.2,123.9,125.0,MOUNT BAKER,IMO9822906,WDJ6673,52.0,0.0,40.0,12.0,5.5,52.0,A
367776660,2024-12-31T17:03:28,20.05815,-155.87182,4.4,113.3,115.0,MOUNT BAKER,IMO9822906,WDJ6673,52.0,0.0,40.0,12.0,5.5,52.0,A
367776660,2024-12-31T17:21:22,20.04174,-155.83976,5.5,119.7,119.0,MOUNT BAKER,IMO9822906,WDJ6673,52.0,0.0,40.0,12.0,5.5,52.0,A
367776660,2024-12-31T17:29:57,20.03628,-155.8302,3.0,124.8,298.0,MOUNT BAKER,IMO9822906,WDJ6673,52.0,0.0,40.0,12.0,5.5,52.0,A
367776660,2024-12-31T17:57:54,20.03626,-155.82916,0.0,45.7,317.0,MOUNT BAKER,IMO9822906,WDJ6673,52.0,5.0,40.0,12.0,5.5,52.0,A
367776660,2024-12-31T18:12:55,20.03625,-155.82919,0.0,45.7,318.0,MOUNT BAKER,IMO9822906,WDJ6673,52.0,5.0,40.0,12.0,5.5,52.0,A
367776660,2024-12-31T18:48:54,20.03633,-155.8291,0.1,45.7,318.0,MOUNT BAKER,IMO9822906,WDJ6673,52.0,5.0,40.0,12.0,5.5,52.0,A
367776660,2024-12-31T19:24:53,20.03631,-155.82918,0.0,45.7,319.0,MOUNT BAKER,IMO9822906,WDJ6673,52.0,5.0,40.0,12.0,5.5,52.0,A
367776660,2024-12-31T19:40:01,20.03633,-155.82913,0.0,45.7,320.0,MOUNT BAKER,IMO9822906,WDJ6673,52.0,5.0,40.0,12.0,5.5,52.0,A
367776660,2024-12-31T20:03:52,20.0363,-155.8292,0.0,45.7,320.0,MOUNT BAKER,IMO9822906,WDJ6673,52.0,5.0,40.0,12.0,5.5,52.0,A
367776660,2024-12-31T20:24:54,20.03632,-155.82917,0.0,45.7,320.0,MOUNT BAKER,IMO9822906,WDJ6673,52.0,5.0,40.0,12.0,5.5,52.0,A
367776660,2024-12-31T20:27:56,20.03632,-155.82911,0.0,45.7,317.0,MOUNT BAKER,IMO9822906,WDJ6673,52.0,5.0,40.0,12.0,5.5,52.0,A
367776660,2024-12-31T20:54:57,20.03633,-155.82915,0.0,45.7,320.0,MOUNT BAKER,IMO9822906,WDJ6673,52.0,5.0,40.0,12.0,5.5,52.0,A
367776660,2024-12-31T21:27:59,20.03634,-155.82911,0.0,45.7,320.0,MOUNT BAKER,IMO9822906,WDJ6673,52.0,5.0,40.0,12.0,5.5,52.0,A
367776660,2024-12-31T22:12:59,20.03638,-155.82909,0.0,45.7,317.0,MOUNT BAKER,IMO9822906,WDJ6673,52.0,5.0,40.0,12.0,5.5,52.0,A
367776660,2024-12-31T22:24:59,20.03639,-155.82912,0.0,45.7,321.0,MOUNT BAKER,IMO9822906,WDJ6673,52.0,5.0,40.0,12.0,5.5,52.0,A
367776660,2024-12-31T22:42:56,20.03643,-155.82914,0.0,45.7,320.0,MOUNT BAKER,IMO9822906,WDJ6673,52.0,5.0,40.0,12.0,5.5,52.0,A
367776660,2024-12-31T23:06:59,20.03639,-155.82915,0.0,45.7,319.0,MOUNT BAKER,IMO9822906,WDJ6673,52.0,5.0,40.0,12.0,5.5,52.0,A
